"../../../Engine/Plugins/Animation/ACLPlugin/Content/ACLAnimCurveCompressionSettings.uasset" 0
"../../../Engine/Plugins/Animation/ACLPlugin/Content/ACLAnimCurveCompressionSettings.uexp" 1
"../../../Engine/Plugins/Animation/ACLPlugin/Content/ACLAnimBoneCompressionSettings.uasset" 2
"../../../Engine/Plugins/Animation/ACLPlugin/Content/ACLAnimBoneCompressionSettings.uexp" 3
"../../../Engine/Plugins/2D/Paper2D/Content/PlaceholderTextures/DummySpriteTexture.ubulk" 4
"../../../Engine/Plugins/2D/Paper2D/Content/PlaceholderTextures/DummySpriteTexture.uasset" 5
"../../../Engine/Plugins/2D/Paper2D/Content/PlaceholderTextures/DummySpriteTexture.uexp" 6
"../../../Engine/Plugins/2D/Paper2D/Content/DummySprite.uasset" 7
"../../../Engine/Plugins/2D/Paper2D/Content/DummySprite.uexp" 8
"../../../Engine/Plugins/2D/Paper2D/Content/DefaultPaperTerrainMaterial.uasset" 9
"../../../Engine/Plugins/2D/Paper2D/Content/DefaultPaperTerrainMaterial.uexp" 10
"../../../Engine/Content/Animation/DefaultRecorderBoneCompression.uasset" 11
"../../../Engine/Content/Animation/DefaultRecorderBoneCompression.uexp" 12
"C:/UnrealProjects/DedicatedProject/Content/AI/BB_PECharacter.uasset" 13
"C:/UnrealProjects/DedicatedProject/Content/AI/BB_PECharacter.uexp" 14
"C:/UnrealProjects/DedicatedProject/Content/AI/BT_PECharacter.uasset" 15
"C:/UnrealProjects/DedicatedProject/Content/AI/BT_PECharacter.uexp" 16
"../../../Engine/Plugins/Animation/ControlRig/Content/Controls/DefaultGizmoLibraryNormalized.uasset" 17
"../../../Engine/Plugins/Animation/ControlRig/Content/Controls/DefaultGizmoLibraryNormalized.uexp" 18
"../../../Engine/Content/EngineSounds/Master.uasset" 19
"../../../Engine/Content/EngineSounds/Master.uexp" 20
"../../../Engine/Content/EngineMaterials/DefaultPhysicalMaterial.uasset" 21
"../../../Engine/Content/EngineMaterials/DefaultPhysicalMaterial.uexp" 22
"../../../Engine/Content/EngineMaterials/DefaultDestructiblePhysicalMaterial.uasset" 23
"../../../Engine/Content/EngineMaterials/DefaultDestructiblePhysicalMaterial.uexp" 24
"../../../Engine/Content/EngineFonts/Faces/RobotoLight.uexp" 25
"../../../Engine/Content/EngineFonts/Faces/RobotoLight.uasset" 26
"../../../Engine/Content/EngineFonts/Faces/RobotoLight.ufont" 27
"../../../Engine/Content/EngineFonts/Faces/RobotoBold.uexp" 28
"../../../Engine/Content/EngineFonts/Faces/RobotoBold.uasset" 29
"../../../Engine/Content/EngineFonts/Faces/RobotoBold.ufont" 30
"../../../Engine/Content/EngineFonts/Faces/RobotoRegular.uexp" 31
"../../../Engine/Content/EngineFonts/Faces/RobotoRegular.uasset" 32
"../../../Engine/Content/EngineFonts/Faces/RobotoRegular.ufont" 33
"../../../Engine/Content/EngineFonts/Faces/DroidSansFallback.uexp" 34
"../../../Engine/Content/EngineFonts/Faces/DroidSansFallback.uasset" 35
"../../../Engine/Content/EngineFonts/Faces/DroidSansFallback.ufont" 36
"../../../Engine/Content/EngineFonts/Faces/RobotoItalic.uexp" 37
"../../../Engine/Content/EngineFonts/Faces/RobotoItalic.uasset" 38
"../../../Engine/Content/EngineFonts/Faces/RobotoItalic.ufont" 39
"../../../Engine/Content/EngineFonts/Faces/RobotoBoldItalic.uexp" 40
"../../../Engine/Content/EngineFonts/Faces/RobotoBoldItalic.uasset" 41
"../../../Engine/Content/EngineFonts/Faces/RobotoBoldItalic.ufont" 42
"../../../Engine/Content/EngineFonts/Roboto.uasset" 43
"../../../Engine/Content/EngineFonts/Roboto.uexp" 44
"../../../Engine/Plugins/Interchange/Runtime/Content/Pipelines/DefaultTexturePipeline.uasset" 45
"../../../Engine/Plugins/Interchange/Runtime/Content/Pipelines/DefaultTexturePipeline.uexp" 46
"../../../Engine/Plugins/Interchange/Runtime/Content/Pipelines/DefaultSceneLevelPipeline.uasset" 47
"../../../Engine/Plugins/Interchange/Runtime/Content/Pipelines/DefaultSceneLevelPipeline.uexp" 48
"../../../Engine/Plugins/Interchange/Runtime/Content/Pipelines/DefaultSceneAssetsPipeline.uasset" 49
"../../../Engine/Plugins/Interchange/Runtime/Content/Pipelines/DefaultSceneAssetsPipeline.uexp" 50
"../../../Engine/Plugins/Interchange/Runtime/Content/Pipelines/DefaultMaterialXPipeline.uasset" 51
"../../../Engine/Plugins/Interchange/Runtime/Content/Pipelines/DefaultMaterialXPipeline.uexp" 52
"../../../Engine/Plugins/Interchange/Runtime/Content/Pipelines/DefaultMaterialPipeline.uasset" 53
"../../../Engine/Plugins/Interchange/Runtime/Content/Pipelines/DefaultMaterialPipeline.uexp" 54
"../../../Engine/Plugins/Interchange/Runtime/Content/Pipelines/DefaultGLTFSceneAssetsPipeline.uasset" 55
"../../../Engine/Plugins/Interchange/Runtime/Content/Pipelines/DefaultGLTFSceneAssetsPipeline.uexp" 56
"../../../Engine/Plugins/Interchange/Runtime/Content/Pipelines/DefaultGLTFPipeline.uasset" 57
"../../../Engine/Plugins/Interchange/Runtime/Content/Pipelines/DefaultGLTFPipeline.uexp" 58
"../../../Engine/Plugins/Interchange/Runtime/Content/Pipelines/DefaultGLTFAssetsPipeline.uasset" 59
"../../../Engine/Plugins/Interchange/Runtime/Content/Pipelines/DefaultGLTFAssetsPipeline.uexp" 60
"../../../Engine/Plugins/Interchange/Runtime/Content/Pipelines/DefaultAssetsPipeline.uasset" 61
"../../../Engine/Plugins/Interchange/Runtime/Content/Pipelines/DefaultAssetsPipeline.uexp" 62
"../../../Engine/Content/MobileResources/HUD/VirtualJoystick_Background.uasset" 63
"../../../Engine/Content/MobileResources/HUD/VirtualJoystick_Background.uexp" 64
"../../../Engine/Content/MobileResources/HUD/VirtualJoystick_Thumb.uasset" 65
"../../../Engine/Content/MobileResources/HUD/VirtualJoystick_Thumb.uexp" 66
"../../../Engine/Content/MobileResources/HUD/DefaultVirtualJoysticks.uasset" 67
"../../../Engine/Content/MobileResources/HUD/DefaultVirtualJoysticks.uexp" 68
"../../../Engine/Content/EngineResources/GradientTexture0.uasset" 69
"../../../Engine/Content/EngineResources/GradientTexture0.uexp" 70
"../../../Engine/Content/EngineResources/DefaultTexture.ubulk" 71
"../../../Engine/Content/EngineResources/DefaultTexture.uasset" 72
"../../../Engine/Content/EngineResources/DefaultTexture.uexp" 73
"../../../Engine/Content/EngineResources/Black.uasset" 74
"../../../Engine/Content/EngineResources/Black.uexp" 75
"../../../Engine/Content/EngineMaterials/PreintegratedSkinBRDF.uasset" 76
"../../../Engine/Content/EngineMaterials/PreintegratedSkinBRDF.uexp" 77
"../../../Engine/Content/EngineMaterials/MiniFont.uasset" 78
"../../../Engine/Content/EngineMaterials/MiniFont.uexp" 79
"../../../Engine/Content/EngineMaterials/FastBlueNoise_vec2_128x128x64.uasset" 80
"../../../Engine/Content/EngineMaterials/FastBlueNoise_vec2_128x128x64.uexp" 81
"../../../Engine/Content/EngineMaterials/FastBlueNoise_scalar_128x128x64.uasset" 82
"../../../Engine/Content/EngineMaterials/FastBlueNoise_scalar_128x128x64.uexp" 83
"../../../Engine/Content/EngineMaterials/DefaultWhiteGrid.ubulk" 84
"../../../Engine/Content/EngineMaterials/DefaultWhiteGrid.uasset" 85
"../../../Engine/Content/EngineMaterials/DefaultWhiteGrid.uexp" 86
"../../../Engine/Content/EngineMaterials/DefaultBokeh.uasset" 87
"../../../Engine/Content/EngineMaterials/DefaultBokeh.uexp" 88
"../../../Engine/Content/EngineMaterials/DefaultBloomKernel.uasset" 89
"../../../Engine/Content/EngineMaterials/DefaultBloomKernel.uexp" 90
"../../../Engine/Content/EngineDamageTypes/DmgTypeBP_Environmental.uasset" 91
"../../../Engine/Content/EngineDamageTypes/DmgTypeBP_Environmental.uexp" 92
"../../../Engine/Plugins/Runtime/AudioWidgets/Content/Resources/ScrubHandleDown_Clamped.uasset" 93
"../../../Engine/Plugins/Runtime/AudioWidgets/Content/Resources/ScrubHandleDown_Clamped.uexp" 94
"../../../Engine/Content/EngineResources/FilmGrains/Marcie_Grain_v3_128_M2_000.uasset" 95
"../../../Engine/Content/EngineResources/FilmGrains/Marcie_Grain_v3_128_M2_000.uexp" 96
"../../../Engine/Content/EngineMaterials/LTC/Sheen_LTC.uasset" 97
"../../../Engine/Content/EngineMaterials/LTC/Sheen_LTC.uexp" 98
"../../../Engine/Content/EngineMaterials/LTC/GGX_LTCMat.uasset" 99
"../../../Engine/Content/EngineMaterials/LTC/GGX_LTCMat.uexp" 100
"../../../Engine/Content/EngineMaterials/LTC/GGX_LTCAmp.uasset" 101
"../../../Engine/Content/EngineMaterials/LTC/GGX_LTCAmp.uexp" 102
"../../../Engine/Content/EngineMaterials/EnergyConservation/Sheen_Energy.uasset" 103
"../../../Engine/Content/EngineMaterials/EnergyConservation/Sheen_Energy.uexp" 104
"../../../Engine/Content/EngineMaterials/EnergyConservation/SheenLegacy_Energy.uasset" 105
"../../../Engine/Content/EngineMaterials/EnergyConservation/SheenLegacy_Energy.uexp" 106
"../../../Engine/Content/EngineMaterials/EnergyConservation/GGX_TransmissionEnergyArray.uasset" 107
"../../../Engine/Content/EngineMaterials/EnergyConservation/GGX_TransmissionEnergyArray.uexp" 108
"../../../Engine/Content/EngineMaterials/EnergyConservation/GGX_ReflectionEnergy.uasset" 109
"../../../Engine/Content/EngineMaterials/EnergyConservation/GGX_ReflectionEnergy.uexp" 110
"../../../Engine/Content/EngineMaterials/EnergyConservation/Diffuse_Energy.uasset" 111
"../../../Engine/Content/EngineMaterials/EnergyConservation/Diffuse_Energy.uexp" 112
"C:/UnrealProjects/DedicatedProject/Content/BluePrints/Lobby/WB_LobbyUI.uasset" 113
"C:/UnrealProjects/DedicatedProject/Content/BluePrints/Lobby/WB_LobbyUI.uexp" 114
"C:/UnrealProjects/DedicatedProject/Content/BluePrints/Lobby/BP_LobbyPawn.uasset" 115
"C:/UnrealProjects/DedicatedProject/Content/BluePrints/Lobby/BP_LobbyPawn.uexp" 116
"C:/UnrealProjects/DedicatedProject/Content/Asset/StarterBundle/ModularScifiProps/Textures/T_Base_N_normals.ubulk" 117
"C:/UnrealProjects/DedicatedProject/Content/Asset/StarterBundle/ModularScifiProps/Textures/T_Base_N_normals.uasset" 118
"C:/UnrealProjects/DedicatedProject/Content/Asset/StarterBundle/ModularScifiProps/Textures/T_Base_N_normals.uexp" 119
"C:/UnrealProjects/DedicatedProject/Content/Asset/StarterBundle/ModularScifiProps/Textures/T_Base_M.ubulk" 120
"C:/UnrealProjects/DedicatedProject/Content/Asset/StarterBundle/ModularScifiProps/Textures/T_Base_M.uasset" 121
"C:/UnrealProjects/DedicatedProject/Content/Asset/StarterBundle/ModularScifiProps/Textures/T_Base_M.uexp" 122
"C:/UnrealProjects/DedicatedProject/Content/Asset/StarterBundle/ModularScifiProps/Textures/T_CardReader_N_normals.ubulk" 123
"C:/UnrealProjects/DedicatedProject/Content/Asset/StarterBundle/ModularScifiProps/Textures/T_CardReader_N_normals.uasset" 124
"C:/UnrealProjects/DedicatedProject/Content/Asset/StarterBundle/ModularScifiProps/Textures/T_CardReader_N_normals.uexp" 125
"../../../Engine/Content/EngineDebugMaterials/HeatmapGradient.ubulk" 126
"../../../Engine/Content/EngineDebugMaterials/HeatmapGradient.uasset" 127
"../../../Engine/Content/EngineDebugMaterials/HeatmapGradient.uexp" 128
"../../../Engine/Content/Functions/Engine_MaterialFunctions01/ImageAdjustment/CheapContrast_RGB.uasset" 129
"../../../Engine/Content/Functions/Engine_MaterialFunctions01/ImageAdjustment/CheapContrast_RGB.uexp" 130
"C:/UnrealProjects/DedicatedProject/Content/Asset/StarterBundle/ModularScifiProps/Textures/T_Metal_Brushed_M.uasset" 131
"C:/UnrealProjects/DedicatedProject/Content/Asset/StarterBundle/ModularScifiProps/Textures/T_Metal_Brushed_M.uexp" 132
"C:/UnrealProjects/DedicatedProject/Content/Asset/StarterBundle/ModularScifiProps/Textures/T_CardReader_M.ubulk" 133
"C:/UnrealProjects/DedicatedProject/Content/Asset/StarterBundle/ModularScifiProps/Textures/T_CardReader_M.uasset" 134
"C:/UnrealProjects/DedicatedProject/Content/Asset/StarterBundle/ModularScifiProps/Textures/T_CardReader_M.uexp" 135
"C:/UnrealProjects/DedicatedProject/Content/Asset/StarterBundle/ModularScifiProps/Textures/T_Metal_Brushed_N.ubulk" 136
"C:/UnrealProjects/DedicatedProject/Content/Asset/StarterBundle/ModularScifiProps/Textures/T_Metal_Brushed_N.uasset" 137
"C:/UnrealProjects/DedicatedProject/Content/Asset/StarterBundle/ModularScifiProps/Textures/T_Metal_Brushed_N.uexp" 138
"C:/UnrealProjects/DedicatedProject/Content/Asset/StarterBundle/ModularScifiProps/Textures/T_CardReader_Diff.ubulk" 139
"C:/UnrealProjects/DedicatedProject/Content/Asset/StarterBundle/ModularScifiProps/Textures/T_CardReader_Diff.uasset" 140
"C:/UnrealProjects/DedicatedProject/Content/Asset/StarterBundle/ModularScifiProps/Textures/T_CardReader_Diff.uexp" 141
"C:/UnrealProjects/DedicatedProject/Content/Asset/StarterBundle/ModularScifiProps/Textures/T_LampEmissive.ubulk" 142
"C:/UnrealProjects/DedicatedProject/Content/Asset/StarterBundle/ModularScifiProps/Textures/T_LampEmissive.uasset" 143
"C:/UnrealProjects/DedicatedProject/Content/Asset/StarterBundle/ModularScifiProps/Textures/T_LampEmissive.uexp" 144
"C:/UnrealProjects/DedicatedProject/Content/Asset/StarterBundle/ModularScifiProps/Materials/M_Base_3C.uasset" 145
"C:/UnrealProjects/DedicatedProject/Content/Asset/StarterBundle/ModularScifiProps/Materials/M_Base_3C.uexp" 146
"C:/UnrealProjects/DedicatedProject/Content/Asset/StarterBundle/ModularScifiProps/Textures/T_Metal_Scratches_M.uasset" 147
"C:/UnrealProjects/DedicatedProject/Content/Asset/StarterBundle/ModularScifiProps/Textures/T_Metal_Scratches_M.uexp" 148
"C:/UnrealProjects/DedicatedProject/Content/Asset/StarterBundle/ModularScifiProps/Textures/T_Base_Diff.ubulk" 149
"C:/UnrealProjects/DedicatedProject/Content/Asset/StarterBundle/ModularScifiProps/Textures/T_Base_Diff.uasset" 150
"C:/UnrealProjects/DedicatedProject/Content/Asset/StarterBundle/ModularScifiProps/Textures/T_Base_Diff.uexp" 151
"C:/UnrealProjects/DedicatedProject/Content/Asset/StarterBundle/ModularScifiProps/Materials/MI_Base_Dark.uasset" 152
"C:/UnrealProjects/DedicatedProject/Content/Asset/StarterBundle/ModularScifiProps/Materials/MI_Base_Dark.uexp" 153
"C:/UnrealProjects/DedicatedProject/Content/Asset/StarterBundle/ModularScifiProps/Materials/MI_Base_Light.uasset" 154
"C:/UnrealProjects/DedicatedProject/Content/Asset/StarterBundle/ModularScifiProps/Materials/MI_Base_Light.uexp" 155
"C:/UnrealProjects/DedicatedProject/Content/Asset/StarterBundle/ModularScifiProps/Meshes/SM_FloorDiv_A.ubulk" 156
"C:/UnrealProjects/DedicatedProject/Content/Asset/StarterBundle/ModularScifiProps/Meshes/SM_FloorDiv_A.uasset" 157
"C:/UnrealProjects/DedicatedProject/Content/Asset/StarterBundle/ModularScifiProps/Meshes/SM_FloorDiv_A.uexp" 158
"C:/UnrealProjects/DedicatedProject/Content/Asset/StarterBundle/ModularSci_Comm/Materials/M_Base_SolidLight.uasset" 159
"C:/UnrealProjects/DedicatedProject/Content/Asset/StarterBundle/ModularSci_Comm/Materials/M_Base_SolidLight.uexp" 160
"C:/UnrealProjects/DedicatedProject/Content/Asset/StarterBundle/ModularSci_Comm/Materials/MI_Light_White.uasset" 161
"C:/UnrealProjects/DedicatedProject/Content/Asset/StarterBundle/ModularSci_Comm/Materials/MI_Light_White.uexp" 162
"C:/UnrealProjects/DedicatedProject/Content/Asset/StarterBundle/ModularSci_Comm/Textures/Base/T_Base.ubulk" 163
"C:/UnrealProjects/DedicatedProject/Content/Asset/StarterBundle/ModularSci_Comm/Textures/Base/T_Base.uasset" 164
"C:/UnrealProjects/DedicatedProject/Content/Asset/StarterBundle/ModularSci_Comm/Textures/Base/T_Base.uexp" 165
"C:/UnrealProjects/DedicatedProject/Content/Asset/StarterBundle/ModularSci_Comm/Textures/T_Metal_Brushed_N.ubulk" 166
"C:/UnrealProjects/DedicatedProject/Content/Asset/StarterBundle/ModularSci_Comm/Textures/T_Metal_Brushed_N.uasset" 167
"C:/UnrealProjects/DedicatedProject/Content/Asset/StarterBundle/ModularSci_Comm/Textures/T_Metal_Brushed_N.uexp" 168
"C:/UnrealProjects/DedicatedProject/Content/Asset/StarterBundle/ModularSci_Comm/Textures/T_Trims_C_normals.ubulk" 169
"C:/UnrealProjects/DedicatedProject/Content/Asset/StarterBundle/ModularSci_Comm/Textures/T_Trims_C_normals.uasset" 170
"C:/UnrealProjects/DedicatedProject/Content/Asset/StarterBundle/ModularSci_Comm/Textures/T_Trims_C_normals.uexp" 171
"C:/UnrealProjects/DedicatedProject/Content/Asset/StarterBundle/ModularSci_Comm/Textures/T_Metal_Brushed_M.uasset" 172
"C:/UnrealProjects/DedicatedProject/Content/Asset/StarterBundle/ModularSci_Comm/Textures/T_Metal_Brushed_M.uexp" 173
"C:/UnrealProjects/DedicatedProject/Content/Asset/StarterBundle/ModularSci_Comm/Textures/T_Trim_C_diffuse.ubulk" 174
"C:/UnrealProjects/DedicatedProject/Content/Asset/StarterBundle/ModularSci_Comm/Textures/T_Trim_C_diffuse.uasset" 175
"C:/UnrealProjects/DedicatedProject/Content/Asset/StarterBundle/ModularSci_Comm/Textures/T_Trim_C_diffuse.uexp" 176
"C:/UnrealProjects/DedicatedProject/Content/Asset/StarterBundle/ModularSci_Comm/Textures/T_Trim_EdgeMask.ubulk" 177
"C:/UnrealProjects/DedicatedProject/Content/Asset/StarterBundle/ModularSci_Comm/Textures/T_Trim_EdgeMask.uasset" 178
"C:/UnrealProjects/DedicatedProject/Content/Asset/StarterBundle/ModularSci_Comm/Textures/T_Trim_EdgeMask.uexp" 179
"C:/UnrealProjects/DedicatedProject/Content/Asset/StarterBundle/ModularSci_Comm/Materials/M_Base_Trim.uasset" 180
"C:/UnrealProjects/DedicatedProject/Content/Asset/StarterBundle/ModularSci_Comm/Materials/M_Base_Trim.uexp" 181
"C:/UnrealProjects/DedicatedProject/Content/Asset/StarterBundle/ModularSci_Comm/Materials/MI_Trims_C_Light.uasset" 182
"C:/UnrealProjects/DedicatedProject/Content/Asset/StarterBundle/ModularSci_Comm/Materials/MI_Trims_C_Light.uexp" 183
"C:/UnrealProjects/DedicatedProject/Content/Asset/StarterBundle/ModularSci_Comm/Textures/Base/T_Base_Dirt_2.ubulk" 184
"C:/UnrealProjects/DedicatedProject/Content/Asset/StarterBundle/ModularSci_Comm/Textures/Base/T_Base_Dirt_2.uasset" 185
"C:/UnrealProjects/DedicatedProject/Content/Asset/StarterBundle/ModularSci_Comm/Textures/Base/T_Base_Dirt_2.uexp" 186
"C:/UnrealProjects/DedicatedProject/Content/Asset/StarterBundle/ModularSci_Comm/Materials/MI_Trims_C_FloorBlack.uasset" 187
"C:/UnrealProjects/DedicatedProject/Content/Asset/StarterBundle/ModularSci_Comm/Materials/MI_Trims_C_FloorBlack.uexp" 188
"C:/UnrealProjects/DedicatedProject/Content/Asset/StarterBundle/ModularSci_Comm/Meshes/SM_Wall_Border_B.ubulk" 189
"C:/UnrealProjects/DedicatedProject/Content/Asset/StarterBundle/ModularSci_Comm/Meshes/SM_Wall_Border_B.uasset" 190
"C:/UnrealProjects/DedicatedProject/Content/Asset/StarterBundle/ModularSci_Comm/Meshes/SM_Wall_Border_B.uexp" 191
"C:/UnrealProjects/DedicatedProject/Content/Asset/StarterBundle/ModularScifiHallways/Textures/T_Hall_Floor_Sec_D_N_normals.ubulk" 192
"C:/UnrealProjects/DedicatedProject/Content/Asset/StarterBundle/ModularScifiHallways/Textures/T_Hall_Floor_Sec_D_N_normals.uasset" 193
"C:/UnrealProjects/DedicatedProject/Content/Asset/StarterBundle/ModularScifiHallways/Textures/T_Hall_Floor_Sec_D_N_normals.uexp" 194
"C:/UnrealProjects/DedicatedProject/Content/Asset/StarterBundle/ModularScifiHallways/Textures/T_Hall_Floor_Sec_D_Diff.ubulk" 195
"C:/UnrealProjects/DedicatedProject/Content/Asset/StarterBundle/ModularScifiHallways/Textures/T_Hall_Floor_Sec_D_Diff.uasset" 196
"C:/UnrealProjects/DedicatedProject/Content/Asset/StarterBundle/ModularScifiHallways/Textures/T_Hall_Floor_Sec_D_Diff.uexp" 197
"C:/UnrealProjects/DedicatedProject/Content/Asset/StarterBundle/ModularScifiHallways/Textures/T_Ceiling_A_Buffer_M.ubulk" 198
"C:/UnrealProjects/DedicatedProject/Content/Asset/StarterBundle/ModularScifiHallways/Textures/T_Ceiling_A_Buffer_M.uasset" 199
"C:/UnrealProjects/DedicatedProject/Content/Asset/StarterBundle/ModularScifiHallways/Textures/T_Ceiling_A_Buffer_M.uexp" 200
"C:/UnrealProjects/DedicatedProject/Content/Asset/StarterBundle/ModularScifiHallways/Textures/T_Ceiling_A_Buffer_N_normals.ubulk" 201
"C:/UnrealProjects/DedicatedProject/Content/Asset/StarterBundle/ModularScifiHallways/Textures/T_Ceiling_A_Buffer_N_normals.uasset" 202
"C:/UnrealProjects/DedicatedProject/Content/Asset/StarterBundle/ModularScifiHallways/Textures/T_Ceiling_A_Buffer_N_normals.uexp" 203
"C:/UnrealProjects/DedicatedProject/Content/Asset/StarterBundle/ModularScifiHallways/Textures/T_Metal_Scratches_M.uasset" 204
"C:/UnrealProjects/DedicatedProject/Content/Asset/StarterBundle/ModularScifiHallways/Textures/T_Metal_Scratches_M.uexp" 205
"C:/UnrealProjects/DedicatedProject/Content/Asset/StarterBundle/ModularScifiHallways/Textures/T_Metal_Brushed_N.ubulk" 206
"C:/UnrealProjects/DedicatedProject/Content/Asset/StarterBundle/ModularScifiHallways/Textures/T_Metal_Brushed_N.uasset" 207
"C:/UnrealProjects/DedicatedProject/Content/Asset/StarterBundle/ModularScifiHallways/Textures/T_Metal_Brushed_N.uexp" 208
"C:/UnrealProjects/DedicatedProject/Content/Asset/StarterBundle/ModularScifiHallways/Textures/T_Hall_FloorBuffer_M.ubulk" 209
"C:/UnrealProjects/DedicatedProject/Content/Asset/StarterBundle/ModularScifiHallways/Textures/T_Hall_FloorBuffer_M.uasset" 210
"C:/UnrealProjects/DedicatedProject/Content/Asset/StarterBundle/ModularScifiHallways/Textures/T_Hall_FloorBuffer_M.uexp" 211
"C:/UnrealProjects/DedicatedProject/Content/Asset/StarterBundle/ModularScifiHallways/Textures/T_DefaultLight_S.uasset" 212
"C:/UnrealProjects/DedicatedProject/Content/Asset/StarterBundle/ModularScifiHallways/Textures/T_DefaultLight_S.uexp" 213
"C:/UnrealProjects/DedicatedProject/Content/Asset/StarterBundle/ModularScifiHallways/Textures/T_Ceiling_A_Buffer_Diff.ubulk" 214
"C:/UnrealProjects/DedicatedProject/Content/Asset/StarterBundle/ModularScifiHallways/Textures/T_Ceiling_A_Buffer_Diff.uasset" 215
"C:/UnrealProjects/DedicatedProject/Content/Asset/StarterBundle/ModularScifiHallways/Textures/T_Ceiling_A_Buffer_Diff.uexp" 216
"C:/UnrealProjects/DedicatedProject/Content/Asset/StarterBundle/ModularScifiHallways/Materials/M_Base_3C.uasset" 217
"C:/UnrealProjects/DedicatedProject/Content/Asset/StarterBundle/ModularScifiHallways/Materials/M_Base_3C.uexp" 218
"C:/UnrealProjects/DedicatedProject/Content/Asset/StarterBundle/ModularScifiHallways/Textures/T_Hall_Floor_Sec_D_M.ubulk" 219
"C:/UnrealProjects/DedicatedProject/Content/Asset/StarterBundle/ModularScifiHallways/Textures/T_Hall_Floor_Sec_D_M.uasset" 220
"C:/UnrealProjects/DedicatedProject/Content/Asset/StarterBundle/ModularScifiHallways/Textures/T_Hall_Floor_Sec_D_M.uexp" 221
"C:/UnrealProjects/DedicatedProject/Content/Asset/StarterBundle/ModularScifiHallways/Materials/MI_Hall_Floor_Sec_D_M.uasset" 222
"C:/UnrealProjects/DedicatedProject/Content/Asset/StarterBundle/ModularScifiHallways/Materials/MI_Hall_Floor_Sec_D_M.uexp" 223
"C:/UnrealProjects/DedicatedProject/Content/Asset/StarterBundle/ModularScifiHallways/Textures/T_Trims_A_Diff_B.ubulk" 224
"C:/UnrealProjects/DedicatedProject/Content/Asset/StarterBundle/ModularScifiHallways/Textures/T_Trims_A_Diff_B.uasset" 225
"C:/UnrealProjects/DedicatedProject/Content/Asset/StarterBundle/ModularScifiHallways/Textures/T_Trims_A_Diff_B.uexp" 226
"C:/UnrealProjects/DedicatedProject/Content/Asset/StarterBundle/ModularScifiHallways/Textures/T_Trims_A_N_normals.ubulk" 227
"C:/UnrealProjects/DedicatedProject/Content/Asset/StarterBundle/ModularScifiHallways/Textures/T_Trims_A_N_normals.uasset" 228
"C:/UnrealProjects/DedicatedProject/Content/Asset/StarterBundle/ModularScifiHallways/Textures/T_Trims_A_N_normals.uexp" 229
"C:/UnrealProjects/DedicatedProject/Content/Asset/StarterBundle/ModularScifiHallways/Materials/M_Base_2C.uasset" 230
"C:/UnrealProjects/DedicatedProject/Content/Asset/StarterBundle/ModularScifiHallways/Materials/M_Base_2C.uexp" 231
"C:/UnrealProjects/DedicatedProject/Content/Asset/StarterBundle/ModularScifiHallways/Textures/T_Trims_A_M_B.ubulk" 232
"C:/UnrealProjects/DedicatedProject/Content/Asset/StarterBundle/ModularScifiHallways/Textures/T_Trims_A_M_B.uasset" 233
"C:/UnrealProjects/DedicatedProject/Content/Asset/StarterBundle/ModularScifiHallways/Textures/T_Trims_A_M_B.uexp" 234
"C:/UnrealProjects/DedicatedProject/Content/Asset/StarterBundle/ModularScifiHallways/Materials/MI_Trims_AB_M.uasset" 235
"C:/UnrealProjects/DedicatedProject/Content/Asset/StarterBundle/ModularScifiHallways/Materials/MI_Trims_AB_M.uexp" 236
"C:/UnrealProjects/DedicatedProject/Content/Asset/StarterBundle/ModularScifiHallways/Textures/T_Trims_A_Diff.ubulk" 237
"C:/UnrealProjects/DedicatedProject/Content/Asset/StarterBundle/ModularScifiHallways/Textures/T_Trims_A_Diff.uasset" 238
"C:/UnrealProjects/DedicatedProject/Content/Asset/StarterBundle/ModularScifiHallways/Textures/T_Trims_A_Diff.uexp" 239
"C:/UnrealProjects/DedicatedProject/Content/Asset/StarterBundle/ModularScifiHallways/Textures/T_Trims_A_M.ubulk" 240
"C:/UnrealProjects/DedicatedProject/Content/Asset/StarterBundle/ModularScifiHallways/Textures/T_Trims_A_M.uasset" 241
"C:/UnrealProjects/DedicatedProject/Content/Asset/StarterBundle/ModularScifiHallways/Textures/T_Trims_A_M.uexp" 242
"C:/UnrealProjects/DedicatedProject/Content/Asset/StarterBundle/ModularScifiHallways/Materials/MI_Trims_A_M.uasset" 243
"C:/UnrealProjects/DedicatedProject/Content/Asset/StarterBundle/ModularScifiHallways/Materials/MI_Trims_A_M.uexp" 244
"C:/UnrealProjects/DedicatedProject/Content/Asset/StarterBundle/ModularScifiHallways/Meshes/SM_Hall_Floor_Sec_D.ubulk" 245
"C:/UnrealProjects/DedicatedProject/Content/Asset/StarterBundle/ModularScifiHallways/Meshes/SM_Hall_Floor_Sec_D.uasset" 246
"C:/UnrealProjects/DedicatedProject/Content/Asset/StarterBundle/ModularScifiHallways/Meshes/SM_Hall_Floor_Sec_D.uexp" 247
"C:/UnrealProjects/DedicatedProject/Content/Asset/StarterBundle/ModularScifiProps/Materials/M_SolidColor_Base.uasset" 248
"C:/UnrealProjects/DedicatedProject/Content/Asset/StarterBundle/ModularScifiProps/Materials/M_SolidColor_Base.uexp" 249
"C:/UnrealProjects/DedicatedProject/Content/Asset/StarterBundle/ModularScifiProps/Materials/MI_Coaster.uasset" 250
"C:/UnrealProjects/DedicatedProject/Content/Asset/StarterBundle/ModularScifiProps/Materials/MI_Coaster.uexp" 251
"C:/UnrealProjects/DedicatedProject/Content/Asset/StarterBundle/ModularScifiProps/Meshes/SM_Coaster.ubulk" 252
"C:/UnrealProjects/DedicatedProject/Content/Asset/StarterBundle/ModularScifiProps/Meshes/SM_Coaster.uasset" 253
"C:/UnrealProjects/DedicatedProject/Content/Asset/StarterBundle/ModularScifiProps/Meshes/SM_Coaster.uexp" 254
"C:/UnrealProjects/DedicatedProject/Content/Asset/StarterBundle/ModularSci_Comm/Materials/MI_Trims_C_Gray_Dirt.uasset" 255
"C:/UnrealProjects/DedicatedProject/Content/Asset/StarterBundle/ModularSci_Comm/Materials/MI_Trims_C_Gray_Dirt.uexp" 256
"C:/UnrealProjects/DedicatedProject/Content/Asset/StarterBundle/ModularSci_Comm/Textures/Decals/Normals/T_Indent_G_normals.ubulk" 257
"C:/UnrealProjects/DedicatedProject/Content/Asset/StarterBundle/ModularSci_Comm/Textures/Decals/Normals/T_Indent_G_normals.uasset" 258
"C:/UnrealProjects/DedicatedProject/Content/Asset/StarterBundle/ModularSci_Comm/Textures/Decals/Normals/T_Indent_G_normals.uexp" 259
"C:/UnrealProjects/DedicatedProject/Content/Asset/StarterBundle/ModularSci_Comm/Materials/MI_Trims_C_FloorBlack_Det.uasset" 260
"C:/UnrealProjects/DedicatedProject/Content/Asset/StarterBundle/ModularSci_Comm/Materials/MI_Trims_C_FloorBlack_Det.uexp" 261
"C:/UnrealProjects/DedicatedProject/Content/Asset/StarterBundle/ModularSci_Comm/Materials/MI_Trims_C_LightGray.uasset" 262
"C:/UnrealProjects/DedicatedProject/Content/Asset/StarterBundle/ModularSci_Comm/Materials/MI_Trims_C_LightGray.uexp" 263
"C:/UnrealProjects/DedicatedProject/Content/Asset/StarterBundle/ModularSci_Comm/Textures/T_Hexagon.ubulk" 264
"C:/UnrealProjects/DedicatedProject/Content/Asset/StarterBundle/ModularSci_Comm/Textures/T_Hexagon.uasset" 265
"C:/UnrealProjects/DedicatedProject/Content/Asset/StarterBundle/ModularSci_Comm/Textures/T_Hexagon.uexp" 266
"C:/UnrealProjects/DedicatedProject/Content/Asset/StarterBundle/ModularSci_Comm/Textures/T_Metal_Scratches_M.uasset" 267
"C:/UnrealProjects/DedicatedProject/Content/Asset/StarterBundle/ModularSci_Comm/Textures/T_Metal_Scratches_M.uexp" 268
"C:/UnrealProjects/DedicatedProject/Content/Asset/StarterBundle/ModularSci_Comm/Materials/M_SolidColor_Base.uasset" 269
"C:/UnrealProjects/DedicatedProject/Content/Asset/StarterBundle/ModularSci_Comm/Materials/M_SolidColor_Base.uexp" 270
"C:/UnrealProjects/DedicatedProject/Content/Asset/StarterBundle/ModularSci_Comm/Materials/MI_Solid_Black.uasset" 271
"C:/UnrealProjects/DedicatedProject/Content/Asset/StarterBundle/ModularSci_Comm/Materials/MI_Solid_Black.uexp" 272
"C:/UnrealProjects/DedicatedProject/Content/Asset/StarterBundle/ModularSci_Comm/Meshes/SM_Floor_Window_C.ubulk" 273
"C:/UnrealProjects/DedicatedProject/Content/Asset/StarterBundle/ModularSci_Comm/Meshes/SM_Floor_Window_C.uasset" 274
"C:/UnrealProjects/DedicatedProject/Content/Asset/StarterBundle/ModularSci_Comm/Meshes/SM_Floor_Window_C.uexp" 275
"C:/UnrealProjects/DedicatedProject/Content/Asset/StarterBundle/ModularSci_Int/Textures/T_Hall_WDetails_A_Diff.ubulk" 276
"C:/UnrealProjects/DedicatedProject/Content/Asset/StarterBundle/ModularSci_Int/Textures/T_Hall_WDetails_A_Diff.uasset" 277
"C:/UnrealProjects/DedicatedProject/Content/Asset/StarterBundle/ModularSci_Int/Textures/T_Hall_WDetails_A_Diff.uexp" 278
"C:/UnrealProjects/DedicatedProject/Content/Asset/StarterBundle/ModularSci_Int/Textures/T_Hall_WDetails_A_N_normals.ubulk" 279
"C:/UnrealProjects/DedicatedProject/Content/Asset/StarterBundle/ModularSci_Int/Textures/T_Hall_WDetails_A_N_normals.uasset" 280
"C:/UnrealProjects/DedicatedProject/Content/Asset/StarterBundle/ModularSci_Int/Textures/T_Hall_WDetails_A_N_normals.uexp" 281
"C:/UnrealProjects/DedicatedProject/Content/Asset/StarterBundle/ModularSci_Int/Textures/T_Hall_WDetails_A_M.ubulk" 282
"C:/UnrealProjects/DedicatedProject/Content/Asset/StarterBundle/ModularSci_Int/Textures/T_Hall_WDetails_A_M.uasset" 283
"C:/UnrealProjects/DedicatedProject/Content/Asset/StarterBundle/ModularSci_Int/Textures/T_Hall_WDetails_A_M.uexp" 284
"C:/UnrealProjects/DedicatedProject/Content/Asset/StarterBundle/ModularSci_Int/Textures/T_Hall_Door_L_N_normals.ubulk" 285
"C:/UnrealProjects/DedicatedProject/Content/Asset/StarterBundle/ModularSci_Int/Textures/T_Hall_Door_L_N_normals.uasset" 286
"C:/UnrealProjects/DedicatedProject/Content/Asset/StarterBundle/ModularSci_Int/Textures/T_Hall_Door_L_N_normals.uexp" 287
"C:/UnrealProjects/DedicatedProject/Content/Asset/StarterBundle/ModularSci_Int/Textures/T_Hall_Door_Diff.ubulk" 288
"C:/UnrealProjects/DedicatedProject/Content/Asset/StarterBundle/ModularSci_Int/Textures/T_Hall_Door_Diff.uasset" 289
"C:/UnrealProjects/DedicatedProject/Content/Asset/StarterBundle/ModularSci_Int/Textures/T_Hall_Door_Diff.uexp" 290
"C:/UnrealProjects/DedicatedProject/Content/Asset/StarterBundle/ModularSci_Int/Textures/T_DefaultLight_S.uasset" 291
"C:/UnrealProjects/DedicatedProject/Content/Asset/StarterBundle/ModularSci_Int/Textures/T_DefaultLight_S.uexp" 292
"C:/UnrealProjects/DedicatedProject/Content/Asset/StarterBundle/ModularSci_Int/Textures/T_Hall_Door_L_M.ubulk" 293
"C:/UnrealProjects/DedicatedProject/Content/Asset/StarterBundle/ModularSci_Int/Textures/T_Hall_Door_L_M.uasset" 294
"C:/UnrealProjects/DedicatedProject/Content/Asset/StarterBundle/ModularSci_Int/Textures/T_Hall_Door_L_M.uexp" 295
"C:/UnrealProjects/DedicatedProject/Content/Asset/StarterBundle/ModularSci_Int/Textures/T_Metal_Brushed_N.ubulk" 296
"C:/UnrealProjects/DedicatedProject/Content/Asset/StarterBundle/ModularSci_Int/Textures/T_Metal_Brushed_N.uasset" 297
"C:/UnrealProjects/DedicatedProject/Content/Asset/StarterBundle/ModularSci_Int/Textures/T_Metal_Brushed_N.uexp" 298
"C:/UnrealProjects/DedicatedProject/Content/Asset/StarterBundle/ModularSci_Int/Textures/T_Metal_Scratches_M.uasset" 299
"C:/UnrealProjects/DedicatedProject/Content/Asset/StarterBundle/ModularSci_Int/Textures/T_Metal_Scratches_M.uexp" 300
"C:/UnrealProjects/DedicatedProject/Content/Asset/StarterBundle/ModularSci_Int/Materials/M_Base_2C.uasset" 301
"C:/UnrealProjects/DedicatedProject/Content/Asset/StarterBundle/ModularSci_Int/Materials/M_Base_2C.uexp" 302
"C:/UnrealProjects/DedicatedProject/Content/Asset/StarterBundle/ModularSci_Int/Materials/MI_Hall_WDetails_A.uasset" 303
"C:/UnrealProjects/DedicatedProject/Content/Asset/StarterBundle/ModularSci_Int/Materials/MI_Hall_WDetails_A.uexp" 304
"C:/UnrealProjects/DedicatedProject/Content/Asset/StarterBundle/ModularSci_Int/Meshes/SM_Hall_WDetails_A.ubulk" 305
"C:/UnrealProjects/DedicatedProject/Content/Asset/StarterBundle/ModularSci_Int/Meshes/SM_Hall_WDetails_A.uasset" 306
"C:/UnrealProjects/DedicatedProject/Content/Asset/StarterBundle/ModularSci_Int/Meshes/SM_Hall_WDetails_A.uexp" 307
"C:/UnrealProjects/DedicatedProject/Content/Asset/StarterBundle/ModularSci_Comm/Meshes/SM_Floor_Window_D.ubulk" 308
"C:/UnrealProjects/DedicatedProject/Content/Asset/StarterBundle/ModularSci_Comm/Meshes/SM_Floor_Window_D.uasset" 309
"C:/UnrealProjects/DedicatedProject/Content/Asset/StarterBundle/ModularSci_Comm/Meshes/SM_Floor_Window_D.uexp" 310
"C:/UnrealProjects/DedicatedProject/Content/Asset/StarterBundle/ModularScifiProps/Textures/T_AccessCard_M.ubulk" 311
"C:/UnrealProjects/DedicatedProject/Content/Asset/StarterBundle/ModularScifiProps/Textures/T_AccessCard_M.uasset" 312
"C:/UnrealProjects/DedicatedProject/Content/Asset/StarterBundle/ModularScifiProps/Textures/T_AccessCard_M.uexp" 313
"C:/UnrealProjects/DedicatedProject/Content/Asset/StarterBundle/ModularScifiProps/Textures/T_AccessCard.ubulk" 314
"C:/UnrealProjects/DedicatedProject/Content/Asset/StarterBundle/ModularScifiProps/Textures/T_AccessCard.uasset" 315
"C:/UnrealProjects/DedicatedProject/Content/Asset/StarterBundle/ModularScifiProps/Textures/T_AccessCard.uexp" 316
"C:/UnrealProjects/DedicatedProject/Content/Asset/StarterBundle/ModularScifiProps/Materials/MI_AccessCard.uasset" 317
"C:/UnrealProjects/DedicatedProject/Content/Asset/StarterBundle/ModularScifiProps/Materials/MI_AccessCard.uexp" 318
"C:/UnrealProjects/DedicatedProject/Content/Asset/StarterBundle/ModularScifiProps/Meshes/SM_AccessCard.ubulk" 319
"C:/UnrealProjects/DedicatedProject/Content/Asset/StarterBundle/ModularScifiProps/Meshes/SM_AccessCard.uasset" 320
"C:/UnrealProjects/DedicatedProject/Content/Asset/StarterBundle/ModularScifiProps/Meshes/SM_AccessCard.uexp" 321
"C:/UnrealProjects/DedicatedProject/Content/Asset/StarterBundle/ModularScifiHallways/Textures/T_Hall_Wall_Buffer_M.ubulk" 322
"C:/UnrealProjects/DedicatedProject/Content/Asset/StarterBundle/ModularScifiHallways/Textures/T_Hall_Wall_Buffer_M.uasset" 323
"C:/UnrealProjects/DedicatedProject/Content/Asset/StarterBundle/ModularScifiHallways/Textures/T_Hall_Wall_Buffer_M.uexp" 324
"C:/UnrealProjects/DedicatedProject/Content/Asset/StarterBundle/ModularScifiHallways/Textures/T_Hall_Wall_Buffer_Diff.ubulk" 325
"C:/UnrealProjects/DedicatedProject/Content/Asset/StarterBundle/ModularScifiHallways/Textures/T_Hall_Wall_Buffer_Diff.uasset" 326
"C:/UnrealProjects/DedicatedProject/Content/Asset/StarterBundle/ModularScifiHallways/Textures/T_Hall_Wall_Buffer_Diff.uexp" 327
"C:/UnrealProjects/DedicatedProject/Content/Asset/StarterBundle/ModularScifiHallways/Textures/T_Hall_Wall_Buffer_N_normals.ubulk" 328
"C:/UnrealProjects/DedicatedProject/Content/Asset/StarterBundle/ModularScifiHallways/Textures/T_Hall_Wall_Buffer_N_normals.uasset" 329
"C:/UnrealProjects/DedicatedProject/Content/Asset/StarterBundle/ModularScifiHallways/Textures/T_Hall_Wall_Buffer_N_normals.uexp" 330
"C:/UnrealProjects/DedicatedProject/Content/Asset/StarterBundle/ModularScifiHallways/Materials/MI_Hall_WallBuffer_M.uasset" 331
"C:/UnrealProjects/DedicatedProject/Content/Asset/StarterBundle/ModularScifiHallways/Materials/MI_Hall_WallBuffer_M.uexp" 332
"C:/UnrealProjects/DedicatedProject/Content/Asset/StarterBundle/ModularScifiHallways/Meshes/SM_Hall_WallBuffer.ubulk" 333
"C:/UnrealProjects/DedicatedProject/Content/Asset/StarterBundle/ModularScifiHallways/Meshes/SM_Hall_WallBuffer.uasset" 334
"C:/UnrealProjects/DedicatedProject/Content/Asset/StarterBundle/ModularScifiHallways/Meshes/SM_Hall_WallBuffer.uexp" 335
"C:/UnrealProjects/DedicatedProject/Content/Asset/StarterBundle/ModularSciFiMats/Textures/T_Metal_Brushed_M.uasset" 336
"C:/UnrealProjects/DedicatedProject/Content/Asset/StarterBundle/ModularSciFiMats/Textures/T_Metal_Brushed_M.uexp" 337
"C:/UnrealProjects/DedicatedProject/Content/Asset/StarterBundle/ModularSciFiMats/Textures/T_Wall_E_normals.ubulk" 338
"C:/UnrealProjects/DedicatedProject/Content/Asset/StarterBundle/ModularSciFiMats/Textures/T_Wall_E_normals.uasset" 339
"C:/UnrealProjects/DedicatedProject/Content/Asset/StarterBundle/ModularSciFiMats/Textures/T_Wall_E_normals.uexp" 340
"C:/UnrealProjects/DedicatedProject/Content/Asset/StarterBundle/ModularSciFiMats/Textures/T_Wall_E_diff.ubulk" 341
"C:/UnrealProjects/DedicatedProject/Content/Asset/StarterBundle/ModularSciFiMats/Textures/T_Wall_E_diff.uasset" 342
"C:/UnrealProjects/DedicatedProject/Content/Asset/StarterBundle/ModularSciFiMats/Textures/T_Wall_E_diff.uexp" 343
"C:/UnrealProjects/DedicatedProject/Content/Asset/StarterBundle/ModularSciFiMats/Textures/T_Metal_Brushed_N.ubulk" 344
"C:/UnrealProjects/DedicatedProject/Content/Asset/StarterBundle/ModularSciFiMats/Textures/T_Metal_Brushed_N.uasset" 345
"C:/UnrealProjects/DedicatedProject/Content/Asset/StarterBundle/ModularSciFiMats/Textures/T_Metal_Brushed_N.uexp" 346
"C:/UnrealProjects/DedicatedProject/Content/Asset/StarterBundle/ModularSciFiMats/Textures/T_Wall_E_M.ubulk" 347
"C:/UnrealProjects/DedicatedProject/Content/Asset/StarterBundle/ModularSciFiMats/Textures/T_Wall_E_M.uasset" 348
"C:/UnrealProjects/DedicatedProject/Content/Asset/StarterBundle/ModularSciFiMats/Textures/T_Wall_E_M.uexp" 349
"C:/UnrealProjects/DedicatedProject/Content/Asset/StarterBundle/ModularSciFiMats/Materials/M_Base_3C.uasset" 350
"C:/UnrealProjects/DedicatedProject/Content/Asset/StarterBundle/ModularSciFiMats/Materials/M_Base_3C.uexp" 351
"C:/UnrealProjects/DedicatedProject/Content/Asset/StarterBundle/ModularSciFiMats/Textures/T_Trims_A_diff.ubulk" 352
"C:/UnrealProjects/DedicatedProject/Content/Asset/StarterBundle/ModularSciFiMats/Textures/T_Trims_A_diff.uasset" 353
"C:/UnrealProjects/DedicatedProject/Content/Asset/StarterBundle/ModularSciFiMats/Textures/T_Trims_A_diff.uexp" 354
"C:/UnrealProjects/DedicatedProject/Content/Asset/StarterBundle/ModularSciFiMats/Textures/T_Trims_A_ML.ubulk" 355
"C:/UnrealProjects/DedicatedProject/Content/Asset/StarterBundle/ModularSciFiMats/Textures/T_Trims_A_ML.uasset" 356
"C:/UnrealProjects/DedicatedProject/Content/Asset/StarterBundle/ModularSciFiMats/Textures/T_Trims_A_ML.uexp" 357
"C:/UnrealProjects/DedicatedProject/Content/Asset/StarterBundle/ModularSciFiMats/Textures/T_Trims_A_normals.ubulk" 358
"C:/UnrealProjects/DedicatedProject/Content/Asset/StarterBundle/ModularSciFiMats/Textures/T_Trims_A_normals.uasset" 359
"C:/UnrealProjects/DedicatedProject/Content/Asset/StarterBundle/ModularSciFiMats/Textures/T_Trims_A_normals.uexp" 360
"C:/UnrealProjects/DedicatedProject/Content/Asset/StarterBundle/ModularSciFiMats/Materials/Instances/MI_Trims_A.uasset" 361
"C:/UnrealProjects/DedicatedProject/Content/Asset/StarterBundle/ModularSciFiMats/Materials/Instances/MI_Trims_A.uexp" 362
"C:/UnrealProjects/DedicatedProject/Content/Asset/StarterBundle/ModularScifiHallways/Textures/T_Hall_FloorEdge_M.ubulk" 363
"C:/UnrealProjects/DedicatedProject/Content/Asset/StarterBundle/ModularScifiHallways/Textures/T_Hall_FloorEdge_M.uasset" 364
"C:/UnrealProjects/DedicatedProject/Content/Asset/StarterBundle/ModularScifiHallways/Textures/T_Hall_FloorEdge_M.uexp" 365
"C:/UnrealProjects/DedicatedProject/Content/Asset/StarterBundle/ModularScifiHallways/Textures/T_Hall_FloorEdge_Diff.ubulk" 366
"C:/UnrealProjects/DedicatedProject/Content/Asset/StarterBundle/ModularScifiHallways/Textures/T_Hall_FloorEdge_Diff.uasset" 367
"C:/UnrealProjects/DedicatedProject/Content/Asset/StarterBundle/ModularScifiHallways/Textures/T_Hall_FloorEdge_Diff.uexp" 368
"C:/UnrealProjects/DedicatedProject/Content/Asset/StarterBundle/ModularScifiHallways/Textures/T_Hall_FloorEdge_N_normals.ubulk" 369
"C:/UnrealProjects/DedicatedProject/Content/Asset/StarterBundle/ModularScifiHallways/Textures/T_Hall_FloorEdge_N_normals.uasset" 370
"C:/UnrealProjects/DedicatedProject/Content/Asset/StarterBundle/ModularScifiHallways/Textures/T_Hall_FloorEdge_N_normals.uexp" 371
"C:/UnrealProjects/DedicatedProject/Content/Asset/StarterBundle/ModularScifiHallways/Materials/MI_Hall_FloorEdge_M.uasset" 372
"C:/UnrealProjects/DedicatedProject/Content/Asset/StarterBundle/ModularScifiHallways/Materials/MI_Hall_FloorEdge_M.uexp" 373
"C:/UnrealProjects/DedicatedProject/Content/Asset/StarterBundle/ModularScifiHallways/Meshes/SM_Hall_FloorEdge.ubulk" 374
"C:/UnrealProjects/DedicatedProject/Content/Asset/StarterBundle/ModularScifiHallways/Meshes/SM_Hall_FloorEdge.uasset" 375
"C:/UnrealProjects/DedicatedProject/Content/Asset/StarterBundle/ModularScifiHallways/Meshes/SM_Hall_FloorEdge.uexp" 376
"C:/UnrealProjects/DedicatedProject/Content/Asset/StarterBundle/ModularScifiProps/Materials/M_SolidLight_Parent.uasset" 377
"C:/UnrealProjects/DedicatedProject/Content/Asset/StarterBundle/ModularScifiProps/Materials/M_SolidLight_Parent.uexp" 378
"C:/UnrealProjects/DedicatedProject/Content/Asset/StarterBundle/ModularScifiProps/Materials/MI_Light_Red.uasset" 379
"C:/UnrealProjects/DedicatedProject/Content/Asset/StarterBundle/ModularScifiProps/Materials/MI_Light_Red.uexp" 380
"C:/UnrealProjects/DedicatedProject/Content/Asset/StarterBundle/ModularScifiProps/Materials/MI_CardReader.uasset" 381
"C:/UnrealProjects/DedicatedProject/Content/Asset/StarterBundle/ModularScifiProps/Materials/MI_CardReader.uexp" 382
"C:/UnrealProjects/DedicatedProject/Content/Asset/StarterBundle/ModularScifiProps/Materials/MI_Light_Green_Unlit.uasset" 383
"C:/UnrealProjects/DedicatedProject/Content/Asset/StarterBundle/ModularScifiProps/Materials/MI_Light_Green_Unlit.uexp" 384
"C:/UnrealProjects/DedicatedProject/Content/Asset/StarterBundle/ModularScifiProps/Meshes/SM_CardReader.ubulk" 385
"C:/UnrealProjects/DedicatedProject/Content/Asset/StarterBundle/ModularScifiProps/Meshes/SM_CardReader.uasset" 386
"C:/UnrealProjects/DedicatedProject/Content/Asset/StarterBundle/ModularScifiProps/Meshes/SM_CardReader.uexp" 387
"C:/UnrealProjects/DedicatedProject/Content/Asset/StarterBundle/ModularScifiProps/Materials/MI_PlasticCup.uasset" 388
"C:/UnrealProjects/DedicatedProject/Content/Asset/StarterBundle/ModularScifiProps/Materials/MI_PlasticCup.uexp" 389
"C:/UnrealProjects/DedicatedProject/Content/Asset/StarterBundle/ModularScifiProps/Materials/MI_LampLight_Off.uasset" 390
"C:/UnrealProjects/DedicatedProject/Content/Asset/StarterBundle/ModularScifiProps/Materials/MI_LampLight_Off.uexp" 391
"C:/UnrealProjects/DedicatedProject/Content/Asset/StarterBundle/ModularScifiHallways/Textures/T_Hall_Doorway_L_M.ubulk" 392
"C:/UnrealProjects/DedicatedProject/Content/Asset/StarterBundle/ModularScifiHallways/Textures/T_Hall_Doorway_L_M.uasset" 393
"C:/UnrealProjects/DedicatedProject/Content/Asset/StarterBundle/ModularScifiHallways/Textures/T_Hall_Doorway_L_M.uexp" 394
"C:/UnrealProjects/DedicatedProject/Content/Asset/StarterBundle/ModularScifiHallways/Textures/T_Hall_Doorway_L_N_normals.ubulk" 395
"C:/UnrealProjects/DedicatedProject/Content/Asset/StarterBundle/ModularScifiHallways/Textures/T_Hall_Doorway_L_N_normals.uasset" 396
"C:/UnrealProjects/DedicatedProject/Content/Asset/StarterBundle/ModularScifiHallways/Textures/T_Hall_Doorway_L_N_normals.uexp" 397
"C:/UnrealProjects/DedicatedProject/Content/Asset/StarterBundle/ModularScifiHallways/Textures/T_Hall_Doorway_L_Diff.ubulk" 398
"C:/UnrealProjects/DedicatedProject/Content/Asset/StarterBundle/ModularScifiHallways/Textures/T_Hall_Doorway_L_Diff.uasset" 399
"C:/UnrealProjects/DedicatedProject/Content/Asset/StarterBundle/ModularScifiHallways/Textures/T_Hall_Doorway_L_Diff.uexp" 400
"C:/UnrealProjects/DedicatedProject/Content/Asset/StarterBundle/ModularScifiHallways/Materials/MI_Hall_Doorway_L_M.uasset" 401
"C:/UnrealProjects/DedicatedProject/Content/Asset/StarterBundle/ModularScifiHallways/Materials/MI_Hall_Doorway_L_M.uexp" 402
"C:/UnrealProjects/DedicatedProject/Content/Asset/StarterBundle/ModularScifiHallways/Meshes/SM_Hall_Doorway_L.ubulk" 403
"C:/UnrealProjects/DedicatedProject/Content/Asset/StarterBundle/ModularScifiHallways/Meshes/SM_Hall_Doorway_L.uasset" 404
"C:/UnrealProjects/DedicatedProject/Content/Asset/StarterBundle/ModularScifiHallways/Meshes/SM_Hall_Doorway_L.uexp" 405
"C:/UnrealProjects/DedicatedProject/Content/Asset/StarterBundle/ModularSci_Comm/Materials/MI_Trims_C_Dark.uasset" 406
"C:/UnrealProjects/DedicatedProject/Content/Asset/StarterBundle/ModularSci_Comm/Materials/MI_Trims_C_Dark.uexp" 407
"C:/UnrealProjects/DedicatedProject/Content/Asset/StarterBundle/ModularSci_Comm/Meshes/SM_Wall_Corner_A.ubulk" 408
"C:/UnrealProjects/DedicatedProject/Content/Asset/StarterBundle/ModularSci_Comm/Meshes/SM_Wall_Corner_A.uasset" 409
"C:/UnrealProjects/DedicatedProject/Content/Asset/StarterBundle/ModularSci_Comm/Meshes/SM_Wall_Corner_A.uexp" 410
"C:/UnrealProjects/DedicatedProject/Content/Asset/StarterBundle/ModularSci_Comm/Materials/MI_Trims_C_DarkGray.uasset" 411
"C:/UnrealProjects/DedicatedProject/Content/Asset/StarterBundle/ModularSci_Comm/Materials/MI_Trims_C_DarkGray.uexp" 412
"C:/UnrealProjects/DedicatedProject/Content/Asset/StarterBundle/ModularSci_Comm/Materials/MI_Trims_C_Red.uasset" 413
"C:/UnrealProjects/DedicatedProject/Content/Asset/StarterBundle/ModularSci_Comm/Materials/MI_Trims_C_Red.uexp" 414
"C:/UnrealProjects/DedicatedProject/Content/Asset/StarterBundle/ModularSci_Comm/Meshes/SM_Wall_A.ubulk" 415
"C:/UnrealProjects/DedicatedProject/Content/Asset/StarterBundle/ModularSci_Comm/Meshes/SM_Wall_A.uasset" 416
"C:/UnrealProjects/DedicatedProject/Content/Asset/StarterBundle/ModularSci_Comm/Meshes/SM_Wall_A.uexp" 417
"C:/UnrealProjects/DedicatedProject/Content/Asset/StarterBundle/ModularSci_Comm/Textures/Base/T_Base_Dirt.ubulk" 418
"C:/UnrealProjects/DedicatedProject/Content/Asset/StarterBundle/ModularSci_Comm/Textures/Base/T_Base_Dirt.uasset" 419
"C:/UnrealProjects/DedicatedProject/Content/Asset/StarterBundle/ModularSci_Comm/Textures/Base/T_Base_Dirt.uexp" 420
"C:/UnrealProjects/DedicatedProject/Content/Asset/StarterBundle/ModularSci_Comm/Materials/MI_Solid_White.uasset" 421
"C:/UnrealProjects/DedicatedProject/Content/Asset/StarterBundle/ModularSci_Comm/Materials/MI_Solid_White.uexp" 422
"C:/UnrealProjects/DedicatedProject/Content/Asset/StarterBundle/ModularSci_Comm/Textures/T_Carbon.ubulk" 423
"C:/UnrealProjects/DedicatedProject/Content/Asset/StarterBundle/ModularSci_Comm/Textures/T_Carbon.uasset" 424
"C:/UnrealProjects/DedicatedProject/Content/Asset/StarterBundle/ModularSci_Comm/Textures/T_Carbon.uexp" 425
"C:/UnrealProjects/DedicatedProject/Content/Asset/StarterBundle/ModularSci_Comm/Materials/MI_Solid_White_2.uasset" 426
"C:/UnrealProjects/DedicatedProject/Content/Asset/StarterBundle/ModularSci_Comm/Materials/MI_Solid_White_2.uexp" 427
"C:/UnrealProjects/DedicatedProject/Content/Asset/StarterBundle/ModularSci_Int/Textures/T_Pipes_A_Diff.ubulk" 428
"C:/UnrealProjects/DedicatedProject/Content/Asset/StarterBundle/ModularSci_Int/Textures/T_Pipes_A_Diff.uasset" 429
"C:/UnrealProjects/DedicatedProject/Content/Asset/StarterBundle/ModularSci_Int/Textures/T_Pipes_A_Diff.uexp" 430
"C:/UnrealProjects/DedicatedProject/Content/Asset/StarterBundle/ModularSci_Int/Textures/T_Pipes_A_N_normals.ubulk" 431
"C:/UnrealProjects/DedicatedProject/Content/Asset/StarterBundle/ModularSci_Int/Textures/T_Pipes_A_N_normals.uasset" 432
"C:/UnrealProjects/DedicatedProject/Content/Asset/StarterBundle/ModularSci_Int/Textures/T_Pipes_A_N_normals.uexp" 433
"C:/UnrealProjects/DedicatedProject/Content/Asset/StarterBundle/ModularSci_Int/Textures/T_Pipes_A_M.ubulk" 434
"C:/UnrealProjects/DedicatedProject/Content/Asset/StarterBundle/ModularSci_Int/Textures/T_Pipes_A_M.uasset" 435
"C:/UnrealProjects/DedicatedProject/Content/Asset/StarterBundle/ModularSci_Int/Textures/T_Pipes_A_M.uexp" 436
"C:/UnrealProjects/DedicatedProject/Content/Asset/StarterBundle/ModularSci_Int/Materials/MI_Pipes_A.uasset" 437
"C:/UnrealProjects/DedicatedProject/Content/Asset/StarterBundle/ModularSci_Int/Materials/MI_Pipes_A.uexp" 438
"C:/UnrealProjects/DedicatedProject/Content/Asset/StarterBundle/ModularSci_Int/Textures/T_Trims_B_Diff_B.ubulk" 439
"C:/UnrealProjects/DedicatedProject/Content/Asset/StarterBundle/ModularSci_Int/Textures/T_Trims_B_Diff_B.uasset" 440
"C:/UnrealProjects/DedicatedProject/Content/Asset/StarterBundle/ModularSci_Int/Textures/T_Trims_B_Diff_B.uexp" 441
"C:/UnrealProjects/DedicatedProject/Content/Asset/StarterBundle/ModularSci_Int/Textures/T_Trims_B_N_normals.ubulk" 442
"C:/UnrealProjects/DedicatedProject/Content/Asset/StarterBundle/ModularSci_Int/Textures/T_Trims_B_N_normals.uasset" 443
"C:/UnrealProjects/DedicatedProject/Content/Asset/StarterBundle/ModularSci_Int/Textures/T_Trims_B_N_normals.uexp" 444
"C:/UnrealProjects/DedicatedProject/Content/Asset/StarterBundle/ModularSci_Int/Textures/T_Trims_B_M_B.ubulk" 445
"C:/UnrealProjects/DedicatedProject/Content/Asset/StarterBundle/ModularSci_Int/Textures/T_Trims_B_M_B.uasset" 446
"C:/UnrealProjects/DedicatedProject/Content/Asset/StarterBundle/ModularSci_Int/Textures/T_Trims_B_M_B.uexp" 447
"C:/UnrealProjects/DedicatedProject/Content/Asset/StarterBundle/ModularSci_Int/Materials/MI_Trims_B_2.uasset" 448
"C:/UnrealProjects/DedicatedProject/Content/Asset/StarterBundle/ModularSci_Int/Materials/MI_Trims_B_2.uexp" 449
"C:/UnrealProjects/DedicatedProject/Content/Asset/StarterBundle/ModularSci_Int/Meshes/SM_Pipe_Wall_A.ubulk" 450
"C:/UnrealProjects/DedicatedProject/Content/Asset/StarterBundle/ModularSci_Int/Meshes/SM_Pipe_Wall_A.uasset" 451
"C:/UnrealProjects/DedicatedProject/Content/Asset/StarterBundle/ModularSci_Int/Meshes/SM_Pipe_Wall_A.uexp" 452
"C:/UnrealProjects/DedicatedProject/Content/Asset/StarterBundle/ModularSci_Comm/Materials/MI_Trims_C_Black.uasset" 453
"C:/UnrealProjects/DedicatedProject/Content/Asset/StarterBundle/ModularSci_Comm/Materials/MI_Trims_C_Black.uexp" 454
"C:/UnrealProjects/DedicatedProject/Content/Asset/StarterBundle/ModularSci_Comm/Materials/MI_Light_Orange.uasset" 455
"C:/UnrealProjects/DedicatedProject/Content/Asset/StarterBundle/ModularSci_Comm/Materials/MI_Light_Orange.uexp" 456
"C:/UnrealProjects/DedicatedProject/Content/Asset/StarterBundle/ModularSci_Comm/Textures/T_Lights_EM.ubulk" 457
"C:/UnrealProjects/DedicatedProject/Content/Asset/StarterBundle/ModularSci_Comm/Textures/T_Lights_EM.uasset" 458
"C:/UnrealProjects/DedicatedProject/Content/Asset/StarterBundle/ModularSci_Comm/Textures/T_Lights_EM.uexp" 459
"C:/UnrealProjects/DedicatedProject/Content/Asset/StarterBundle/ModularSci_Comm/Materials/M_Lights.uasset" 460
"C:/UnrealProjects/DedicatedProject/Content/Asset/StarterBundle/ModularSci_Comm/Materials/M_Lights.uexp" 461
"C:/UnrealProjects/DedicatedProject/Content/Asset/StarterBundle/ModularSci_Comm/Materials/MI_Lights_A.uasset" 462
"C:/UnrealProjects/DedicatedProject/Content/Asset/StarterBundle/ModularSci_Comm/Materials/MI_Lights_A.uexp" 463
"C:/UnrealProjects/DedicatedProject/Content/Asset/StarterBundle/ModularSci_Comm/Meshes/SM_Terminal_A.ubulk" 464
"C:/UnrealProjects/DedicatedProject/Content/Asset/StarterBundle/ModularSci_Comm/Meshes/SM_Terminal_A.uasset" 465
"C:/UnrealProjects/DedicatedProject/Content/Asset/StarterBundle/ModularSci_Comm/Meshes/SM_Terminal_A.uexp" 466
"C:/UnrealProjects/DedicatedProject/Content/Asset/StarterBundle/ModularSci_Int/Textures/T_Trims_B_Diff.ubulk" 467
"C:/UnrealProjects/DedicatedProject/Content/Asset/StarterBundle/ModularSci_Int/Textures/T_Trims_B_Diff.uasset" 468
"C:/UnrealProjects/DedicatedProject/Content/Asset/StarterBundle/ModularSci_Int/Textures/T_Trims_B_Diff.uexp" 469
"C:/UnrealProjects/DedicatedProject/Content/Asset/StarterBundle/ModularSci_Int/Textures/T_Trims_B_M.ubulk" 470
"C:/UnrealProjects/DedicatedProject/Content/Asset/StarterBundle/ModularSci_Int/Textures/T_Trims_B_M.uasset" 471
"C:/UnrealProjects/DedicatedProject/Content/Asset/StarterBundle/ModularSci_Int/Textures/T_Trims_B_M.uexp" 472
"C:/UnrealProjects/DedicatedProject/Content/Asset/StarterBundle/ModularSci_Int/Materials/MI_Trims_B.uasset" 473
"C:/UnrealProjects/DedicatedProject/Content/Asset/StarterBundle/ModularSci_Int/Materials/MI_Trims_B.uexp" 474
"C:/UnrealProjects/DedicatedProject/Content/Asset/StarterBundle/ModularSci_Int/Meshes/SM_CeilingEdge_A.ubulk" 475
"C:/UnrealProjects/DedicatedProject/Content/Asset/StarterBundle/ModularSci_Int/Meshes/SM_CeilingEdge_A.uasset" 476
"C:/UnrealProjects/DedicatedProject/Content/Asset/StarterBundle/ModularSci_Int/Meshes/SM_CeilingEdge_A.uexp" 477
"C:/UnrealProjects/DedicatedProject/Content/Asset/StarterBundle/ModularSci_Int/Materials/M_Base_3C.uasset" 478
"C:/UnrealProjects/DedicatedProject/Content/Asset/StarterBundle/ModularSci_Int/Materials/M_Base_3C.uexp" 479
"C:/UnrealProjects/DedicatedProject/Content/Asset/StarterBundle/ModularSci_Int/Textures/T_WallBuffer_B_Diff.ubulk" 480
"C:/UnrealProjects/DedicatedProject/Content/Asset/StarterBundle/ModularSci_Int/Textures/T_WallBuffer_B_Diff.uasset" 481
"C:/UnrealProjects/DedicatedProject/Content/Asset/StarterBundle/ModularSci_Int/Textures/T_WallBuffer_B_Diff.uexp" 482
"C:/UnrealProjects/DedicatedProject/Content/Asset/StarterBundle/ModularSci_Int/Textures/T_WallBuffer_B_normals.ubulk" 483
"C:/UnrealProjects/DedicatedProject/Content/Asset/StarterBundle/ModularSci_Int/Textures/T_WallBuffer_B_normals.uasset" 484
"C:/UnrealProjects/DedicatedProject/Content/Asset/StarterBundle/ModularSci_Int/Textures/T_WallBuffer_B_normals.uexp" 485
"C:/UnrealProjects/DedicatedProject/Content/Asset/StarterBundle/ModularSci_Int/Textures/T_WallBuffer_B_M.ubulk" 486
"C:/UnrealProjects/DedicatedProject/Content/Asset/StarterBundle/ModularSci_Int/Textures/T_WallBuffer_B_M.uasset" 487
"C:/UnrealProjects/DedicatedProject/Content/Asset/StarterBundle/ModularSci_Int/Textures/T_WallBuffer_B_M.uexp" 488
"C:/UnrealProjects/DedicatedProject/Content/Asset/StarterBundle/ModularSci_Int/Materials/MI_WallBuffer_B.uasset" 489
"C:/UnrealProjects/DedicatedProject/Content/Asset/StarterBundle/ModularSci_Int/Materials/MI_WallBuffer_B.uexp" 490
"C:/UnrealProjects/DedicatedProject/Content/Asset/StarterBundle/ModularSci_Int/Materials/MI_Pipes_A_Med.uasset" 491
"C:/UnrealProjects/DedicatedProject/Content/Asset/StarterBundle/ModularSci_Int/Materials/MI_Pipes_A_Med.uexp" 492
"C:/UnrealProjects/DedicatedProject/Content/Asset/StarterBundle/ModularSci_Int/Meshes/SM_WallBuffer_B.ubulk" 493
"C:/UnrealProjects/DedicatedProject/Content/Asset/StarterBundle/ModularSci_Int/Meshes/SM_WallBuffer_B.uasset" 494
"C:/UnrealProjects/DedicatedProject/Content/Asset/StarterBundle/ModularSci_Int/Meshes/SM_WallBuffer_B.uexp" 495
"C:/UnrealProjects/DedicatedProject/Content/Asset/StarterBundle/ModularScifiProps/Materials/MI_Base_Light2.uasset" 496
"C:/UnrealProjects/DedicatedProject/Content/Asset/StarterBundle/ModularScifiProps/Materials/MI_Base_Light2.uexp" 497
"C:/UnrealProjects/DedicatedProject/Content/Asset/StarterBundle/ModularScifiProps/Textures/T_Keypad_UI_Login.ubulk" 498
"C:/UnrealProjects/DedicatedProject/Content/Asset/StarterBundle/ModularScifiProps/Textures/T_Keypad_UI_Login.uasset" 499
"C:/UnrealProjects/DedicatedProject/Content/Asset/StarterBundle/ModularScifiProps/Textures/T_Keypad_UI_Login.uexp" 500
"C:/UnrealProjects/DedicatedProject/Content/Asset/StarterBundle/ModularScifiProps/Textures/T_UI_HandScanner.ubulk" 501
"C:/UnrealProjects/DedicatedProject/Content/Asset/StarterBundle/ModularScifiProps/Textures/T_UI_HandScanner.uasset" 502
"C:/UnrealProjects/DedicatedProject/Content/Asset/StarterBundle/ModularScifiProps/Textures/T_UI_HandScanner.uexp" 503
"C:/UnrealProjects/DedicatedProject/Content/Asset/StarterBundle/ModularScifiProps/Textures/T_UI_Details_a.ubulk" 504
"C:/UnrealProjects/DedicatedProject/Content/Asset/StarterBundle/ModularScifiProps/Textures/T_UI_Details_a.uasset" 505
"C:/UnrealProjects/DedicatedProject/Content/Asset/StarterBundle/ModularScifiProps/Textures/T_UI_Details_a.uexp" 506
"C:/UnrealProjects/DedicatedProject/Content/Asset/StarterBundle/ModularScifiProps/Materials/M_UIScreen_Parent.uasset" 507
"C:/UnrealProjects/DedicatedProject/Content/Asset/StarterBundle/ModularScifiProps/Materials/M_UIScreen_Parent.uexp" 508
"C:/UnrealProjects/DedicatedProject/Content/Asset/StarterBundle/ModularScifiProps/Textures/T_HandScanner_UI.uasset" 509
"C:/UnrealProjects/DedicatedProject/Content/Asset/StarterBundle/ModularScifiProps/Textures/T_HandScanner_UI.uexp" 510
"C:/UnrealProjects/DedicatedProject/Content/Asset/StarterBundle/ModularScifiProps/Materials/MI_HandScanner_Screen.uasset" 511
"C:/UnrealProjects/DedicatedProject/Content/Asset/StarterBundle/ModularScifiProps/Materials/MI_HandScanner_Screen.uexp" 512
"C:/UnrealProjects/DedicatedProject/Content/Asset/StarterBundle/ModularSci_Comm/Textures/T_Hexagon_Norm.ubulk" 513
"C:/UnrealProjects/DedicatedProject/Content/Asset/StarterBundle/ModularSci_Comm/Textures/T_Hexagon_Norm.uasset" 514
"C:/UnrealProjects/DedicatedProject/Content/Asset/StarterBundle/ModularSci_Comm/Textures/T_Hexagon_Norm.uexp" 515
"C:/UnrealProjects/DedicatedProject/Content/Asset/StarterBundle/ModularSci_Comm/Textures/T_Hexagon_M.ubulk" 516
"C:/UnrealProjects/DedicatedProject/Content/Asset/StarterBundle/ModularSci_Comm/Textures/T_Hexagon_M.uasset" 517
"C:/UnrealProjects/DedicatedProject/Content/Asset/StarterBundle/ModularSci_Comm/Textures/T_Hexagon_M.uexp" 518
"C:/UnrealProjects/DedicatedProject/Content/Asset/StarterBundle/ModularSci_Comm/Materials/M_Reg_Glass.uasset" 519
"C:/UnrealProjects/DedicatedProject/Content/Asset/StarterBundle/ModularSci_Comm/Materials/M_Reg_Glass.uexp" 520
"C:/UnrealProjects/DedicatedProject/Content/Asset/StarterBundle/ModularSci_Comm/Materials/MI_Glass_Ceiling.uasset" 521
"C:/UnrealProjects/DedicatedProject/Content/Asset/StarterBundle/ModularSci_Comm/Materials/MI_Glass_Ceiling.uexp" 522
"C:/UnrealProjects/DedicatedProject/Content/Asset/StarterBundle/ModularSci_Comm/Materials/MI_ShinyBlack.uasset" 523
"C:/UnrealProjects/DedicatedProject/Content/Asset/StarterBundle/ModularSci_Comm/Materials/MI_ShinyBlack.uexp" 524
"C:/UnrealProjects/DedicatedProject/Content/Asset/StarterBundle/ModularSci_Comm/Materials/MI_Trims_C_Gray.uasset" 525
"C:/UnrealProjects/DedicatedProject/Content/Asset/StarterBundle/ModularSci_Comm/Materials/MI_Trims_C_Gray.uexp" 526
"C:/UnrealProjects/DedicatedProject/Content/Asset/StarterBundle/ModularSci_Comm/Meshes/SM_Floor_Panel_A2.ubulk" 527
"C:/UnrealProjects/DedicatedProject/Content/Asset/StarterBundle/ModularSci_Comm/Meshes/SM_Floor_Panel_A2.uasset" 528
"C:/UnrealProjects/DedicatedProject/Content/Asset/StarterBundle/ModularSci_Comm/Meshes/SM_Floor_Panel_A2.uexp" 529
"C:/UnrealProjects/DedicatedProject/Content/Asset/StarterBundle/ModularScifiProps/Textures/T_Screw_N_normals.ubulk" 530
"C:/UnrealProjects/DedicatedProject/Content/Asset/StarterBundle/ModularScifiProps/Textures/T_Screw_N_normals.uasset" 531
"C:/UnrealProjects/DedicatedProject/Content/Asset/StarterBundle/ModularScifiProps/Textures/T_Screw_N_normals.uexp" 532
"C:/UnrealProjects/DedicatedProject/Content/Asset/StarterBundle/ModularScifiProps/Textures/T_Screw_Diff.ubulk" 533
"C:/UnrealProjects/DedicatedProject/Content/Asset/StarterBundle/ModularScifiProps/Textures/T_Screw_Diff.uasset" 534
"C:/UnrealProjects/DedicatedProject/Content/Asset/StarterBundle/ModularScifiProps/Textures/T_Screw_Diff.uexp" 535
"C:/UnrealProjects/DedicatedProject/Content/Asset/StarterBundle/ModularScifiProps/Materials/MI_Screw.uasset" 536
"C:/UnrealProjects/DedicatedProject/Content/Asset/StarterBundle/ModularScifiProps/Materials/MI_Screw.uexp" 537
"C:/UnrealProjects/DedicatedProject/Content/Asset/StarterBundle/ModularScifiProps/Materials/M_Reg_Glass.uasset" 538
"C:/UnrealProjects/DedicatedProject/Content/Asset/StarterBundle/ModularScifiProps/Materials/M_Reg_Glass.uexp" 539
"C:/UnrealProjects/DedicatedProject/Content/Asset/StarterBundle/ModularScifiProps/Materials/MI_Reg_Glass_Light.uasset" 540
"C:/UnrealProjects/DedicatedProject/Content/Asset/StarterBundle/ModularScifiProps/Materials/MI_Reg_Glass_Light.uexp" 541
"C:/UnrealProjects/DedicatedProject/Content/Asset/StarterBundle/ModularScifiProps/Meshes/SM_Wall_B_Glass.ubulk" 542
"C:/UnrealProjects/DedicatedProject/Content/Asset/StarterBundle/ModularScifiProps/Meshes/SM_Wall_B_Glass.uasset" 543
"C:/UnrealProjects/DedicatedProject/Content/Asset/StarterBundle/ModularScifiProps/Meshes/SM_Wall_B_Glass.uexp" 544
"C:/UnrealProjects/DedicatedProject/Content/Asset/StarterBundle/ModularSci_Comm/Materials/MI_Glass_Light.uasset" 545
"C:/UnrealProjects/DedicatedProject/Content/Asset/StarterBundle/ModularSci_Comm/Materials/MI_Glass_Light.uexp" 546
"C:/UnrealProjects/DedicatedProject/Content/Asset/StarterBundle/ModularScifiProps/Materials/MI_Base_Gray.uasset" 547
"C:/UnrealProjects/DedicatedProject/Content/Asset/StarterBundle/ModularScifiProps/Materials/MI_Base_Gray.uexp" 548
"C:/UnrealProjects/DedicatedProject/Content/Asset/StarterBundle/ModularSci_Comm/Meshes/SM_Windows_B.ubulk" 549
"C:/UnrealProjects/DedicatedProject/Content/Asset/StarterBundle/ModularSci_Comm/Meshes/SM_Windows_B.uasset" 550
"C:/UnrealProjects/DedicatedProject/Content/Asset/StarterBundle/ModularSci_Comm/Meshes/SM_Windows_B.uexp" 551
"C:/UnrealProjects/DedicatedProject/Content/Asset/StarterBundle/ModularSci_Comm/Meshes/SM_Wall_Border_A.ubulk" 552
"C:/UnrealProjects/DedicatedProject/Content/Asset/StarterBundle/ModularSci_Comm/Meshes/SM_Wall_Border_A.uasset" 553
"C:/UnrealProjects/DedicatedProject/Content/Asset/StarterBundle/ModularSci_Comm/Meshes/SM_Wall_Border_A.uexp" 554
"C:/UnrealProjects/DedicatedProject/Content/Asset/StarterBundle/ModularSci_Comm/Textures/T_Trims_B_ML.ubulk" 555
"C:/UnrealProjects/DedicatedProject/Content/Asset/StarterBundle/ModularSci_Comm/Textures/T_Trims_B_ML.uasset" 556
"C:/UnrealProjects/DedicatedProject/Content/Asset/StarterBundle/ModularSci_Comm/Textures/T_Trims_B_ML.uexp" 557
"C:/UnrealProjects/DedicatedProject/Content/Asset/StarterBundle/ModularSci_Comm/Textures/T_Trims_B_normals.ubulk" 558
"C:/UnrealProjects/DedicatedProject/Content/Asset/StarterBundle/ModularSci_Comm/Textures/T_Trims_B_normals.uasset" 559
"C:/UnrealProjects/DedicatedProject/Content/Asset/StarterBundle/ModularSci_Comm/Textures/T_Trims_B_normals.uexp" 560
"C:/UnrealProjects/DedicatedProject/Content/Asset/StarterBundle/ModularSci_Comm/Textures/T_Trims_B_Diff.ubulk" 561
"C:/UnrealProjects/DedicatedProject/Content/Asset/StarterBundle/ModularSci_Comm/Textures/T_Trims_B_Diff.uasset" 562
"C:/UnrealProjects/DedicatedProject/Content/Asset/StarterBundle/ModularSci_Comm/Textures/T_Trims_B_Diff.uexp" 563
"C:/UnrealProjects/DedicatedProject/Content/Asset/StarterBundle/ModularSci_Comm/Textures/T_Trims_A_diff.ubulk" 564
"C:/UnrealProjects/DedicatedProject/Content/Asset/StarterBundle/ModularSci_Comm/Textures/T_Trims_A_diff.uasset" 565
"C:/UnrealProjects/DedicatedProject/Content/Asset/StarterBundle/ModularSci_Comm/Textures/T_Trims_A_diff.uexp" 566
"C:/UnrealProjects/DedicatedProject/Content/Asset/StarterBundle/ModularSci_Comm/Textures/T_Trims_A_normals.ubulk" 567
"C:/UnrealProjects/DedicatedProject/Content/Asset/StarterBundle/ModularSci_Comm/Textures/T_Trims_A_normals.uasset" 568
"C:/UnrealProjects/DedicatedProject/Content/Asset/StarterBundle/ModularSci_Comm/Textures/T_Trims_A_normals.uexp" 569
"C:/UnrealProjects/DedicatedProject/Content/Asset/StarterBundle/ModularSci_Comm/Textures/T_Trims_A_M.ubulk" 570
"C:/UnrealProjects/DedicatedProject/Content/Asset/StarterBundle/ModularSci_Comm/Textures/T_Trims_A_M.uasset" 571
"C:/UnrealProjects/DedicatedProject/Content/Asset/StarterBundle/ModularSci_Comm/Textures/T_Trims_A_M.uexp" 572
"C:/UnrealProjects/DedicatedProject/Content/Asset/StarterBundle/ModularSci_Comm/Materials/M_Base_3C.uasset" 573
"C:/UnrealProjects/DedicatedProject/Content/Asset/StarterBundle/ModularSci_Comm/Materials/M_Base_3C.uexp" 574
"C:/UnrealProjects/DedicatedProject/Content/Asset/StarterBundle/ModularSci_Comm/Materials/MI_Trims_B_Red.uasset" 575
"C:/UnrealProjects/DedicatedProject/Content/Asset/StarterBundle/ModularSci_Comm/Materials/MI_Trims_B_Red.uexp" 576
"C:/UnrealProjects/DedicatedProject/Content/Asset/StarterBundle/ModularScifiHallways/Textures/T_Pipes_A_M.ubulk" 577
"C:/UnrealProjects/DedicatedProject/Content/Asset/StarterBundle/ModularScifiHallways/Textures/T_Pipes_A_M.uasset" 578
"C:/UnrealProjects/DedicatedProject/Content/Asset/StarterBundle/ModularScifiHallways/Textures/T_Pipes_A_M.uexp" 579
"C:/UnrealProjects/DedicatedProject/Content/Asset/StarterBundle/ModularScifiHallways/Textures/T_Pipes_A_N_normals.ubulk" 580
"C:/UnrealProjects/DedicatedProject/Content/Asset/StarterBundle/ModularScifiHallways/Textures/T_Pipes_A_N_normals.uasset" 581
"C:/UnrealProjects/DedicatedProject/Content/Asset/StarterBundle/ModularScifiHallways/Textures/T_Pipes_A_N_normals.uexp" 582
"C:/UnrealProjects/DedicatedProject/Content/Asset/StarterBundle/ModularScifiHallways/Textures/T_Pipes_A_Diff.ubulk" 583
"C:/UnrealProjects/DedicatedProject/Content/Asset/StarterBundle/ModularScifiHallways/Textures/T_Pipes_A_Diff.uasset" 584
"C:/UnrealProjects/DedicatedProject/Content/Asset/StarterBundle/ModularScifiHallways/Textures/T_Pipes_A_Diff.uexp" 585
"C:/UnrealProjects/DedicatedProject/Content/Asset/StarterBundle/ModularScifiHallways/Materials/MI_Pipes_A_M.uasset" 586
"C:/UnrealProjects/DedicatedProject/Content/Asset/StarterBundle/ModularScifiHallways/Materials/MI_Pipes_A_M.uexp" 587
"C:/UnrealProjects/DedicatedProject/Content/Asset/StarterBundle/ModularScifiHallways/Meshes/SM_Hall_Win_Rails_B.ubulk" 588
"C:/UnrealProjects/DedicatedProject/Content/Asset/StarterBundle/ModularScifiHallways/Meshes/SM_Hall_Win_Rails_B.uasset" 589
"C:/UnrealProjects/DedicatedProject/Content/Asset/StarterBundle/ModularScifiHallways/Meshes/SM_Hall_Win_Rails_B.uexp" 590
"C:/UnrealProjects/DedicatedProject/Content/Asset/StarterBundle/ModularScifiProps/Meshes/SM_Ceiling_B.ubulk" 591
"C:/UnrealProjects/DedicatedProject/Content/Asset/StarterBundle/ModularScifiProps/Meshes/SM_Ceiling_B.uasset" 592
"C:/UnrealProjects/DedicatedProject/Content/Asset/StarterBundle/ModularScifiProps/Meshes/SM_Ceiling_B.uexp" 593
"C:/UnrealProjects/DedicatedProject/Content/Asset/StarterBundle/ModularSci_Comm/Materials/MI_Solid_DarkGray.uasset" 594
"C:/UnrealProjects/DedicatedProject/Content/Asset/StarterBundle/ModularSci_Comm/Materials/MI_Solid_DarkGray.uexp" 595
"C:/UnrealProjects/DedicatedProject/Content/Asset/StarterBundle/ModularSci_Comm/Meshes/SM_Wall_Det_DoorBig_E.ubulk" 596
"C:/UnrealProjects/DedicatedProject/Content/Asset/StarterBundle/ModularSci_Comm/Meshes/SM_Wall_Det_DoorBig_E.uasset" 597
"C:/UnrealProjects/DedicatedProject/Content/Asset/StarterBundle/ModularSci_Comm/Meshes/SM_Wall_Det_DoorBig_E.uexp" 598
"C:/UnrealProjects/DedicatedProject/Content/Asset/StarterBundle/ModularScifiProps/Textures/T_ExternalStorage_Diff.ubulk" 599
"C:/UnrealProjects/DedicatedProject/Content/Asset/StarterBundle/ModularScifiProps/Textures/T_ExternalStorage_Diff.uasset" 600
"C:/UnrealProjects/DedicatedProject/Content/Asset/StarterBundle/ModularScifiProps/Textures/T_ExternalStorage_Diff.uexp" 601
"C:/UnrealProjects/DedicatedProject/Content/Asset/StarterBundle/ModularScifiProps/Textures/T_ExternalStorage_M.ubulk" 602
"C:/UnrealProjects/DedicatedProject/Content/Asset/StarterBundle/ModularScifiProps/Textures/T_ExternalStorage_M.uasset" 603
"C:/UnrealProjects/DedicatedProject/Content/Asset/StarterBundle/ModularScifiProps/Textures/T_ExternalStorage_M.uexp" 604
"C:/UnrealProjects/DedicatedProject/Content/Asset/StarterBundle/ModularScifiProps/Textures/T_ExternalStorage_N_normals.ubulk" 605
"C:/UnrealProjects/DedicatedProject/Content/Asset/StarterBundle/ModularScifiProps/Textures/T_ExternalStorage_N_normals.uasset" 606
"C:/UnrealProjects/DedicatedProject/Content/Asset/StarterBundle/ModularScifiProps/Textures/T_ExternalStorage_N_normals.uexp" 607
"C:/UnrealProjects/DedicatedProject/Content/Asset/StarterBundle/ModularScifiProps/Materials/MI_MobileStorage3.uasset" 608
"C:/UnrealProjects/DedicatedProject/Content/Asset/StarterBundle/ModularScifiProps/Materials/MI_MobileStorage3.uexp" 609
"C:/UnrealProjects/DedicatedProject/Content/Asset/StarterBundle/ModularScifiProps/Meshes/SM_Floor_C.ubulk" 610
"C:/UnrealProjects/DedicatedProject/Content/Asset/StarterBundle/ModularScifiProps/Meshes/SM_Floor_C.uasset" 611
"C:/UnrealProjects/DedicatedProject/Content/Asset/StarterBundle/ModularScifiProps/Meshes/SM_Floor_C.uexp" 612
"C:/UnrealProjects/DedicatedProject/Content/Asset/StarterBundle/ModularScifiProps/Meshes/SM_Floor_A.ubulk" 613
"C:/UnrealProjects/DedicatedProject/Content/Asset/StarterBundle/ModularScifiProps/Meshes/SM_Floor_A.uasset" 614
"C:/UnrealProjects/DedicatedProject/Content/Asset/StarterBundle/ModularScifiProps/Meshes/SM_Floor_A.uexp" 615
"C:/UnrealProjects/DedicatedProject/Content/Asset/StarterBundle/ModularScifiProps/Textures/T_TempControl_M.ubulk" 616
"C:/UnrealProjects/DedicatedProject/Content/Asset/StarterBundle/ModularScifiProps/Textures/T_TempControl_M.uasset" 617
"C:/UnrealProjects/DedicatedProject/Content/Asset/StarterBundle/ModularScifiProps/Textures/T_TempControl_M.uexp" 618
"C:/UnrealProjects/DedicatedProject/Content/Asset/StarterBundle/ModularScifiProps/Textures/T_TempControl_N_normals.ubulk" 619
"C:/UnrealProjects/DedicatedProject/Content/Asset/StarterBundle/ModularScifiProps/Textures/T_TempControl_N_normals.uasset" 620
"C:/UnrealProjects/DedicatedProject/Content/Asset/StarterBundle/ModularScifiProps/Textures/T_TempControl_N_normals.uexp" 621
"C:/UnrealProjects/DedicatedProject/Content/Asset/StarterBundle/ModularScifiProps/Textures/T_TempControl_Diff.ubulk" 622
"C:/UnrealProjects/DedicatedProject/Content/Asset/StarterBundle/ModularScifiProps/Textures/T_TempControl_Diff.uasset" 623
"C:/UnrealProjects/DedicatedProject/Content/Asset/StarterBundle/ModularScifiProps/Textures/T_TempControl_Diff.uexp" 624
"C:/UnrealProjects/DedicatedProject/Content/Asset/StarterBundle/ModularScifiProps/Materials/MI_TempControl.uasset" 625
"C:/UnrealProjects/DedicatedProject/Content/Asset/StarterBundle/ModularScifiProps/Materials/MI_TempControl.uexp" 626
"C:/UnrealProjects/DedicatedProject/Content/Asset/StarterBundle/ModularScifiProps/Textures/T_TempDisplay.ubulk" 627
"C:/UnrealProjects/DedicatedProject/Content/Asset/StarterBundle/ModularScifiProps/Textures/T_TempDisplay.uasset" 628
"C:/UnrealProjects/DedicatedProject/Content/Asset/StarterBundle/ModularScifiProps/Textures/T_TempDisplay.uexp" 629
"C:/UnrealProjects/DedicatedProject/Content/Asset/StarterBundle/ModularScifiProps/Materials/MI_TempControl_Screen.uasset" 630
"C:/UnrealProjects/DedicatedProject/Content/Asset/StarterBundle/ModularScifiProps/Materials/MI_TempControl_Screen.uexp" 631
"C:/UnrealProjects/DedicatedProject/Content/Asset/StarterBundle/ModularScifiProps/Meshes/SM_TempControl.ubulk" 632
"C:/UnrealProjects/DedicatedProject/Content/Asset/StarterBundle/ModularScifiProps/Meshes/SM_TempControl.uasset" 633
"C:/UnrealProjects/DedicatedProject/Content/Asset/StarterBundle/ModularScifiProps/Meshes/SM_TempControl.uexp" 634
"C:/UnrealProjects/DedicatedProject/Content/Asset/StarterBundle/ModularScifiProps/Textures/T_Laptop_Desktop.uasset" 635
"C:/UnrealProjects/DedicatedProject/Content/Asset/StarterBundle/ModularScifiProps/Textures/T_Laptop_Desktop.uexp" 636
"C:/UnrealProjects/DedicatedProject/Content/Asset/StarterBundle/ModularScifiProps/Materials/MI_Laptop_Desktop.uasset" 637
"C:/UnrealProjects/DedicatedProject/Content/Asset/StarterBundle/ModularScifiProps/Materials/MI_Laptop_Desktop.uexp" 638
"C:/UnrealProjects/DedicatedProject/Content/Asset/StarterBundle/ModularSci_Comm/Textures/T_Trims_A_ML.ubulk" 639
"C:/UnrealProjects/DedicatedProject/Content/Asset/StarterBundle/ModularSci_Comm/Textures/T_Trims_A_ML.uasset" 640
"C:/UnrealProjects/DedicatedProject/Content/Asset/StarterBundle/ModularSci_Comm/Textures/T_Trims_A_ML.uexp" 641
"C:/UnrealProjects/DedicatedProject/Content/Asset/StarterBundle/ModularSci_Comm/Materials/MI_Trims_A_Black.uasset" 642
"C:/UnrealProjects/DedicatedProject/Content/Asset/StarterBundle/ModularSci_Comm/Materials/MI_Trims_A_Black.uexp" 643
"C:/UnrealProjects/DedicatedProject/Content/Asset/StarterBundle/ModularSci_Comm/Meshes/SM_Ceiling_Main_C.ubulk" 644
"C:/UnrealProjects/DedicatedProject/Content/Asset/StarterBundle/ModularSci_Comm/Meshes/SM_Ceiling_Main_C.uasset" 645
"C:/UnrealProjects/DedicatedProject/Content/Asset/StarterBundle/ModularSci_Comm/Meshes/SM_Ceiling_Main_C.uexp" 646
"C:/UnrealProjects/DedicatedProject/Content/Asset/StarterBundle/ModularSci_Comm/Meshes/SM_Floor_Center_A3.ubulk" 647
"C:/UnrealProjects/DedicatedProject/Content/Asset/StarterBundle/ModularSci_Comm/Meshes/SM_Floor_Center_A3.uasset" 648
"C:/UnrealProjects/DedicatedProject/Content/Asset/StarterBundle/ModularSci_Comm/Meshes/SM_Floor_Center_A3.uexp" 649
"C:/UnrealProjects/DedicatedProject/Content/Asset/StarterBundle/ModularScifiProps/Materials/MI_MobileStorage.uasset" 650
"C:/UnrealProjects/DedicatedProject/Content/Asset/StarterBundle/ModularScifiProps/Materials/MI_MobileStorage.uexp" 651
"C:/UnrealProjects/DedicatedProject/Content/Asset/StarterBundle/ModularScifiProps/Materials/MI_Light_Green_Brighter.uasset" 652
"C:/UnrealProjects/DedicatedProject/Content/Asset/StarterBundle/ModularScifiProps/Materials/MI_Light_Green_Brighter.uexp" 653
"C:/UnrealProjects/DedicatedProject/Content/Asset/StarterBundle/ModularScifiProps/Meshes/SM_MobileStorage.ubulk" 654
"C:/UnrealProjects/DedicatedProject/Content/Asset/StarterBundle/ModularScifiProps/Meshes/SM_MobileStorage.uasset" 655
"C:/UnrealProjects/DedicatedProject/Content/Asset/StarterBundle/ModularScifiProps/Meshes/SM_MobileStorage.uexp" 656
"C:/UnrealProjects/DedicatedProject/Content/Asset/StarterBundle/ModularScifiHallways/Textures/T_Crate_A_M.ubulk" 657
"C:/UnrealProjects/DedicatedProject/Content/Asset/StarterBundle/ModularScifiHallways/Textures/T_Crate_A_M.uasset" 658
"C:/UnrealProjects/DedicatedProject/Content/Asset/StarterBundle/ModularScifiHallways/Textures/T_Crate_A_M.uexp" 659
"C:/UnrealProjects/DedicatedProject/Content/Asset/StarterBundle/ModularScifiHallways/Textures/T_Crate_A_Diff.uasset" 660
"C:/UnrealProjects/DedicatedProject/Content/Asset/StarterBundle/ModularScifiHallways/Textures/T_Crate_A_Diff.uexp" 661
"C:/UnrealProjects/DedicatedProject/Content/Asset/StarterBundle/ModularScifiHallways/Textures/T_Crate_A_N_normals.ubulk" 662
"C:/UnrealProjects/DedicatedProject/Content/Asset/StarterBundle/ModularScifiHallways/Textures/T_Crate_A_N_normals.uasset" 663
"C:/UnrealProjects/DedicatedProject/Content/Asset/StarterBundle/ModularScifiHallways/Textures/T_Crate_A_N_normals.uexp" 664
"C:/UnrealProjects/DedicatedProject/Content/Asset/StarterBundle/ModularScifiHallways/Materials/MI_Crate_A_M.uasset" 665
"C:/UnrealProjects/DedicatedProject/Content/Asset/StarterBundle/ModularScifiHallways/Materials/MI_Crate_A_M.uexp" 666
"C:/UnrealProjects/DedicatedProject/Content/Asset/StarterBundle/ModularScifiHallways/Meshes/SM_Crate_A3.ubulk" 667
"C:/UnrealProjects/DedicatedProject/Content/Asset/StarterBundle/ModularScifiHallways/Meshes/SM_Crate_A3.uasset" 668
"C:/UnrealProjects/DedicatedProject/Content/Asset/StarterBundle/ModularScifiHallways/Meshes/SM_Crate_A3.uexp" 669
"C:/UnrealProjects/DedicatedProject/Content/Asset/StarterBundle/ModularScifiHallways/Meshes/SM_Pipes_GRP_A.ubulk" 670
"C:/UnrealProjects/DedicatedProject/Content/Asset/StarterBundle/ModularScifiHallways/Meshes/SM_Pipes_GRP_A.uasset" 671
"C:/UnrealProjects/DedicatedProject/Content/Asset/StarterBundle/ModularScifiHallways/Meshes/SM_Pipes_GRP_A.uexp" 672
"C:/UnrealProjects/DedicatedProject/Content/Asset/StarterBundle/ModularSci_Int/Textures/T_Hall_Wall_C_M.ubulk" 673
"C:/UnrealProjects/DedicatedProject/Content/Asset/StarterBundle/ModularSci_Int/Textures/T_Hall_Wall_C_M.uasset" 674
"C:/UnrealProjects/DedicatedProject/Content/Asset/StarterBundle/ModularSci_Int/Textures/T_Hall_Wall_C_M.uexp" 675
"C:/UnrealProjects/DedicatedProject/Content/Asset/StarterBundle/ModularSci_Int/Textures/T_Hall_Wall_C_Diff.ubulk" 676
"C:/UnrealProjects/DedicatedProject/Content/Asset/StarterBundle/ModularSci_Int/Textures/T_Hall_Wall_C_Diff.uasset" 677
"C:/UnrealProjects/DedicatedProject/Content/Asset/StarterBundle/ModularSci_Int/Textures/T_Hall_Wall_C_Diff.uexp" 678
"C:/UnrealProjects/DedicatedProject/Content/Asset/StarterBundle/ModularSci_Int/Textures/T_Hall_Wall_C_N_normals.ubulk" 679
"C:/UnrealProjects/DedicatedProject/Content/Asset/StarterBundle/ModularSci_Int/Textures/T_Hall_Wall_C_N_normals.uasset" 680
"C:/UnrealProjects/DedicatedProject/Content/Asset/StarterBundle/ModularSci_Int/Textures/T_Hall_Wall_C_N_normals.uexp" 681
"C:/UnrealProjects/DedicatedProject/Content/Asset/StarterBundle/ModularSci_Int/Materials/MI_Hall_Wall_C_3.uasset" 682
"C:/UnrealProjects/DedicatedProject/Content/Asset/StarterBundle/ModularSci_Int/Materials/MI_Hall_Wall_C_3.uexp" 683
"C:/UnrealProjects/DedicatedProject/Content/Asset/StarterBundle/ModularSci_Int/Meshes/SM_Hall_Wall_C_3.ubulk" 684
"C:/UnrealProjects/DedicatedProject/Content/Asset/StarterBundle/ModularSci_Int/Meshes/SM_Hall_Wall_C_3.uasset" 685
"C:/UnrealProjects/DedicatedProject/Content/Asset/StarterBundle/ModularSci_Int/Meshes/SM_Hall_Wall_C_3.uexp" 686
"C:/UnrealProjects/DedicatedProject/Content/Asset/StarterBundle/ModularScifiProps/Materials/MI_Light_Wireless_On.uasset" 687
"C:/UnrealProjects/DedicatedProject/Content/Asset/StarterBundle/ModularScifiProps/Materials/MI_Light_Wireless_On.uexp" 688
"C:/UnrealProjects/DedicatedProject/Content/Asset/StarterBundle/ModularScifiProps/Textures/T_WirelessBooster_Diff.ubulk" 689
"C:/UnrealProjects/DedicatedProject/Content/Asset/StarterBundle/ModularScifiProps/Textures/T_WirelessBooster_Diff.uasset" 690
"C:/UnrealProjects/DedicatedProject/Content/Asset/StarterBundle/ModularScifiProps/Textures/T_WirelessBooster_Diff.uexp" 691
"C:/UnrealProjects/DedicatedProject/Content/Asset/StarterBundle/ModularScifiProps/Textures/T_WirelessBooster_M.ubulk" 692
"C:/UnrealProjects/DedicatedProject/Content/Asset/StarterBundle/ModularScifiProps/Textures/T_WirelessBooster_M.uasset" 693
"C:/UnrealProjects/DedicatedProject/Content/Asset/StarterBundle/ModularScifiProps/Textures/T_WirelessBooster_M.uexp" 694
"C:/UnrealProjects/DedicatedProject/Content/Asset/StarterBundle/ModularScifiProps/Textures/T_WirelessBooster_N_normals.ubulk" 695
"C:/UnrealProjects/DedicatedProject/Content/Asset/StarterBundle/ModularScifiProps/Textures/T_WirelessBooster_N_normals.uasset" 696
"C:/UnrealProjects/DedicatedProject/Content/Asset/StarterBundle/ModularScifiProps/Textures/T_WirelessBooster_N_normals.uexp" 697
"C:/UnrealProjects/DedicatedProject/Content/Asset/StarterBundle/ModularScifiProps/Materials/MI_WirelessBooster.uasset" 698
"C:/UnrealProjects/DedicatedProject/Content/Asset/StarterBundle/ModularScifiProps/Materials/MI_WirelessBooster.uexp" 699
"C:/UnrealProjects/DedicatedProject/Content/Asset/StarterBundle/ModularScifiProps/Materials/MI_Light_Wireless_Off.uasset" 700
"C:/UnrealProjects/DedicatedProject/Content/Asset/StarterBundle/ModularScifiProps/Materials/MI_Light_Wireless_Off.uexp" 701
"C:/UnrealProjects/DedicatedProject/Content/Asset/StarterBundle/ModularScifiProps/Meshes/SM_WirelessB_On.ubulk" 702
"C:/UnrealProjects/DedicatedProject/Content/Asset/StarterBundle/ModularScifiProps/Meshes/SM_WirelessB_On.uasset" 703
"C:/UnrealProjects/DedicatedProject/Content/Asset/StarterBundle/ModularScifiProps/Meshes/SM_WirelessB_On.uexp" 704
"C:/UnrealProjects/DedicatedProject/Content/Asset/StarterBundle/ModularScifiProps/Materials/MI_MobileStorage2.uasset" 705
"C:/UnrealProjects/DedicatedProject/Content/Asset/StarterBundle/ModularScifiProps/Materials/MI_MobileStorage2.uexp" 706
"C:/UnrealProjects/DedicatedProject/Content/Asset/StarterBundle/ModularSci_Comm/Materials/MI_Trims_C_Dark_Dirt.uasset" 707
"C:/UnrealProjects/DedicatedProject/Content/Asset/StarterBundle/ModularSci_Comm/Materials/MI_Trims_C_Dark_Dirt.uexp" 708
"C:/UnrealProjects/DedicatedProject/Content/Asset/StarterBundle/ModularScifiHallways/Textures/T_Hall_Doorway_Panel_N_normals.ubulk" 709
"C:/UnrealProjects/DedicatedProject/Content/Asset/StarterBundle/ModularScifiHallways/Textures/T_Hall_Doorway_Panel_N_normals.uasset" 710
"C:/UnrealProjects/DedicatedProject/Content/Asset/StarterBundle/ModularScifiHallways/Textures/T_Hall_Doorway_Panel_N_normals.uexp" 711
"C:/UnrealProjects/DedicatedProject/Content/Asset/StarterBundle/ModularScifiHallways/Textures/T_Hall_Doorway_Panel_Diff.ubulk" 712
"C:/UnrealProjects/DedicatedProject/Content/Asset/StarterBundle/ModularScifiHallways/Textures/T_Hall_Doorway_Panel_Diff.uasset" 713
"C:/UnrealProjects/DedicatedProject/Content/Asset/StarterBundle/ModularScifiHallways/Textures/T_Hall_Doorway_Panel_Diff.uexp" 714
"C:/UnrealProjects/DedicatedProject/Content/Asset/StarterBundle/ModularScifiHallways/Textures/T_Hall_Doorway_Panel_M.ubulk" 715
"C:/UnrealProjects/DedicatedProject/Content/Asset/StarterBundle/ModularScifiHallways/Textures/T_Hall_Doorway_Panel_M.uasset" 716
"C:/UnrealProjects/DedicatedProject/Content/Asset/StarterBundle/ModularScifiHallways/Textures/T_Hall_Doorway_Panel_M.uexp" 717
"C:/UnrealProjects/DedicatedProject/Content/Asset/StarterBundle/ModularScifiHallways/Materials/MI_Hall_Doorway_Panel_M.uasset" 718
"C:/UnrealProjects/DedicatedProject/Content/Asset/StarterBundle/ModularScifiHallways/Materials/MI_Hall_Doorway_Panel_M.uexp" 719
"C:/UnrealProjects/DedicatedProject/Content/Asset/StarterBundle/ModularScifiHallways/Meshes/SM_Hall_Doorway_Panel.ubulk" 720
"C:/UnrealProjects/DedicatedProject/Content/Asset/StarterBundle/ModularScifiHallways/Meshes/SM_Hall_Doorway_Panel.uasset" 721
"C:/UnrealProjects/DedicatedProject/Content/Asset/StarterBundle/ModularScifiHallways/Meshes/SM_Hall_Doorway_Panel.uexp" 722
"C:/UnrealProjects/DedicatedProject/Content/Asset/StarterBundle/ModularScifiProps/Textures/T_Desk_A_N_b_normals.ubulk" 723
"C:/UnrealProjects/DedicatedProject/Content/Asset/StarterBundle/ModularScifiProps/Textures/T_Desk_A_N_b_normals.uasset" 724
"C:/UnrealProjects/DedicatedProject/Content/Asset/StarterBundle/ModularScifiProps/Textures/T_Desk_A_N_b_normals.uexp" 725
"C:/UnrealProjects/DedicatedProject/Content/Asset/StarterBundle/ModularScifiProps/Textures/T_Desk_A_Diff_b_M.ubulk" 726
"C:/UnrealProjects/DedicatedProject/Content/Asset/StarterBundle/ModularScifiProps/Textures/T_Desk_A_Diff_b_M.uasset" 727
"C:/UnrealProjects/DedicatedProject/Content/Asset/StarterBundle/ModularScifiProps/Textures/T_Desk_A_Diff_b_M.uexp" 728
"C:/UnrealProjects/DedicatedProject/Content/Asset/StarterBundle/ModularScifiProps/Textures/T_Desk_A_Diff_b.ubulk" 729
"C:/UnrealProjects/DedicatedProject/Content/Asset/StarterBundle/ModularScifiProps/Textures/T_Desk_A_Diff_b.uasset" 730
"C:/UnrealProjects/DedicatedProject/Content/Asset/StarterBundle/ModularScifiProps/Textures/T_Desk_A_Diff_b.uexp" 731
"C:/UnrealProjects/DedicatedProject/Content/Asset/StarterBundle/ModularScifiProps/Materials/MI_Desk_A_b.uasset" 732
"C:/UnrealProjects/DedicatedProject/Content/Asset/StarterBundle/ModularScifiProps/Materials/MI_Desk_A_b.uexp" 733
"C:/UnrealProjects/DedicatedProject/Content/Asset/StarterBundle/ModularScifiProps/Textures/T_Desk_A_Diff_a_M.ubulk" 734
"C:/UnrealProjects/DedicatedProject/Content/Asset/StarterBundle/ModularScifiProps/Textures/T_Desk_A_Diff_a_M.uasset" 735
"C:/UnrealProjects/DedicatedProject/Content/Asset/StarterBundle/ModularScifiProps/Textures/T_Desk_A_Diff_a_M.uexp" 736
"C:/UnrealProjects/DedicatedProject/Content/Asset/StarterBundle/ModularScifiProps/Textures/T_Desk_A_N_a_normals.ubulk" 737
"C:/UnrealProjects/DedicatedProject/Content/Asset/StarterBundle/ModularScifiProps/Textures/T_Desk_A_N_a_normals.uasset" 738
"C:/UnrealProjects/DedicatedProject/Content/Asset/StarterBundle/ModularScifiProps/Textures/T_Desk_A_N_a_normals.uexp" 739
"C:/UnrealProjects/DedicatedProject/Content/Asset/StarterBundle/ModularScifiProps/Textures/T_Desk_A_Diff_a.ubulk" 740
"C:/UnrealProjects/DedicatedProject/Content/Asset/StarterBundle/ModularScifiProps/Textures/T_Desk_A_Diff_a.uasset" 741
"C:/UnrealProjects/DedicatedProject/Content/Asset/StarterBundle/ModularScifiProps/Textures/T_Desk_A_Diff_a.uexp" 742
"C:/UnrealProjects/DedicatedProject/Content/Asset/StarterBundle/ModularScifiProps/Materials/MI_Desk_A_a.uasset" 743
"C:/UnrealProjects/DedicatedProject/Content/Asset/StarterBundle/ModularScifiProps/Materials/MI_Desk_A_a.uexp" 744
"C:/UnrealProjects/DedicatedProject/Content/Asset/StarterBundle/ModularScifiProps/Meshes/SM_Desk_B_v1.ubulk" 745
"C:/UnrealProjects/DedicatedProject/Content/Asset/StarterBundle/ModularScifiProps/Meshes/SM_Desk_B_v1.uasset" 746
"C:/UnrealProjects/DedicatedProject/Content/Asset/StarterBundle/ModularScifiProps/Meshes/SM_Desk_B_v1.uexp" 747
"C:/UnrealProjects/DedicatedProject/Content/Asset/StarterBundle/ModularScifiProps/Textures/T_MedBottle_N_normals.ubulk" 748
"C:/UnrealProjects/DedicatedProject/Content/Asset/StarterBundle/ModularScifiProps/Textures/T_MedBottle_N_normals.uasset" 749
"C:/UnrealProjects/DedicatedProject/Content/Asset/StarterBundle/ModularScifiProps/Textures/T_MedBottle_N_normals.uexp" 750
"C:/UnrealProjects/DedicatedProject/Content/Asset/StarterBundle/ModularScifiProps/Textures/T_MedBottle_Diff.ubulk" 751
"C:/UnrealProjects/DedicatedProject/Content/Asset/StarterBundle/ModularScifiProps/Textures/T_MedBottle_Diff.uasset" 752
"C:/UnrealProjects/DedicatedProject/Content/Asset/StarterBundle/ModularScifiProps/Textures/T_MedBottle_Diff.uexp" 753
"C:/UnrealProjects/DedicatedProject/Content/Asset/StarterBundle/ModularScifiProps/Textures/T_MedBottle_M.ubulk" 754
"C:/UnrealProjects/DedicatedProject/Content/Asset/StarterBundle/ModularScifiProps/Textures/T_MedBottle_M.uasset" 755
"C:/UnrealProjects/DedicatedProject/Content/Asset/StarterBundle/ModularScifiProps/Textures/T_MedBottle_M.uexp" 756
"C:/UnrealProjects/DedicatedProject/Content/Asset/StarterBundle/ModularScifiProps/Materials/MI_MedBottle.uasset" 757
"C:/UnrealProjects/DedicatedProject/Content/Asset/StarterBundle/ModularScifiProps/Materials/MI_MedBottle.uexp" 758
"C:/UnrealProjects/DedicatedProject/Content/Asset/StarterBundle/ModularScifiProps/Meshes/SM_MedBottle.ubulk" 759
"C:/UnrealProjects/DedicatedProject/Content/Asset/StarterBundle/ModularScifiProps/Meshes/SM_MedBottle.uasset" 760
"C:/UnrealProjects/DedicatedProject/Content/Asset/StarterBundle/ModularScifiProps/Meshes/SM_MedBottle.uexp" 761
"C:/UnrealProjects/DedicatedProject/Content/Asset/StarterBundle/ModularScifiProps/Textures/T_TableLamp_Diff.ubulk" 762
"C:/UnrealProjects/DedicatedProject/Content/Asset/StarterBundle/ModularScifiProps/Textures/T_TableLamp_Diff.uasset" 763
"C:/UnrealProjects/DedicatedProject/Content/Asset/StarterBundle/ModularScifiProps/Textures/T_TableLamp_Diff.uexp" 764
"C:/UnrealProjects/DedicatedProject/Content/Asset/StarterBundle/ModularScifiProps/Textures/T_TableLamp_N_normals.ubulk" 765
"C:/UnrealProjects/DedicatedProject/Content/Asset/StarterBundle/ModularScifiProps/Textures/T_TableLamp_N_normals.uasset" 766
"C:/UnrealProjects/DedicatedProject/Content/Asset/StarterBundle/ModularScifiProps/Textures/T_TableLamp_N_normals.uexp" 767
"C:/UnrealProjects/DedicatedProject/Content/Asset/StarterBundle/ModularScifiProps/Textures/T_TableLamp_M.ubulk" 768
"C:/UnrealProjects/DedicatedProject/Content/Asset/StarterBundle/ModularScifiProps/Textures/T_TableLamp_M.uasset" 769
"C:/UnrealProjects/DedicatedProject/Content/Asset/StarterBundle/ModularScifiProps/Textures/T_TableLamp_M.uexp" 770
"C:/UnrealProjects/DedicatedProject/Content/Asset/StarterBundle/ModularScifiProps/Materials/MI_TableLamp.uasset" 771
"C:/UnrealProjects/DedicatedProject/Content/Asset/StarterBundle/ModularScifiProps/Materials/MI_TableLamp.uexp" 772
"C:/UnrealProjects/DedicatedProject/Content/Asset/StarterBundle/ModularScifiProps/Materials/MI_LampLight.uasset" 773
"C:/UnrealProjects/DedicatedProject/Content/Asset/StarterBundle/ModularScifiProps/Materials/MI_LampLight.uexp" 774
"C:/UnrealProjects/DedicatedProject/Content/Asset/StarterBundle/ModularScifiProps/Meshes/SM_TableLamp.ubulk" 775
"C:/UnrealProjects/DedicatedProject/Content/Asset/StarterBundle/ModularScifiProps/Meshes/SM_TableLamp.uasset" 776
"C:/UnrealProjects/DedicatedProject/Content/Asset/StarterBundle/ModularScifiProps/Meshes/SM_TableLamp.uexp" 777
"C:/UnrealProjects/DedicatedProject/Content/Asset/StarterBundle/ModularSci_Comm/Materials/MI_Trims_C_LightGray2.uasset" 778
"C:/UnrealProjects/DedicatedProject/Content/Asset/StarterBundle/ModularSci_Comm/Materials/MI_Trims_C_LightGray2.uexp" 779
"C:/UnrealProjects/DedicatedProject/Content/Asset/StarterBundle/ModularScifiProps/Meshes/SM_SingleDrawer.ubulk" 780
"C:/UnrealProjects/DedicatedProject/Content/Asset/StarterBundle/ModularScifiProps/Meshes/SM_SingleDrawer.uasset" 781
"C:/UnrealProjects/DedicatedProject/Content/Asset/StarterBundle/ModularScifiProps/Meshes/SM_SingleDrawer.uexp" 782
"C:/UnrealProjects/DedicatedProject/Content/Asset/StarterBundle/ModularScifiProps/Textures/T_LoginScreen_EM.ubulk" 783
"C:/UnrealProjects/DedicatedProject/Content/Asset/StarterBundle/ModularScifiProps/Textures/T_LoginScreen_EM.uasset" 784
"C:/UnrealProjects/DedicatedProject/Content/Asset/StarterBundle/ModularScifiProps/Textures/T_LoginScreen_EM.uexp" 785
"C:/UnrealProjects/DedicatedProject/Content/Asset/StarterBundle/ModularScifiProps/Materials/M_Screen_Parent.uasset" 786
"C:/UnrealProjects/DedicatedProject/Content/Asset/StarterBundle/ModularScifiProps/Materials/M_Screen_Parent.uexp" 787
"C:/UnrealProjects/DedicatedProject/Content/Asset/StarterBundle/ModularScifiProps/Materials/MI_Screen_Lapt_Off.uasset" 788
"C:/UnrealProjects/DedicatedProject/Content/Asset/StarterBundle/ModularScifiProps/Materials/MI_Screen_Lapt_Off.uexp" 789
"C:/UnrealProjects/DedicatedProject/Content/Asset/StarterBundle/ModularScifiProps/Textures/T_Keyboard_UI_EM.ubulk" 790
"C:/UnrealProjects/DedicatedProject/Content/Asset/StarterBundle/ModularScifiProps/Textures/T_Keyboard_UI_EM.uasset" 791
"C:/UnrealProjects/DedicatedProject/Content/Asset/StarterBundle/ModularScifiProps/Textures/T_Keyboard_UI_EM.uexp" 792
"C:/UnrealProjects/DedicatedProject/Content/Asset/StarterBundle/ModularScifiProps/Materials/MI_Keyboard_Scre.uasset" 793
"C:/UnrealProjects/DedicatedProject/Content/Asset/StarterBundle/ModularScifiProps/Materials/MI_Keyboard_Scre.uexp" 794
"C:/UnrealProjects/DedicatedProject/Content/Asset/StarterBundle/ModularScifiProps/Textures/T_Lapt_Scre_N_normals.ubulk" 795
"C:/UnrealProjects/DedicatedProject/Content/Asset/StarterBundle/ModularScifiProps/Textures/T_Lapt_Scre_N_normals.uasset" 796
"C:/UnrealProjects/DedicatedProject/Content/Asset/StarterBundle/ModularScifiProps/Textures/T_Lapt_Scre_N_normals.uexp" 797
"C:/UnrealProjects/DedicatedProject/Content/Asset/StarterBundle/ModularScifiProps/Textures/T_Lapt_Scre_M.ubulk" 798
"C:/UnrealProjects/DedicatedProject/Content/Asset/StarterBundle/ModularScifiProps/Textures/T_Lapt_Scre_M.uasset" 799
"C:/UnrealProjects/DedicatedProject/Content/Asset/StarterBundle/ModularScifiProps/Textures/T_Lapt_Scre_M.uexp" 800
"C:/UnrealProjects/DedicatedProject/Content/Asset/StarterBundle/ModularScifiProps/Textures/T_Lapt_Scre_Diff.ubulk" 801
"C:/UnrealProjects/DedicatedProject/Content/Asset/StarterBundle/ModularScifiProps/Textures/T_Lapt_Scre_Diff.uasset" 802
"C:/UnrealProjects/DedicatedProject/Content/Asset/StarterBundle/ModularScifiProps/Textures/T_Lapt_Scre_Diff.uexp" 803
"C:/UnrealProjects/DedicatedProject/Content/Asset/StarterBundle/ModularScifiProps/Materials/MI_Laptop_Scre.uasset" 804
"C:/UnrealProjects/DedicatedProject/Content/Asset/StarterBundle/ModularScifiProps/Materials/MI_Laptop_Scre.uexp" 805
"C:/UnrealProjects/DedicatedProject/Content/Asset/StarterBundle/ModularScifiProps/Textures/T_Lapt_Keyb_Diff.ubulk" 806
"C:/UnrealProjects/DedicatedProject/Content/Asset/StarterBundle/ModularScifiProps/Textures/T_Lapt_Keyb_Diff.uasset" 807
"C:/UnrealProjects/DedicatedProject/Content/Asset/StarterBundle/ModularScifiProps/Textures/T_Lapt_Keyb_Diff.uexp" 808
"C:/UnrealProjects/DedicatedProject/Content/Asset/StarterBundle/ModularScifiProps/Textures/T_Lapt_Keyb_M.ubulk" 809
"C:/UnrealProjects/DedicatedProject/Content/Asset/StarterBundle/ModularScifiProps/Textures/T_Lapt_Keyb_M.uasset" 810
"C:/UnrealProjects/DedicatedProject/Content/Asset/StarterBundle/ModularScifiProps/Textures/T_Lapt_Keyb_M.uexp" 811
"C:/UnrealProjects/DedicatedProject/Content/Asset/StarterBundle/ModularScifiProps/Textures/T_Lapt_Keyb_N_normals.ubulk" 812
"C:/UnrealProjects/DedicatedProject/Content/Asset/StarterBundle/ModularScifiProps/Textures/T_Lapt_Keyb_N_normals.uasset" 813
"C:/UnrealProjects/DedicatedProject/Content/Asset/StarterBundle/ModularScifiProps/Textures/T_Lapt_Keyb_N_normals.uexp" 814
"C:/UnrealProjects/DedicatedProject/Content/Asset/StarterBundle/ModularScifiProps/Materials/MI_Laptop_Keyb.uasset" 815
"C:/UnrealProjects/DedicatedProject/Content/Asset/StarterBundle/ModularScifiProps/Materials/MI_Laptop_Keyb.uexp" 816
"C:/UnrealProjects/DedicatedProject/Content/Asset/StarterBundle/ModularScifiProps/Meshes/SM_Laptop.ubulk" 817
"C:/UnrealProjects/DedicatedProject/Content/Asset/StarterBundle/ModularScifiProps/Meshes/SM_Laptop.uasset" 818
"C:/UnrealProjects/DedicatedProject/Content/Asset/StarterBundle/ModularScifiProps/Meshes/SM_Laptop.uexp" 819
"C:/UnrealProjects/DedicatedProject/Content/Asset/StarterBundle/ModularSci_Comm/Materials/MI_Red_Dirt.uasset" 820
"C:/UnrealProjects/DedicatedProject/Content/Asset/StarterBundle/ModularSci_Comm/Materials/MI_Red_Dirt.uexp" 821
"C:/UnrealProjects/DedicatedProject/Content/Asset/StarterBundle/ModularSci_Comm/Textures/T_Pipes_A_Diff.ubulk" 822
"C:/UnrealProjects/DedicatedProject/Content/Asset/StarterBundle/ModularSci_Comm/Textures/T_Pipes_A_Diff.uasset" 823
"C:/UnrealProjects/DedicatedProject/Content/Asset/StarterBundle/ModularSci_Comm/Textures/T_Pipes_A_Diff.uexp" 824
"C:/UnrealProjects/DedicatedProject/Content/Asset/StarterBundle/ModularSci_Comm/Textures/T_Pipes_A_N_normals.ubulk" 825
"C:/UnrealProjects/DedicatedProject/Content/Asset/StarterBundle/ModularSci_Comm/Textures/T_Pipes_A_N_normals.uasset" 826
"C:/UnrealProjects/DedicatedProject/Content/Asset/StarterBundle/ModularSci_Comm/Textures/T_Pipes_A_N_normals.uexp" 827
"C:/UnrealProjects/DedicatedProject/Content/Asset/StarterBundle/ModularSci_Comm/Materials/M_Base_Pipes.uasset" 828
"C:/UnrealProjects/DedicatedProject/Content/Asset/StarterBundle/ModularSci_Comm/Materials/M_Base_Pipes.uexp" 829
"C:/UnrealProjects/DedicatedProject/Content/Asset/StarterBundle/ModularSci_Comm/Textures/T_Pipes_B_normals.ubulk" 830
"C:/UnrealProjects/DedicatedProject/Content/Asset/StarterBundle/ModularSci_Comm/Textures/T_Pipes_B_normals.uasset" 831
"C:/UnrealProjects/DedicatedProject/Content/Asset/StarterBundle/ModularSci_Comm/Textures/T_Pipes_B_normals.uexp" 832
"C:/UnrealProjects/DedicatedProject/Content/Asset/StarterBundle/ModularSci_Comm/Textures/T_Pipe_B_Diff.ubulk" 833
"C:/UnrealProjects/DedicatedProject/Content/Asset/StarterBundle/ModularSci_Comm/Textures/T_Pipe_B_Diff.uasset" 834
"C:/UnrealProjects/DedicatedProject/Content/Asset/StarterBundle/ModularSci_Comm/Textures/T_Pipe_B_Diff.uexp" 835
"C:/UnrealProjects/DedicatedProject/Content/Asset/StarterBundle/ModularSci_Comm/Materials/MI_Pipes_B_Light_Shiny.uasset" 836
"C:/UnrealProjects/DedicatedProject/Content/Asset/StarterBundle/ModularSci_Comm/Materials/MI_Pipes_B_Light_Shiny.uexp" 837
"C:/UnrealProjects/DedicatedProject/Content/Asset/StarterBundle/ModularSci_Comm/Meshes/SM_Floor_Center_Pipes_A.ubulk" 838
"C:/UnrealProjects/DedicatedProject/Content/Asset/StarterBundle/ModularSci_Comm/Meshes/SM_Floor_Center_Pipes_A.uasset" 839
"C:/UnrealProjects/DedicatedProject/Content/Asset/StarterBundle/ModularSci_Comm/Meshes/SM_Floor_Center_Pipes_A.uexp" 840
"C:/UnrealProjects/DedicatedProject/Content/Asset/StarterBundle/ModularSci_Comm/Textures/T_Wall_Detail_A_ML.ubulk" 841
"C:/UnrealProjects/DedicatedProject/Content/Asset/StarterBundle/ModularSci_Comm/Textures/T_Wall_Detail_A_ML.uasset" 842
"C:/UnrealProjects/DedicatedProject/Content/Asset/StarterBundle/ModularSci_Comm/Textures/T_Wall_Detail_A_ML.uexp" 843
"C:/UnrealProjects/DedicatedProject/Content/Asset/StarterBundle/ModularSci_Comm/Textures/T_Wall_Detail_A_Diff.ubulk" 844
"C:/UnrealProjects/DedicatedProject/Content/Asset/StarterBundle/ModularSci_Comm/Textures/T_Wall_Detail_A_Diff.uasset" 845
"C:/UnrealProjects/DedicatedProject/Content/Asset/StarterBundle/ModularSci_Comm/Textures/T_Wall_Detail_A_Diff.uexp" 846
"C:/UnrealProjects/DedicatedProject/Content/Asset/StarterBundle/ModularSci_Comm/Textures/T_Wall_Detail_A_normals.ubulk" 847
"C:/UnrealProjects/DedicatedProject/Content/Asset/StarterBundle/ModularSci_Comm/Textures/T_Wall_Detail_A_normals.uasset" 848
"C:/UnrealProjects/DedicatedProject/Content/Asset/StarterBundle/ModularSci_Comm/Textures/T_Wall_Detail_A_normals.uexp" 849
"C:/UnrealProjects/DedicatedProject/Content/Asset/StarterBundle/ModularSci_Comm/Materials/MI_Wall_Detail_A2.uasset" 850
"C:/UnrealProjects/DedicatedProject/Content/Asset/StarterBundle/ModularSci_Comm/Materials/MI_Wall_Detail_A2.uexp" 851
"C:/UnrealProjects/DedicatedProject/Content/Asset/StarterBundle/ModularSci_Comm/Materials/MI_Pipes_A_Light_Shiny.uasset" 852
"C:/UnrealProjects/DedicatedProject/Content/Asset/StarterBundle/ModularSci_Comm/Materials/MI_Pipes_A_Light_Shiny.uexp" 853
"C:/UnrealProjects/DedicatedProject/Content/Asset/StarterBundle/ModularSci_Comm/Meshes/SM_Ceiling_Pipe_Small.ubulk" 854
"C:/UnrealProjects/DedicatedProject/Content/Asset/StarterBundle/ModularSci_Comm/Meshes/SM_Ceiling_Pipe_Small.uasset" 855
"C:/UnrealProjects/DedicatedProject/Content/Asset/StarterBundle/ModularSci_Comm/Meshes/SM_Ceiling_Pipe_Small.uexp" 856
"C:/UnrealProjects/DedicatedProject/Content/Asset/StarterBundle/ModularSci_Comm/Materials/MI_Pipes_B_Light.uasset" 857
"C:/UnrealProjects/DedicatedProject/Content/Asset/StarterBundle/ModularSci_Comm/Materials/MI_Pipes_B_Light.uexp" 858
"C:/UnrealProjects/DedicatedProject/Content/Asset/StarterBundle/ModularSci_Comm/Meshes/SM_Wall_Pipe_E.ubulk" 859
"C:/UnrealProjects/DedicatedProject/Content/Asset/StarterBundle/ModularSci_Comm/Meshes/SM_Wall_Pipe_E.uasset" 860
"C:/UnrealProjects/DedicatedProject/Content/Asset/StarterBundle/ModularSci_Comm/Meshes/SM_Wall_Pipe_E.uexp" 861
"C:/UnrealProjects/DedicatedProject/Content/Asset/StarterBundle/ModularSci_Int/Meshes/SM_FloorBuffer_B.ubulk" 862
"C:/UnrealProjects/DedicatedProject/Content/Asset/StarterBundle/ModularSci_Int/Meshes/SM_FloorBuffer_B.uasset" 863
"C:/UnrealProjects/DedicatedProject/Content/Asset/StarterBundle/ModularSci_Int/Meshes/SM_FloorBuffer_B.uexp" 864
"C:/UnrealProjects/DedicatedProject/Content/Asset/StarterBundle/ModularSci_Int/Materials/MI_Pipes_A_Dark.uasset" 865
"C:/UnrealProjects/DedicatedProject/Content/Asset/StarterBundle/ModularSci_Int/Materials/MI_Pipes_A_Dark.uexp" 866
"C:/UnrealProjects/DedicatedProject/Content/Asset/StarterBundle/ModularSci_Int/Meshes/SM_FloorBuffer_B_2.ubulk" 867
"C:/UnrealProjects/DedicatedProject/Content/Asset/StarterBundle/ModularSci_Int/Meshes/SM_FloorBuffer_B_2.uasset" 868
"C:/UnrealProjects/DedicatedProject/Content/Asset/StarterBundle/ModularSci_Int/Meshes/SM_FloorBuffer_B_2.uexp" 869
"C:/UnrealProjects/DedicatedProject/Content/Asset/StarterBundle/ModularSci_Comm/Meshes/SM_Stairs_A1.ubulk" 870
"C:/UnrealProjects/DedicatedProject/Content/Asset/StarterBundle/ModularSci_Comm/Meshes/SM_Stairs_A1.uasset" 871
"C:/UnrealProjects/DedicatedProject/Content/Asset/StarterBundle/ModularSci_Comm/Meshes/SM_Stairs_A1.uexp" 872
"C:/UnrealProjects/DedicatedProject/Content/Asset/StarterBundle/ModularSci_Comm/Meshes/SM_Wall_Window_B.ubulk" 873
"C:/UnrealProjects/DedicatedProject/Content/Asset/StarterBundle/ModularSci_Comm/Meshes/SM_Wall_Window_B.uasset" 874
"C:/UnrealProjects/DedicatedProject/Content/Asset/StarterBundle/ModularSci_Comm/Meshes/SM_Wall_Window_B.uexp" 875
"C:/UnrealProjects/DedicatedProject/Content/Asset/StarterBundle/ModularSci_Comm/Meshes/SM_Ceiling_OuterRing_C.ubulk" 876
"C:/UnrealProjects/DedicatedProject/Content/Asset/StarterBundle/ModularSci_Comm/Meshes/SM_Ceiling_OuterRing_C.uasset" 877
"C:/UnrealProjects/DedicatedProject/Content/Asset/StarterBundle/ModularSci_Comm/Meshes/SM_Ceiling_OuterRing_C.uexp" 878
"C:/UnrealProjects/DedicatedProject/Content/Asset/StarterBundle/ModularSci_Comm/Meshes/SM_Wall_Det_DoorSmall_B.ubulk" 879
"C:/UnrealProjects/DedicatedProject/Content/Asset/StarterBundle/ModularSci_Comm/Meshes/SM_Wall_Det_DoorSmall_B.uasset" 880
"C:/UnrealProjects/DedicatedProject/Content/Asset/StarterBundle/ModularSci_Comm/Meshes/SM_Wall_Det_DoorSmall_B.uexp" 881
"C:/UnrealProjects/DedicatedProject/Content/Asset/StarterBundle/ModularSci_Int/Materials/M_SolidColor_Base.uasset" 882
"C:/UnrealProjects/DedicatedProject/Content/Asset/StarterBundle/ModularSci_Int/Materials/M_SolidColor_Base.uexp" 883
"C:/UnrealProjects/DedicatedProject/Content/Asset/StarterBundle/ModularSci_Int/Materials/MI_WhiteMetal.uasset" 884
"C:/UnrealProjects/DedicatedProject/Content/Asset/StarterBundle/ModularSci_Int/Materials/MI_WhiteMetal.uexp" 885
"C:/UnrealProjects/DedicatedProject/Content/Asset/StarterBundle/ModularSci_Int/Meshes/SM_Doorway_L_C.ubulk" 886
"C:/UnrealProjects/DedicatedProject/Content/Asset/StarterBundle/ModularSci_Int/Meshes/SM_Doorway_L_C.uasset" 887
"C:/UnrealProjects/DedicatedProject/Content/Asset/StarterBundle/ModularSci_Int/Meshes/SM_Doorway_L_C.uexp" 888
"C:/UnrealProjects/DedicatedProject/Content/Asset/StarterBundle/ModularSci_Int/Textures/T_Hall_Light_Square_Diff.ubulk" 889
"C:/UnrealProjects/DedicatedProject/Content/Asset/StarterBundle/ModularSci_Int/Textures/T_Hall_Light_Square_Diff.uasset" 890
"C:/UnrealProjects/DedicatedProject/Content/Asset/StarterBundle/ModularSci_Int/Textures/T_Hall_Light_Square_Diff.uexp" 891
"C:/UnrealProjects/DedicatedProject/Content/Asset/StarterBundle/ModularSci_Int/Textures/T_Hall_Light_Square_M.ubulk" 892
"C:/UnrealProjects/DedicatedProject/Content/Asset/StarterBundle/ModularSci_Int/Textures/T_Hall_Light_Square_M.uasset" 893
"C:/UnrealProjects/DedicatedProject/Content/Asset/StarterBundle/ModularSci_Int/Textures/T_Hall_Light_Square_M.uexp" 894
"C:/UnrealProjects/DedicatedProject/Content/Asset/StarterBundle/ModularSci_Int/Textures/T_Hall_Light_Square_N_normals.ubulk" 895
"C:/UnrealProjects/DedicatedProject/Content/Asset/StarterBundle/ModularSci_Int/Textures/T_Hall_Light_Square_N_normals.uasset" 896
"C:/UnrealProjects/DedicatedProject/Content/Asset/StarterBundle/ModularSci_Int/Textures/T_Hall_Light_Square_N_normals.uexp" 897
"C:/UnrealProjects/DedicatedProject/Content/Asset/StarterBundle/ModularSci_Int/Textures/T_Hall_Light_Square_EM.ubulk" 898
"C:/UnrealProjects/DedicatedProject/Content/Asset/StarterBundle/ModularSci_Int/Textures/T_Hall_Light_Square_EM.uasset" 899
"C:/UnrealProjects/DedicatedProject/Content/Asset/StarterBundle/ModularSci_Int/Textures/T_Hall_Light_Square_EM.uexp" 900
"C:/UnrealProjects/DedicatedProject/Content/Asset/StarterBundle/ModularSci_Int/Materials/MI_Light_Square.uasset" 901
"C:/UnrealProjects/DedicatedProject/Content/Asset/StarterBundle/ModularSci_Int/Materials/MI_Light_Square.uexp" 902
"C:/UnrealProjects/DedicatedProject/Content/Asset/StarterBundle/ModularSci_Int/Meshes/SM_Light_Square.ubulk" 903
"C:/UnrealProjects/DedicatedProject/Content/Asset/StarterBundle/ModularSci_Int/Meshes/SM_Light_Square.uasset" 904
"C:/UnrealProjects/DedicatedProject/Content/Asset/StarterBundle/ModularSci_Int/Meshes/SM_Light_Square.uexp" 905
"C:/UnrealProjects/DedicatedProject/Content/Asset/StarterBundle/ModularScifiHallways/Textures/T_Hall_Pipe_Handle_N_normals.ubulk" 906
"C:/UnrealProjects/DedicatedProject/Content/Asset/StarterBundle/ModularScifiHallways/Textures/T_Hall_Pipe_Handle_N_normals.uasset" 907
"C:/UnrealProjects/DedicatedProject/Content/Asset/StarterBundle/ModularScifiHallways/Textures/T_Hall_Pipe_Handle_N_normals.uexp" 908
"C:/UnrealProjects/DedicatedProject/Content/Asset/StarterBundle/ModularScifiHallways/Textures/T_Hall_Pipe_Handle_Diff.ubulk" 909
"C:/UnrealProjects/DedicatedProject/Content/Asset/StarterBundle/ModularScifiHallways/Textures/T_Hall_Pipe_Handle_Diff.uasset" 910
"C:/UnrealProjects/DedicatedProject/Content/Asset/StarterBundle/ModularScifiHallways/Textures/T_Hall_Pipe_Handle_Diff.uexp" 911
"C:/UnrealProjects/DedicatedProject/Content/Asset/StarterBundle/ModularScifiHallways/Textures/T_Hall_Pipe_Handle_M.ubulk" 912
"C:/UnrealProjects/DedicatedProject/Content/Asset/StarterBundle/ModularScifiHallways/Textures/T_Hall_Pipe_Handle_M.uasset" 913
"C:/UnrealProjects/DedicatedProject/Content/Asset/StarterBundle/ModularScifiHallways/Textures/T_Hall_Pipe_Handle_M.uexp" 914
"C:/UnrealProjects/DedicatedProject/Content/Asset/StarterBundle/ModularScifiHallways/Materials/MI_Hall_Pipes_Handle_M.uasset" 915
"C:/UnrealProjects/DedicatedProject/Content/Asset/StarterBundle/ModularScifiHallways/Materials/MI_Hall_Pipes_Handle_M.uexp" 916
"C:/UnrealProjects/DedicatedProject/Content/Asset/StarterBundle/ModularScifiHallways/Meshes/SM_Hall_Pipe_Handle.ubulk" 917
"C:/UnrealProjects/DedicatedProject/Content/Asset/StarterBundle/ModularScifiHallways/Meshes/SM_Hall_Pipe_Handle.uasset" 918
"C:/UnrealProjects/DedicatedProject/Content/Asset/StarterBundle/ModularScifiHallways/Meshes/SM_Hall_Pipe_Handle.uexp" 919
"C:/UnrealProjects/DedicatedProject/Content/Asset/StarterBundle/ModularSci_Int/Textures/T_Trims_A_Diff.ubulk" 920
"C:/UnrealProjects/DedicatedProject/Content/Asset/StarterBundle/ModularSci_Int/Textures/T_Trims_A_Diff.uasset" 921
"C:/UnrealProjects/DedicatedProject/Content/Asset/StarterBundle/ModularSci_Int/Textures/T_Trims_A_Diff.uexp" 922
"C:/UnrealProjects/DedicatedProject/Content/Asset/StarterBundle/ModularSci_Int/Textures/T_Trims_A_M.ubulk" 923
"C:/UnrealProjects/DedicatedProject/Content/Asset/StarterBundle/ModularSci_Int/Textures/T_Trims_A_M.uasset" 924
"C:/UnrealProjects/DedicatedProject/Content/Asset/StarterBundle/ModularSci_Int/Textures/T_Trims_A_M.uexp" 925
"C:/UnrealProjects/DedicatedProject/Content/Asset/StarterBundle/ModularSci_Int/Textures/T_Trims_A_N_normals.ubulk" 926
"C:/UnrealProjects/DedicatedProject/Content/Asset/StarterBundle/ModularSci_Int/Textures/T_Trims_A_N_normals.uasset" 927
"C:/UnrealProjects/DedicatedProject/Content/Asset/StarterBundle/ModularSci_Int/Textures/T_Trims_A_N_normals.uexp" 928
"C:/UnrealProjects/DedicatedProject/Content/Asset/StarterBundle/ModularSci_Int/Materials/MI_Trims_A.uasset" 929
"C:/UnrealProjects/DedicatedProject/Content/Asset/StarterBundle/ModularSci_Int/Materials/MI_Trims_A.uexp" 930
"C:/UnrealProjects/DedicatedProject/Content/Asset/StarterBundle/ModularSci_Int/Textures/T_Trims_A_M_B.ubulk" 931
"C:/UnrealProjects/DedicatedProject/Content/Asset/StarterBundle/ModularSci_Int/Textures/T_Trims_A_M_B.uasset" 932
"C:/UnrealProjects/DedicatedProject/Content/Asset/StarterBundle/ModularSci_Int/Textures/T_Trims_A_M_B.uexp" 933
"C:/UnrealProjects/DedicatedProject/Content/Asset/StarterBundle/ModularSci_Int/Textures/T_Trims_A_Diff_B.ubulk" 934
"C:/UnrealProjects/DedicatedProject/Content/Asset/StarterBundle/ModularSci_Int/Textures/T_Trims_A_Diff_B.uasset" 935
"C:/UnrealProjects/DedicatedProject/Content/Asset/StarterBundle/ModularSci_Int/Textures/T_Trims_A_Diff_B.uexp" 936
"C:/UnrealProjects/DedicatedProject/Content/Asset/StarterBundle/ModularSci_Int/Materials/MI_Trims_A_2.uasset" 937
"C:/UnrealProjects/DedicatedProject/Content/Asset/StarterBundle/ModularSci_Int/Materials/MI_Trims_A_2.uexp" 938
"C:/UnrealProjects/DedicatedProject/Content/Asset/StarterBundle/ModularSci_Int/Meshes/SM_FloorBuffer_A.ubulk" 939
"C:/UnrealProjects/DedicatedProject/Content/Asset/StarterBundle/ModularSci_Int/Meshes/SM_FloorBuffer_A.uasset" 940
"C:/UnrealProjects/DedicatedProject/Content/Asset/StarterBundle/ModularSci_Int/Meshes/SM_FloorBuffer_A.uexp" 941
"C:/UnrealProjects/DedicatedProject/Content/Asset/StarterBundle/ModularSci_Int/Meshes/SM_FloorBuffer_A_2.ubulk" 942
"C:/UnrealProjects/DedicatedProject/Content/Asset/StarterBundle/ModularSci_Int/Meshes/SM_FloorBuffer_A_2.uasset" 943
"C:/UnrealProjects/DedicatedProject/Content/Asset/StarterBundle/ModularSci_Int/Meshes/SM_FloorBuffer_A_2.uexp" 944
"C:/UnrealProjects/DedicatedProject/Content/Asset/StarterBundle/ModularScifiProps/Textures/T_Trims_C_N_normals.ubulk" 945
"C:/UnrealProjects/DedicatedProject/Content/Asset/StarterBundle/ModularScifiProps/Textures/T_Trims_C_N_normals.uasset" 946
"C:/UnrealProjects/DedicatedProject/Content/Asset/StarterBundle/ModularScifiProps/Textures/T_Trims_C_N_normals.uexp" 947
"C:/UnrealProjects/DedicatedProject/Content/Asset/StarterBundle/ModularScifiProps/Textures/T_Trims_C_Diff.ubulk" 948
"C:/UnrealProjects/DedicatedProject/Content/Asset/StarterBundle/ModularScifiProps/Textures/T_Trims_C_Diff.uasset" 949
"C:/UnrealProjects/DedicatedProject/Content/Asset/StarterBundle/ModularScifiProps/Textures/T_Trims_C_Diff.uexp" 950
"C:/UnrealProjects/DedicatedProject/Content/Asset/StarterBundle/ModularScifiProps/Materials/MI_Trims_C_Dark.uasset" 951
"C:/UnrealProjects/DedicatedProject/Content/Asset/StarterBundle/ModularScifiProps/Materials/MI_Trims_C_Dark.uexp" 952
"C:/UnrealProjects/DedicatedProject/Content/Asset/StarterBundle/ModularScifiProps/Meshes/SM_GlassDoorway.ubulk" 953
"C:/UnrealProjects/DedicatedProject/Content/Asset/StarterBundle/ModularScifiProps/Meshes/SM_GlassDoorway.uasset" 954
"C:/UnrealProjects/DedicatedProject/Content/Asset/StarterBundle/ModularScifiProps/Meshes/SM_GlassDoorway.uexp" 955
"C:/UnrealProjects/DedicatedProject/Content/Asset/StarterBundle/ModularSci_Comm/Materials/MI_Trims_A_Gray.uasset" 956
"C:/UnrealProjects/DedicatedProject/Content/Asset/StarterBundle/ModularSci_Comm/Materials/MI_Trims_A_Gray.uexp" 957
"C:/UnrealProjects/DedicatedProject/Content/Asset/StarterBundle/ModularSci_Comm/Meshes/SM_Ceiling_Window_A.ubulk" 958
"C:/UnrealProjects/DedicatedProject/Content/Asset/StarterBundle/ModularSci_Comm/Meshes/SM_Ceiling_Window_A.uasset" 959
"C:/UnrealProjects/DedicatedProject/Content/Asset/StarterBundle/ModularSci_Comm/Meshes/SM_Ceiling_Window_A.uexp" 960
"C:/UnrealProjects/DedicatedProject/Content/Asset/StarterBundle/ModularScifiHallways/Meshes/SM_Crate_A.ubulk" 961
"C:/UnrealProjects/DedicatedProject/Content/Asset/StarterBundle/ModularScifiHallways/Meshes/SM_Crate_A.uasset" 962
"C:/UnrealProjects/DedicatedProject/Content/Asset/StarterBundle/ModularScifiHallways/Meshes/SM_Crate_A.uexp" 963
"C:/UnrealProjects/DedicatedProject/Content/Asset/StarterBundle/ModularScifiProps/Textures/T_Shelf_A_N_normals.ubulk" 964
"C:/UnrealProjects/DedicatedProject/Content/Asset/StarterBundle/ModularScifiProps/Textures/T_Shelf_A_N_normals.uasset" 965
"C:/UnrealProjects/DedicatedProject/Content/Asset/StarterBundle/ModularScifiProps/Textures/T_Shelf_A_N_normals.uexp" 966
"C:/UnrealProjects/DedicatedProject/Content/Asset/StarterBundle/ModularScifiProps/Textures/T_Shelf_A_Diff.ubulk" 967
"C:/UnrealProjects/DedicatedProject/Content/Asset/StarterBundle/ModularScifiProps/Textures/T_Shelf_A_Diff.uasset" 968
"C:/UnrealProjects/DedicatedProject/Content/Asset/StarterBundle/ModularScifiProps/Textures/T_Shelf_A_Diff.uexp" 969
"C:/UnrealProjects/DedicatedProject/Content/Asset/StarterBundle/ModularScifiProps/Textures/T_Shelf_A_M.ubulk" 970
"C:/UnrealProjects/DedicatedProject/Content/Asset/StarterBundle/ModularScifiProps/Textures/T_Shelf_A_M.uasset" 971
"C:/UnrealProjects/DedicatedProject/Content/Asset/StarterBundle/ModularScifiProps/Textures/T_Shelf_A_M.uexp" 972
"C:/UnrealProjects/DedicatedProject/Content/Asset/StarterBundle/ModularScifiProps/Materials/MI_Shelf_A.uasset" 973
"C:/UnrealProjects/DedicatedProject/Content/Asset/StarterBundle/ModularScifiProps/Materials/MI_Shelf_A.uexp" 974
"C:/UnrealProjects/DedicatedProject/Content/Asset/StarterBundle/ModularScifiProps/Meshes/SM_Shelf_A_v3.ubulk" 975
"C:/UnrealProjects/DedicatedProject/Content/Asset/StarterBundle/ModularScifiProps/Meshes/SM_Shelf_A_v3.uasset" 976
"C:/UnrealProjects/DedicatedProject/Content/Asset/StarterBundle/ModularScifiProps/Meshes/SM_Shelf_A_v3.uexp" 977
"C:/UnrealProjects/DedicatedProject/Content/Asset/StarterBundle/ModularScifiProps/Textures/T_Stool_M.ubulk" 978
"C:/UnrealProjects/DedicatedProject/Content/Asset/StarterBundle/ModularScifiProps/Textures/T_Stool_M.uasset" 979
"C:/UnrealProjects/DedicatedProject/Content/Asset/StarterBundle/ModularScifiProps/Textures/T_Stool_M.uexp" 980
"C:/UnrealProjects/DedicatedProject/Content/Asset/StarterBundle/ModularScifiProps/Textures/T_Stool_N_normals.ubulk" 981
"C:/UnrealProjects/DedicatedProject/Content/Asset/StarterBundle/ModularScifiProps/Textures/T_Stool_N_normals.uasset" 982
"C:/UnrealProjects/DedicatedProject/Content/Asset/StarterBundle/ModularScifiProps/Textures/T_Stool_N_normals.uexp" 983
"C:/UnrealProjects/DedicatedProject/Content/Asset/StarterBundle/ModularScifiProps/Textures/T_Stool_Diff.ubulk" 984
"C:/UnrealProjects/DedicatedProject/Content/Asset/StarterBundle/ModularScifiProps/Textures/T_Stool_Diff.uasset" 985
"C:/UnrealProjects/DedicatedProject/Content/Asset/StarterBundle/ModularScifiProps/Textures/T_Stool_Diff.uexp" 986
"C:/UnrealProjects/DedicatedProject/Content/Asset/StarterBundle/ModularScifiProps/Materials/MI_Stool.uasset" 987
"C:/UnrealProjects/DedicatedProject/Content/Asset/StarterBundle/ModularScifiProps/Materials/MI_Stool.uexp" 988
"C:/UnrealProjects/DedicatedProject/Content/Asset/StarterBundle/ModularScifiProps/Meshes/SM_Stool.ubulk" 989
"C:/UnrealProjects/DedicatedProject/Content/Asset/StarterBundle/ModularScifiProps/Meshes/SM_Stool.uasset" 990
"C:/UnrealProjects/DedicatedProject/Content/Asset/StarterBundle/ModularScifiProps/Meshes/SM_Stool.uexp" 991
"C:/UnrealProjects/DedicatedProject/Content/Asset/StarterBundle/ModularScifiHallways/Textures/T_Hall_Ceiling_Main_Diff.ubulk" 992
"C:/UnrealProjects/DedicatedProject/Content/Asset/StarterBundle/ModularScifiHallways/Textures/T_Hall_Ceiling_Main_Diff.uasset" 993
"C:/UnrealProjects/DedicatedProject/Content/Asset/StarterBundle/ModularScifiHallways/Textures/T_Hall_Ceiling_Main_Diff.uexp" 994
"C:/UnrealProjects/DedicatedProject/Content/Asset/StarterBundle/ModularScifiHallways/Textures/T_Hall_Ceiling_Main_EM.ubulk" 995
"C:/UnrealProjects/DedicatedProject/Content/Asset/StarterBundle/ModularScifiHallways/Textures/T_Hall_Ceiling_Main_EM.uasset" 996
"C:/UnrealProjects/DedicatedProject/Content/Asset/StarterBundle/ModularScifiHallways/Textures/T_Hall_Ceiling_Main_EM.uexp" 997
"C:/UnrealProjects/DedicatedProject/Content/Asset/StarterBundle/ModularScifiHallways/Textures/T_Hall_Ceiling_Main_M.ubulk" 998
"C:/UnrealProjects/DedicatedProject/Content/Asset/StarterBundle/ModularScifiHallways/Textures/T_Hall_Ceiling_Main_M.uasset" 999
"C:/UnrealProjects/DedicatedProject/Content/Asset/StarterBundle/ModularScifiHallways/Textures/T_Hall_Ceiling_Main_M.uexp" 1000
"C:/UnrealProjects/DedicatedProject/Content/Asset/StarterBundle/ModularScifiHallways/Textures/T_Hall_Ceiling_Main_N_normals.ubulk" 1001
"C:/UnrealProjects/DedicatedProject/Content/Asset/StarterBundle/ModularScifiHallways/Textures/T_Hall_Ceiling_Main_N_normals.uasset" 1002
"C:/UnrealProjects/DedicatedProject/Content/Asset/StarterBundle/ModularScifiHallways/Textures/T_Hall_Ceiling_Main_N_normals.uexp" 1003
"C:/UnrealProjects/DedicatedProject/Content/Asset/StarterBundle/ModularScifiHallways/Materials/MI_Hall_Ceiling_Main_M.uasset" 1004
"C:/UnrealProjects/DedicatedProject/Content/Asset/StarterBundle/ModularScifiHallways/Materials/MI_Hall_Ceiling_Main_M.uexp" 1005
"C:/UnrealProjects/DedicatedProject/Content/Asset/StarterBundle/ModularScifiHallways/Meshes/SM_Hall_Ceiling_Main.ubulk" 1006
"C:/UnrealProjects/DedicatedProject/Content/Asset/StarterBundle/ModularScifiHallways/Meshes/SM_Hall_Ceiling_Main.uasset" 1007
"C:/UnrealProjects/DedicatedProject/Content/Asset/StarterBundle/ModularScifiHallways/Meshes/SM_Hall_Ceiling_Main.uexp" 1008
"C:/UnrealProjects/DedicatedProject/Content/Asset/StarterBundle/ModularSci_Comm/Materials/MI_Ceiling_OuterRing_BC_Gray.uasset" 1009
"C:/UnrealProjects/DedicatedProject/Content/Asset/StarterBundle/ModularSci_Comm/Materials/MI_Ceiling_OuterRing_BC_Gray.uexp" 1010
"C:/UnrealProjects/DedicatedProject/Content/Asset/StarterBundle/ModularSci_Comm/Materials/MI_FlatBlack.uasset" 1011
"C:/UnrealProjects/DedicatedProject/Content/Asset/StarterBundle/ModularSci_Comm/Materials/MI_FlatBlack.uexp" 1012
"C:/UnrealProjects/DedicatedProject/Content/Asset/StarterBundle/ModularSci_Comm/Materials/MI_Trims_C_Light_Dirt.uasset" 1013
"C:/UnrealProjects/DedicatedProject/Content/Asset/StarterBundle/ModularSci_Comm/Materials/MI_Trims_C_Light_Dirt.uexp" 1014
"C:/UnrealProjects/DedicatedProject/Content/Asset/StarterBundle/ModularSci_Comm/Meshes/SM_Railing_Center.ubulk" 1015
"C:/UnrealProjects/DedicatedProject/Content/Asset/StarterBundle/ModularSci_Comm/Meshes/SM_Railing_Center.uasset" 1016
"C:/UnrealProjects/DedicatedProject/Content/Asset/StarterBundle/ModularSci_Comm/Meshes/SM_Railing_Center.uexp" 1017
"C:/UnrealProjects/DedicatedProject/Content/Asset/StarterBundle/ModularSci_Comm/Materials/MI_Trims_B.uasset" 1018
"C:/UnrealProjects/DedicatedProject/Content/Asset/StarterBundle/ModularSci_Comm/Materials/MI_Trims_B.uexp" 1019
"C:/UnrealProjects/DedicatedProject/Content/Asset/StarterBundle/ModularSci_Comm/Materials/MI_Trims_B_Gray.uasset" 1020
"C:/UnrealProjects/DedicatedProject/Content/Asset/StarterBundle/ModularSci_Comm/Materials/MI_Trims_B_Gray.uexp" 1021
"C:/UnrealProjects/DedicatedProject/Content/Asset/StarterBundle/ModularSci_Comm/Meshes/SM_Ceiling_Det_B.ubulk" 1022
"C:/UnrealProjects/DedicatedProject/Content/Asset/StarterBundle/ModularSci_Comm/Meshes/SM_Ceiling_Det_B.uasset" 1023
"C:/UnrealProjects/DedicatedProject/Content/Asset/StarterBundle/ModularSci_Comm/Meshes/SM_Ceiling_Det_B.uexp" 1024
"C:/UnrealProjects/DedicatedProject/Content/Asset/StarterBundle/ModularSci_Int/Materials/MI_Trims_B_Grey.uasset" 1025
"C:/UnrealProjects/DedicatedProject/Content/Asset/StarterBundle/ModularSci_Int/Materials/MI_Trims_B_Grey.uexp" 1026
"C:/UnrealProjects/DedicatedProject/Content/Asset/StarterBundle/ModularSci_Comm/Meshes/SM_Floor_Window_A.ubulk" 1027
"C:/UnrealProjects/DedicatedProject/Content/Asset/StarterBundle/ModularSci_Comm/Meshes/SM_Floor_Window_A.uasset" 1028
"C:/UnrealProjects/DedicatedProject/Content/Asset/StarterBundle/ModularSci_Comm/Meshes/SM_Floor_Window_A.uexp" 1029
"C:/UnrealProjects/DedicatedProject/Content/Asset/StarterBundle/ModularSci_Int/Textures/T_Wall_A_N_normals.ubulk" 1030
"C:/UnrealProjects/DedicatedProject/Content/Asset/StarterBundle/ModularSci_Int/Textures/T_Wall_A_N_normals.uasset" 1031
"C:/UnrealProjects/DedicatedProject/Content/Asset/StarterBundle/ModularSci_Int/Textures/T_Wall_A_N_normals.uexp" 1032
"C:/UnrealProjects/DedicatedProject/Content/Asset/StarterBundle/ModularSci_Int/Textures/T_Wall_A_M.ubulk" 1033
"C:/UnrealProjects/DedicatedProject/Content/Asset/StarterBundle/ModularSci_Int/Textures/T_Wall_A_M.uasset" 1034
"C:/UnrealProjects/DedicatedProject/Content/Asset/StarterBundle/ModularSci_Int/Textures/T_Wall_A_M.uexp" 1035
"C:/UnrealProjects/DedicatedProject/Content/Asset/StarterBundle/ModularSci_Int/Textures/T_Wall_A_Diff.ubulk" 1036
"C:/UnrealProjects/DedicatedProject/Content/Asset/StarterBundle/ModularSci_Int/Textures/T_Wall_A_Diff.uasset" 1037
"C:/UnrealProjects/DedicatedProject/Content/Asset/StarterBundle/ModularSci_Int/Textures/T_Wall_A_Diff.uexp" 1038
"C:/UnrealProjects/DedicatedProject/Content/Asset/StarterBundle/ModularSci_Int/Materials/MI_Wall_A.uasset" 1039
"C:/UnrealProjects/DedicatedProject/Content/Asset/StarterBundle/ModularSci_Int/Materials/MI_Wall_A.uexp" 1040
"C:/UnrealProjects/DedicatedProject/Content/Asset/StarterBundle/ModularSci_Int/Meshes/SM_Wall_A.ubulk" 1041
"C:/UnrealProjects/DedicatedProject/Content/Asset/StarterBundle/ModularSci_Int/Meshes/SM_Wall_A.uasset" 1042
"C:/UnrealProjects/DedicatedProject/Content/Asset/StarterBundle/ModularSci_Int/Meshes/SM_Wall_A.uexp" 1043
"C:/UnrealProjects/DedicatedProject/Content/Asset/StarterBundle/ModularSci_Int/Meshes/SM_Wall_A_2.ubulk" 1044
"C:/UnrealProjects/DedicatedProject/Content/Asset/StarterBundle/ModularSci_Int/Meshes/SM_Wall_A_2.uasset" 1045
"C:/UnrealProjects/DedicatedProject/Content/Asset/StarterBundle/ModularSci_Int/Meshes/SM_Wall_A_2.uexp" 1046
"C:/UnrealProjects/DedicatedProject/Content/Asset/StarterBundle/ModularSci_Int/Meshes/SM_CeilingBrace_A.ubulk" 1047
"C:/UnrealProjects/DedicatedProject/Content/Asset/StarterBundle/ModularSci_Int/Meshes/SM_CeilingBrace_A.uasset" 1048
"C:/UnrealProjects/DedicatedProject/Content/Asset/StarterBundle/ModularSci_Int/Meshes/SM_CeilingBrace_A.uexp" 1049
"C:/UnrealProjects/DedicatedProject/Content/Asset/StarterBundle/ModularScifiProps/Materials/MI_Light_Red_Unlit.uasset" 1050
"C:/UnrealProjects/DedicatedProject/Content/Asset/StarterBundle/ModularScifiProps/Materials/MI_Light_Red_Unlit.uexp" 1051
"C:/UnrealProjects/DedicatedProject/Content/Asset/StarterBundle/ModularSci_Comm/Materials/MI_Trims_A.uasset" 1052
"C:/UnrealProjects/DedicatedProject/Content/Asset/StarterBundle/ModularSci_Comm/Materials/MI_Trims_A.uexp" 1053
"C:/UnrealProjects/DedicatedProject/Content/Asset/StarterBundle/ModularSci_Comm/Meshes/SM_Ceiling_Main_A.ubulk" 1054
"C:/UnrealProjects/DedicatedProject/Content/Asset/StarterBundle/ModularSci_Comm/Meshes/SM_Ceiling_Main_A.uasset" 1055
"C:/UnrealProjects/DedicatedProject/Content/Asset/StarterBundle/ModularSci_Comm/Meshes/SM_Ceiling_Main_A.uexp" 1056
"C:/UnrealProjects/DedicatedProject/Content/Asset/StarterBundle/ModularScifiHallways/Textures/T_Hall_Door_L_EM.ubulk" 1057
"C:/UnrealProjects/DedicatedProject/Content/Asset/StarterBundle/ModularScifiHallways/Textures/T_Hall_Door_L_EM.uasset" 1058
"C:/UnrealProjects/DedicatedProject/Content/Asset/StarterBundle/ModularScifiHallways/Textures/T_Hall_Door_L_EM.uexp" 1059
"C:/UnrealProjects/DedicatedProject/Content/Asset/StarterBundle/ModularScifiHallways/Textures/T_Hall_Door_L_N_normals.ubulk" 1060
"C:/UnrealProjects/DedicatedProject/Content/Asset/StarterBundle/ModularScifiHallways/Textures/T_Hall_Door_L_N_normals.uasset" 1061
"C:/UnrealProjects/DedicatedProject/Content/Asset/StarterBundle/ModularScifiHallways/Textures/T_Hall_Door_L_N_normals.uexp" 1062
"C:/UnrealProjects/DedicatedProject/Content/Asset/StarterBundle/ModularScifiHallways/Textures/T_Hall_Door_Diff.ubulk" 1063
"C:/UnrealProjects/DedicatedProject/Content/Asset/StarterBundle/ModularScifiHallways/Textures/T_Hall_Door_Diff.uasset" 1064
"C:/UnrealProjects/DedicatedProject/Content/Asset/StarterBundle/ModularScifiHallways/Textures/T_Hall_Door_Diff.uexp" 1065
"C:/UnrealProjects/DedicatedProject/Content/Asset/StarterBundle/ModularScifiHallways/Textures/T_Hall_Door_L_M.ubulk" 1066
"C:/UnrealProjects/DedicatedProject/Content/Asset/StarterBundle/ModularScifiHallways/Textures/T_Hall_Door_L_M.uasset" 1067
"C:/UnrealProjects/DedicatedProject/Content/Asset/StarterBundle/ModularScifiHallways/Textures/T_Hall_Door_L_M.uexp" 1068
"C:/UnrealProjects/DedicatedProject/Content/Asset/StarterBundle/ModularScifiHallways/Materials/MI_Hall_Door_L_M.uasset" 1069
"C:/UnrealProjects/DedicatedProject/Content/Asset/StarterBundle/ModularScifiHallways/Materials/MI_Hall_Door_L_M.uexp" 1070
"C:/UnrealProjects/DedicatedProject/Content/Asset/StarterBundle/ModularScifiHallways/Meshes/SM_Hall_Door_L.ubulk" 1071
"C:/UnrealProjects/DedicatedProject/Content/Asset/StarterBundle/ModularScifiHallways/Meshes/SM_Hall_Door_L.uasset" 1072
"C:/UnrealProjects/DedicatedProject/Content/Asset/StarterBundle/ModularScifiHallways/Meshes/SM_Hall_Door_L.uexp" 1073
"C:/UnrealProjects/DedicatedProject/Content/Asset/StarterBundle/ModularScifiProps/Materials/MI_TempControl_Screen2.uasset" 1074
"C:/UnrealProjects/DedicatedProject/Content/Asset/StarterBundle/ModularScifiProps/Materials/MI_TempControl_Screen2.uexp" 1075
"C:/UnrealProjects/DedicatedProject/Content/Asset/StarterBundle/ModularSci_Comm/Materials/MI_Pipes_A_Light.uasset" 1076
"C:/UnrealProjects/DedicatedProject/Content/Asset/StarterBundle/ModularSci_Comm/Materials/MI_Pipes_A_Light.uexp" 1077
"C:/UnrealProjects/DedicatedProject/Content/Asset/StarterBundle/ModularSci_Comm/Meshes/SM_Wall_Pipe_C.ubulk" 1078
"C:/UnrealProjects/DedicatedProject/Content/Asset/StarterBundle/ModularSci_Comm/Meshes/SM_Wall_Pipe_C.uasset" 1079
"C:/UnrealProjects/DedicatedProject/Content/Asset/StarterBundle/ModularSci_Comm/Meshes/SM_Wall_Pipe_C.uexp" 1080
"C:/UnrealProjects/DedicatedProject/Content/Asset/StarterBundle/ModularScifiProps/Meshes/SM_WirelessB_Off.ubulk" 1081
"C:/UnrealProjects/DedicatedProject/Content/Asset/StarterBundle/ModularScifiProps/Meshes/SM_WirelessB_Off.uasset" 1082
"C:/UnrealProjects/DedicatedProject/Content/Asset/StarterBundle/ModularScifiProps/Meshes/SM_WirelessB_Off.uexp" 1083
"C:/UnrealProjects/DedicatedProject/Content/Asset/StarterBundle/ModularSci_Comm/Materials/MI_Trims_C_FloorDarkGray.uasset" 1084
"C:/UnrealProjects/DedicatedProject/Content/Asset/StarterBundle/ModularSci_Comm/Materials/MI_Trims_C_FloorDarkGray.uexp" 1085
"C:/UnrealProjects/DedicatedProject/Content/Asset/StarterBundle/ModularSci_Comm/Meshes/SM_Wall_Corner_B.ubulk" 1086
"C:/UnrealProjects/DedicatedProject/Content/Asset/StarterBundle/ModularSci_Comm/Meshes/SM_Wall_Corner_B.uasset" 1087
"C:/UnrealProjects/DedicatedProject/Content/Asset/StarterBundle/ModularSci_Comm/Meshes/SM_Wall_Corner_B.uexp" 1088
"C:/UnrealProjects/DedicatedProject/Content/Asset/StarterBundle/ModularScifiHallways/Textures/T_Hall_Pipe_Handle_Diff_b.ubulk" 1089
"C:/UnrealProjects/DedicatedProject/Content/Asset/StarterBundle/ModularScifiHallways/Textures/T_Hall_Pipe_Handle_Diff_b.uasset" 1090
"C:/UnrealProjects/DedicatedProject/Content/Asset/StarterBundle/ModularScifiHallways/Textures/T_Hall_Pipe_Handle_Diff_b.uexp" 1091
"C:/UnrealProjects/DedicatedProject/Content/Asset/StarterBundle/ModularScifiHallways/Materials/MI_Hall_Pipes_Handle_b_M.uasset" 1092
"C:/UnrealProjects/DedicatedProject/Content/Asset/StarterBundle/ModularScifiHallways/Materials/MI_Hall_Pipes_Handle_b_M.uexp" 1093
"C:/UnrealProjects/DedicatedProject/Content/Asset/StarterBundle/ModularScifiHallways/Meshes/SM_Hall_DoorPipes.ubulk" 1094
"C:/UnrealProjects/DedicatedProject/Content/Asset/StarterBundle/ModularScifiHallways/Meshes/SM_Hall_DoorPipes.uasset" 1095
"C:/UnrealProjects/DedicatedProject/Content/Asset/StarterBundle/ModularScifiHallways/Meshes/SM_Hall_DoorPipes.uexp" 1096
"C:/UnrealProjects/DedicatedProject/Content/Asset/StarterBundle/ModularSci_Comm/Materials/MI_Floor_Black.uasset" 1097
"C:/UnrealProjects/DedicatedProject/Content/Asset/StarterBundle/ModularSci_Comm/Materials/MI_Floor_Black.uexp" 1098
"C:/UnrealProjects/DedicatedProject/Content/Asset/StarterBundle/ModularSci_Comm/Meshes/SM_Floor_Sides_A.ubulk" 1099
"C:/UnrealProjects/DedicatedProject/Content/Asset/StarterBundle/ModularSci_Comm/Meshes/SM_Floor_Sides_A.uasset" 1100
"C:/UnrealProjects/DedicatedProject/Content/Asset/StarterBundle/ModularSci_Comm/Meshes/SM_Floor_Sides_A.uexp" 1101
"C:/UnrealProjects/DedicatedProject/Content/Asset/StarterBundle/ModularSci_Int/Meshes/SM_Pipe_Ceiling_C.ubulk" 1102
"C:/UnrealProjects/DedicatedProject/Content/Asset/StarterBundle/ModularSci_Int/Meshes/SM_Pipe_Ceiling_C.uasset" 1103
"C:/UnrealProjects/DedicatedProject/Content/Asset/StarterBundle/ModularSci_Int/Meshes/SM_Pipe_Ceiling_C.uexp" 1104
"C:/UnrealProjects/DedicatedProject/Content/Asset/StarterBundle/ModularSci_Int/Meshes/SM_Pipe_Vent.ubulk" 1105
"C:/UnrealProjects/DedicatedProject/Content/Asset/StarterBundle/ModularSci_Int/Meshes/SM_Pipe_Vent.uasset" 1106
"C:/UnrealProjects/DedicatedProject/Content/Asset/StarterBundle/ModularSci_Int/Meshes/SM_Pipe_Vent.uexp" 1107
"C:/UnrealProjects/DedicatedProject/Content/Asset/StarterBundle/ModularSci_Int/Meshes/SM_Pipe_Vent_2.ubulk" 1108
"C:/UnrealProjects/DedicatedProject/Content/Asset/StarterBundle/ModularSci_Int/Meshes/SM_Pipe_Vent_2.uasset" 1109
"C:/UnrealProjects/DedicatedProject/Content/Asset/StarterBundle/ModularSci_Int/Meshes/SM_Pipe_Vent_2.uexp" 1110
"C:/UnrealProjects/DedicatedProject/Content/Asset/StarterBundle/ModularScifiProps/Materials/MI_Trims_C.uasset" 1111
"C:/UnrealProjects/DedicatedProject/Content/Asset/StarterBundle/ModularScifiProps/Materials/MI_Trims_C.uexp" 1112
"C:/UnrealProjects/DedicatedProject/Content/Asset/StarterBundle/ModularScifiProps/Meshes/SM_Wall_A.ubulk" 1113
"C:/UnrealProjects/DedicatedProject/Content/Asset/StarterBundle/ModularScifiProps/Meshes/SM_Wall_A.uasset" 1114
"C:/UnrealProjects/DedicatedProject/Content/Asset/StarterBundle/ModularScifiProps/Meshes/SM_Wall_A.uexp" 1115
"C:/UnrealProjects/DedicatedProject/Content/Asset/StarterBundle/ModularSci_Comm/Meshes/SM_Light_B.ubulk" 1116
"C:/UnrealProjects/DedicatedProject/Content/Asset/StarterBundle/ModularSci_Comm/Meshes/SM_Light_B.uasset" 1117
"C:/UnrealProjects/DedicatedProject/Content/Asset/StarterBundle/ModularSci_Comm/Meshes/SM_Light_B.uexp" 1118
"C:/UnrealProjects/DedicatedProject/Content/Asset/StarterBundle/ModularScifiProps/Textures/T_MedBottle_b_Diff.ubulk" 1119
"C:/UnrealProjects/DedicatedProject/Content/Asset/StarterBundle/ModularScifiProps/Textures/T_MedBottle_b_Diff.uasset" 1120
"C:/UnrealProjects/DedicatedProject/Content/Asset/StarterBundle/ModularScifiProps/Textures/T_MedBottle_b_Diff.uexp" 1121
"C:/UnrealProjects/DedicatedProject/Content/Asset/StarterBundle/ModularScifiProps/Textures/T_MedBottle_b_M.ubulk" 1122
"C:/UnrealProjects/DedicatedProject/Content/Asset/StarterBundle/ModularScifiProps/Textures/T_MedBottle_b_M.uasset" 1123
"C:/UnrealProjects/DedicatedProject/Content/Asset/StarterBundle/ModularScifiProps/Textures/T_MedBottle_b_M.uexp" 1124
"C:/UnrealProjects/DedicatedProject/Content/Asset/StarterBundle/ModularScifiProps/Textures/T_MedBottle_b_N_normals.ubulk" 1125
"C:/UnrealProjects/DedicatedProject/Content/Asset/StarterBundle/ModularScifiProps/Textures/T_MedBottle_b_N_normals.uasset" 1126
"C:/UnrealProjects/DedicatedProject/Content/Asset/StarterBundle/ModularScifiProps/Textures/T_MedBottle_b_N_normals.uexp" 1127
"C:/UnrealProjects/DedicatedProject/Content/Asset/StarterBundle/ModularScifiProps/Materials/MI_MedBottle_b.uasset" 1128
"C:/UnrealProjects/DedicatedProject/Content/Asset/StarterBundle/ModularScifiProps/Materials/MI_MedBottle_b.uexp" 1129
"C:/UnrealProjects/DedicatedProject/Content/Asset/StarterBundle/ModularScifiProps/Meshes/SM_MedBottle_b.ubulk" 1130
"C:/UnrealProjects/DedicatedProject/Content/Asset/StarterBundle/ModularScifiProps/Meshes/SM_MedBottle_b.uasset" 1131
"C:/UnrealProjects/DedicatedProject/Content/Asset/StarterBundle/ModularScifiProps/Meshes/SM_MedBottle_b.uexp" 1132
"C:/UnrealProjects/DedicatedProject/Content/Asset/StarterBundle/ModularSci_Comm/Meshes/SM_Wall_Det_DoorBig_F.ubulk" 1133
"C:/UnrealProjects/DedicatedProject/Content/Asset/StarterBundle/ModularSci_Comm/Meshes/SM_Wall_Det_DoorBig_F.uasset" 1134
"C:/UnrealProjects/DedicatedProject/Content/Asset/StarterBundle/ModularSci_Comm/Meshes/SM_Wall_Det_DoorBig_F.uexp" 1135
"C:/UnrealProjects/DedicatedProject/Content/Asset/StarterBundle/ModularScifiProps/Meshes/SM_Wall_B.ubulk" 1136
"C:/UnrealProjects/DedicatedProject/Content/Asset/StarterBundle/ModularScifiProps/Meshes/SM_Wall_B.uasset" 1137
"C:/UnrealProjects/DedicatedProject/Content/Asset/StarterBundle/ModularScifiProps/Meshes/SM_Wall_B.uexp" 1138
"C:/UnrealProjects/DedicatedProject/Content/Asset/StarterBundle/ModularSci_Comm/Meshes/SM_Ceiling_OuterRing_A.ubulk" 1139
"C:/UnrealProjects/DedicatedProject/Content/Asset/StarterBundle/ModularSci_Comm/Meshes/SM_Ceiling_OuterRing_A.uasset" 1140
"C:/UnrealProjects/DedicatedProject/Content/Asset/StarterBundle/ModularSci_Comm/Meshes/SM_Ceiling_OuterRing_A.uexp" 1141
"C:/UnrealProjects/DedicatedProject/Content/Asset/StarterBundle/ModularScifiProps/Meshes/SM_Cabinet_A.ubulk" 1142
"C:/UnrealProjects/DedicatedProject/Content/Asset/StarterBundle/ModularScifiProps/Meshes/SM_Cabinet_A.uasset" 1143
"C:/UnrealProjects/DedicatedProject/Content/Asset/StarterBundle/ModularScifiProps/Meshes/SM_Cabinet_A.uexp" 1144
"C:/UnrealProjects/DedicatedProject/Content/Asset/StarterBundle/ModularSci_Comm/Meshes/SM_Ceiling_Ring_A1.ubulk" 1145
"C:/UnrealProjects/DedicatedProject/Content/Asset/StarterBundle/ModularSci_Comm/Meshes/SM_Ceiling_Ring_A1.uasset" 1146
"C:/UnrealProjects/DedicatedProject/Content/Asset/StarterBundle/ModularSci_Comm/Meshes/SM_Ceiling_Ring_A1.uexp" 1147
"C:/UnrealProjects/DedicatedProject/Content/Asset/StarterBundle/ModularSci_Comm/Meshes/SM_Wall_Det_DoorBig_D.ubulk" 1148
"C:/UnrealProjects/DedicatedProject/Content/Asset/StarterBundle/ModularSci_Comm/Meshes/SM_Wall_Det_DoorBig_D.uasset" 1149
"C:/UnrealProjects/DedicatedProject/Content/Asset/StarterBundle/ModularSci_Comm/Meshes/SM_Wall_Det_DoorBig_D.uexp" 1150
"C:/UnrealProjects/DedicatedProject/Content/Asset/StarterBundle/ModularSci_Int/Materials/MI_Trims_B_Yello.uasset" 1151
"C:/UnrealProjects/DedicatedProject/Content/Asset/StarterBundle/ModularSci_Int/Materials/MI_Trims_B_Yello.uexp" 1152
"C:/UnrealProjects/DedicatedProject/Content/Asset/StarterBundle/ModularSci_Int/Meshes/SM_CeilingEdge_B.ubulk" 1153
"C:/UnrealProjects/DedicatedProject/Content/Asset/StarterBundle/ModularSci_Int/Meshes/SM_CeilingEdge_B.uasset" 1154
"C:/UnrealProjects/DedicatedProject/Content/Asset/StarterBundle/ModularSci_Int/Meshes/SM_CeilingEdge_B.uexp" 1155
"C:/UnrealProjects/DedicatedProject/Content/Asset/StarterBundle/ModularSci_Comm/Meshes/SM_Wall_Pipe_DoorBig.ubulk" 1156
"C:/UnrealProjects/DedicatedProject/Content/Asset/StarterBundle/ModularSci_Comm/Meshes/SM_Wall_Pipe_DoorBig.uasset" 1157
"C:/UnrealProjects/DedicatedProject/Content/Asset/StarterBundle/ModularSci_Comm/Meshes/SM_Wall_Pipe_DoorBig.uexp" 1158
"C:/UnrealProjects/DedicatedProject/Content/Asset/StarterBundle/ModularScifiProps/Textures/T_WallCabinet_N_normals.ubulk" 1159
"C:/UnrealProjects/DedicatedProject/Content/Asset/StarterBundle/ModularScifiProps/Textures/T_WallCabinet_N_normals.uasset" 1160
"C:/UnrealProjects/DedicatedProject/Content/Asset/StarterBundle/ModularScifiProps/Textures/T_WallCabinet_N_normals.uexp" 1161
"C:/UnrealProjects/DedicatedProject/Content/Asset/StarterBundle/ModularScifiProps/Textures/T_WallCabinet_M.ubulk" 1162
"C:/UnrealProjects/DedicatedProject/Content/Asset/StarterBundle/ModularScifiProps/Textures/T_WallCabinet_M.uasset" 1163
"C:/UnrealProjects/DedicatedProject/Content/Asset/StarterBundle/ModularScifiProps/Textures/T_WallCabinet_M.uexp" 1164
"C:/UnrealProjects/DedicatedProject/Content/Asset/StarterBundle/ModularScifiProps/Textures/T_WallCabinet_Diff.ubulk" 1165
"C:/UnrealProjects/DedicatedProject/Content/Asset/StarterBundle/ModularScifiProps/Textures/T_WallCabinet_Diff.uasset" 1166
"C:/UnrealProjects/DedicatedProject/Content/Asset/StarterBundle/ModularScifiProps/Textures/T_WallCabinet_Diff.uexp" 1167
"C:/UnrealProjects/DedicatedProject/Content/Asset/StarterBundle/ModularScifiProps/Materials/MI_WallCabinet.uasset" 1168
"C:/UnrealProjects/DedicatedProject/Content/Asset/StarterBundle/ModularScifiProps/Materials/MI_WallCabinet.uexp" 1169
"C:/UnrealProjects/DedicatedProject/Content/Asset/StarterBundle/ModularScifiProps/Meshes/SM_WallCab_2D.ubulk" 1170
"C:/UnrealProjects/DedicatedProject/Content/Asset/StarterBundle/ModularScifiProps/Meshes/SM_WallCab_2D.uasset" 1171
"C:/UnrealProjects/DedicatedProject/Content/Asset/StarterBundle/ModularScifiProps/Meshes/SM_WallCab_2D.uexp" 1172
"C:/UnrealProjects/DedicatedProject/Content/Asset/StarterBundle/ModularSci_Int/Meshes/SM_Win_Ceiling_E.ubulk" 1173
"C:/UnrealProjects/DedicatedProject/Content/Asset/StarterBundle/ModularSci_Int/Meshes/SM_Win_Ceiling_E.uasset" 1174
"C:/UnrealProjects/DedicatedProject/Content/Asset/StarterBundle/ModularSci_Int/Meshes/SM_Win_Ceiling_E.uexp" 1175
"C:/UnrealProjects/DedicatedProject/Content/Asset/StarterBundle/ModularSci_Comm/Meshes/SM_Ceiling_Sides_A.ubulk" 1176
"C:/UnrealProjects/DedicatedProject/Content/Asset/StarterBundle/ModularSci_Comm/Meshes/SM_Ceiling_Sides_A.uasset" 1177
"C:/UnrealProjects/DedicatedProject/Content/Asset/StarterBundle/ModularSci_Comm/Meshes/SM_Ceiling_Sides_A.uexp" 1178
"C:/UnrealProjects/DedicatedProject/Content/Asset/StarterBundle/ModularScifiProps/Textures/T_WallCabinet_B_M.ubulk" 1179
"C:/UnrealProjects/DedicatedProject/Content/Asset/StarterBundle/ModularScifiProps/Textures/T_WallCabinet_B_M.uasset" 1180
"C:/UnrealProjects/DedicatedProject/Content/Asset/StarterBundle/ModularScifiProps/Textures/T_WallCabinet_B_M.uexp" 1181
"C:/UnrealProjects/DedicatedProject/Content/Asset/StarterBundle/ModularScifiProps/Textures/T_WallCabinet_B_Diff.uasset" 1182
"C:/UnrealProjects/DedicatedProject/Content/Asset/StarterBundle/ModularScifiProps/Textures/T_WallCabinet_B_Diff.uexp" 1183
"C:/UnrealProjects/DedicatedProject/Content/Asset/StarterBundle/ModularScifiProps/Materials/MI_WallCabinet_b.uasset" 1184
"C:/UnrealProjects/DedicatedProject/Content/Asset/StarterBundle/ModularScifiProps/Materials/MI_WallCabinet_b.uexp" 1185
"C:/UnrealProjects/DedicatedProject/Content/Asset/StarterBundle/ModularSci_Comm/Meshes/SM_Wall_Pipe_F.ubulk" 1186
"C:/UnrealProjects/DedicatedProject/Content/Asset/StarterBundle/ModularSci_Comm/Meshes/SM_Wall_Pipe_F.uasset" 1187
"C:/UnrealProjects/DedicatedProject/Content/Asset/StarterBundle/ModularSci_Comm/Meshes/SM_Wall_Pipe_F.uexp" 1188
"C:/UnrealProjects/DedicatedProject/Content/Asset/StarterBundle/ModularScifiHallways/Textures/T_Hall_WDetails_A_M.ubulk" 1189
"C:/UnrealProjects/DedicatedProject/Content/Asset/StarterBundle/ModularScifiHallways/Textures/T_Hall_WDetails_A_M.uasset" 1190
"C:/UnrealProjects/DedicatedProject/Content/Asset/StarterBundle/ModularScifiHallways/Textures/T_Hall_WDetails_A_M.uexp" 1191
"C:/UnrealProjects/DedicatedProject/Content/Asset/StarterBundle/ModularScifiHallways/Textures/T_Hall_WDetails_A_Diff.ubulk" 1192
"C:/UnrealProjects/DedicatedProject/Content/Asset/StarterBundle/ModularScifiHallways/Textures/T_Hall_WDetails_A_Diff.uasset" 1193
"C:/UnrealProjects/DedicatedProject/Content/Asset/StarterBundle/ModularScifiHallways/Textures/T_Hall_WDetails_A_Diff.uexp" 1194
"C:/UnrealProjects/DedicatedProject/Content/Asset/StarterBundle/ModularScifiHallways/Textures/T_Hall_WDetails_A_N_normals.ubulk" 1195
"C:/UnrealProjects/DedicatedProject/Content/Asset/StarterBundle/ModularScifiHallways/Textures/T_Hall_WDetails_A_N_normals.uasset" 1196
"C:/UnrealProjects/DedicatedProject/Content/Asset/StarterBundle/ModularScifiHallways/Textures/T_Hall_WDetails_A_N_normals.uexp" 1197
"C:/UnrealProjects/DedicatedProject/Content/Asset/StarterBundle/ModularScifiHallways/Materials/MI_Hall_WDetails_A_M.uasset" 1198
"C:/UnrealProjects/DedicatedProject/Content/Asset/StarterBundle/ModularScifiHallways/Materials/MI_Hall_WDetails_A_M.uexp" 1199
"C:/UnrealProjects/DedicatedProject/Content/Asset/StarterBundle/ModularScifiHallways/Meshes/SM_Hall_WDetails_A.ubulk" 1200
"C:/UnrealProjects/DedicatedProject/Content/Asset/StarterBundle/ModularScifiHallways/Meshes/SM_Hall_WDetails_A.uasset" 1201
"C:/UnrealProjects/DedicatedProject/Content/Asset/StarterBundle/ModularScifiHallways/Meshes/SM_Hall_WDetails_A.uexp" 1202
"C:/UnrealProjects/DedicatedProject/Content/Asset/StarterBundle/ModularSci_Int/Meshes/SM_Pipe_Ceiling_A.ubulk" 1203
"C:/UnrealProjects/DedicatedProject/Content/Asset/StarterBundle/ModularSci_Int/Meshes/SM_Pipe_Ceiling_A.uasset" 1204
"C:/UnrealProjects/DedicatedProject/Content/Asset/StarterBundle/ModularSci_Int/Meshes/SM_Pipe_Ceiling_A.uexp" 1205
"C:/UnrealProjects/DedicatedProject/Content/Asset/StarterBundle/ModularScifiProps/Textures/T_FirstAidKit_N_normals.ubulk" 1206
"C:/UnrealProjects/DedicatedProject/Content/Asset/StarterBundle/ModularScifiProps/Textures/T_FirstAidKit_N_normals.uasset" 1207
"C:/UnrealProjects/DedicatedProject/Content/Asset/StarterBundle/ModularScifiProps/Textures/T_FirstAidKit_N_normals.uexp" 1208
"C:/UnrealProjects/DedicatedProject/Content/Asset/StarterBundle/ModularScifiProps/Textures/T_FirstAidKit_Diff.uasset" 1209
"C:/UnrealProjects/DedicatedProject/Content/Asset/StarterBundle/ModularScifiProps/Textures/T_FirstAidKit_Diff.uexp" 1210
"C:/UnrealProjects/DedicatedProject/Content/Asset/StarterBundle/ModularScifiProps/Textures/T_FirstAidKit_M.ubulk" 1211
"C:/UnrealProjects/DedicatedProject/Content/Asset/StarterBundle/ModularScifiProps/Textures/T_FirstAidKit_M.uasset" 1212
"C:/UnrealProjects/DedicatedProject/Content/Asset/StarterBundle/ModularScifiProps/Textures/T_FirstAidKit_M.uexp" 1213
"C:/UnrealProjects/DedicatedProject/Content/Asset/StarterBundle/ModularScifiProps/Materials/MI_FirstAidKit.uasset" 1214
"C:/UnrealProjects/DedicatedProject/Content/Asset/StarterBundle/ModularScifiProps/Materials/MI_FirstAidKit.uexp" 1215
"C:/UnrealProjects/DedicatedProject/Content/Asset/StarterBundle/ModularScifiProps/Meshes/SM_FirstAidKit.ubulk" 1216
"C:/UnrealProjects/DedicatedProject/Content/Asset/StarterBundle/ModularScifiProps/Meshes/SM_FirstAidKit.uasset" 1217
"C:/UnrealProjects/DedicatedProject/Content/Asset/StarterBundle/ModularScifiProps/Meshes/SM_FirstAidKit.uexp" 1218
"C:/UnrealProjects/DedicatedProject/Content/Asset/StarterBundle/ModularScifiHallways/Textures/T_Hall_FloorBuffer_N_normals.ubulk" 1219
"C:/UnrealProjects/DedicatedProject/Content/Asset/StarterBundle/ModularScifiHallways/Textures/T_Hall_FloorBuffer_N_normals.uasset" 1220
"C:/UnrealProjects/DedicatedProject/Content/Asset/StarterBundle/ModularScifiHallways/Textures/T_Hall_FloorBuffer_N_normals.uexp" 1221
"C:/UnrealProjects/DedicatedProject/Content/Asset/StarterBundle/ModularScifiHallways/Textures/T_Hall_FloorBuffer_Diff.ubulk" 1222
"C:/UnrealProjects/DedicatedProject/Content/Asset/StarterBundle/ModularScifiHallways/Textures/T_Hall_FloorBuffer_Diff.uasset" 1223
"C:/UnrealProjects/DedicatedProject/Content/Asset/StarterBundle/ModularScifiHallways/Textures/T_Hall_FloorBuffer_Diff.uexp" 1224
"C:/UnrealProjects/DedicatedProject/Content/Asset/StarterBundle/ModularScifiHallways/Materials/MI_Hall_FloorBuffer_M.uasset" 1225
"C:/UnrealProjects/DedicatedProject/Content/Asset/StarterBundle/ModularScifiHallways/Materials/MI_Hall_FloorBuffer_M.uexp" 1226
"C:/UnrealProjects/DedicatedProject/Content/Asset/StarterBundle/ModularScifiHallways/Meshes/SM_Hall_FloorBuffer.ubulk" 1227
"C:/UnrealProjects/DedicatedProject/Content/Asset/StarterBundle/ModularScifiHallways/Meshes/SM_Hall_FloorBuffer.uasset" 1228
"C:/UnrealProjects/DedicatedProject/Content/Asset/StarterBundle/ModularScifiHallways/Meshes/SM_Hall_FloorBuffer.uexp" 1229
"C:/UnrealProjects/DedicatedProject/Content/Asset/StarterBundle/ModularScifiProps/Meshes/SM_Ceiling_Div_B.ubulk" 1230
"C:/UnrealProjects/DedicatedProject/Content/Asset/StarterBundle/ModularScifiProps/Meshes/SM_Ceiling_Div_B.uasset" 1231
"C:/UnrealProjects/DedicatedProject/Content/Asset/StarterBundle/ModularScifiProps/Meshes/SM_Ceiling_Div_B.uexp" 1232
"C:/UnrealProjects/DedicatedProject/Content/Asset/StarterBundle/ModularSci_Int/Meshes/SM_Pipe_WinCeiling_2.ubulk" 1233
"C:/UnrealProjects/DedicatedProject/Content/Asset/StarterBundle/ModularSci_Int/Meshes/SM_Pipe_WinCeiling_2.uasset" 1234
"C:/UnrealProjects/DedicatedProject/Content/Asset/StarterBundle/ModularSci_Int/Meshes/SM_Pipe_WinCeiling_2.uexp" 1235
"C:/UnrealProjects/DedicatedProject/Content/Asset/StarterBundle/ModularSci_Int/Meshes/SM_Wall_B.ubulk" 1236
"C:/UnrealProjects/DedicatedProject/Content/Asset/StarterBundle/ModularSci_Int/Meshes/SM_Wall_B.uasset" 1237
"C:/UnrealProjects/DedicatedProject/Content/Asset/StarterBundle/ModularSci_Int/Meshes/SM_Wall_B.uexp" 1238
"C:/UnrealProjects/DedicatedProject/Content/Asset/StarterBundle/ModularSci_Int/Meshes/SM_Wall_B_2.ubulk" 1239
"C:/UnrealProjects/DedicatedProject/Content/Asset/StarterBundle/ModularSci_Int/Meshes/SM_Wall_B_2.uasset" 1240
"C:/UnrealProjects/DedicatedProject/Content/Asset/StarterBundle/ModularSci_Int/Meshes/SM_Wall_B_2.uexp" 1241
"C:/UnrealProjects/DedicatedProject/Content/Asset/StarterBundle/ModularSci_Int/Meshes/SM_Wall_B_3.ubulk" 1242
"C:/UnrealProjects/DedicatedProject/Content/Asset/StarterBundle/ModularSci_Int/Meshes/SM_Wall_B_3.uasset" 1243
"C:/UnrealProjects/DedicatedProject/Content/Asset/StarterBundle/ModularSci_Int/Meshes/SM_Wall_B_3.uexp" 1244
"C:/UnrealProjects/DedicatedProject/Content/Asset/StarterBundle/ModularScifiProps/Materials/MI_WirelessBooster2.uasset" 1245
"C:/UnrealProjects/DedicatedProject/Content/Asset/StarterBundle/ModularScifiProps/Materials/MI_WirelessBooster2.uexp" 1246
"C:/UnrealProjects/DedicatedProject/Content/Asset/StarterBundle/ModularSci_Comm/Meshes/SM_Wall_Det_DoorBig_C.ubulk" 1247
"C:/UnrealProjects/DedicatedProject/Content/Asset/StarterBundle/ModularSci_Comm/Meshes/SM_Wall_Det_DoorBig_C.uasset" 1248
"C:/UnrealProjects/DedicatedProject/Content/Asset/StarterBundle/ModularSci_Comm/Meshes/SM_Wall_Det_DoorBig_C.uexp" 1249
"C:/UnrealProjects/DedicatedProject/Content/Asset/StarterBundle/ModularScifiProps/Textures/T_SmokeDetector_N_normals.ubulk" 1250
"C:/UnrealProjects/DedicatedProject/Content/Asset/StarterBundle/ModularScifiProps/Textures/T_SmokeDetector_N_normals.uasset" 1251
"C:/UnrealProjects/DedicatedProject/Content/Asset/StarterBundle/ModularScifiProps/Textures/T_SmokeDetector_N_normals.uexp" 1252
"C:/UnrealProjects/DedicatedProject/Content/Asset/StarterBundle/ModularScifiProps/Textures/T_SmokeDetector_Diff.ubulk" 1253
"C:/UnrealProjects/DedicatedProject/Content/Asset/StarterBundle/ModularScifiProps/Textures/T_SmokeDetector_Diff.uasset" 1254
"C:/UnrealProjects/DedicatedProject/Content/Asset/StarterBundle/ModularScifiProps/Textures/T_SmokeDetector_Diff.uexp" 1255
"C:/UnrealProjects/DedicatedProject/Content/Asset/StarterBundle/ModularScifiProps/Textures/T_SmokeDetector_M.ubulk" 1256
"C:/UnrealProjects/DedicatedProject/Content/Asset/StarterBundle/ModularScifiProps/Textures/T_SmokeDetector_M.uasset" 1257
"C:/UnrealProjects/DedicatedProject/Content/Asset/StarterBundle/ModularScifiProps/Textures/T_SmokeDetector_M.uexp" 1258
"C:/UnrealProjects/DedicatedProject/Content/Asset/StarterBundle/ModularScifiProps/Materials/MI_SmokeDetector.uasset" 1259
"C:/UnrealProjects/DedicatedProject/Content/Asset/StarterBundle/ModularScifiProps/Materials/MI_SmokeDetector.uexp" 1260
"C:/UnrealProjects/DedicatedProject/Content/Asset/StarterBundle/ModularScifiProps/Meshes/SM_SmkDetector.ubulk" 1261
"C:/UnrealProjects/DedicatedProject/Content/Asset/StarterBundle/ModularScifiProps/Meshes/SM_SmkDetector.uasset" 1262
"C:/UnrealProjects/DedicatedProject/Content/Asset/StarterBundle/ModularScifiProps/Meshes/SM_SmkDetector.uexp" 1263
"C:/UnrealProjects/DedicatedProject/Content/Asset/StarterBundle/ModularSci_Comm/Materials/MI_Glass_ObservationWindow.uasset" 1264
"C:/UnrealProjects/DedicatedProject/Content/Asset/StarterBundle/ModularSci_Comm/Materials/MI_Glass_ObservationWindow.uexp" 1265
"C:/UnrealProjects/DedicatedProject/Content/Asset/StarterBundle/ModularScifiHallways/Meshes/SM_Hall_FloorBuffer_B.ubulk" 1266
"C:/UnrealProjects/DedicatedProject/Content/Asset/StarterBundle/ModularScifiHallways/Meshes/SM_Hall_FloorBuffer_B.uasset" 1267
"C:/UnrealProjects/DedicatedProject/Content/Asset/StarterBundle/ModularScifiHallways/Meshes/SM_Hall_FloorBuffer_B.uexp" 1268
"C:/UnrealProjects/DedicatedProject/Content/Asset/StarterBundle/ModularScifiProps/Meshes/SM_Desk_A_v2.ubulk" 1269
"C:/UnrealProjects/DedicatedProject/Content/Asset/StarterBundle/ModularScifiProps/Meshes/SM_Desk_A_v2.uasset" 1270
"C:/UnrealProjects/DedicatedProject/Content/Asset/StarterBundle/ModularScifiProps/Meshes/SM_Desk_A_v2.uexp" 1271
"C:/UnrealProjects/DedicatedProject/Content/Asset/StarterBundle/ModularScifiProps/Materials/MI_Coaster_Holder.uasset" 1272
"C:/UnrealProjects/DedicatedProject/Content/Asset/StarterBundle/ModularScifiProps/Materials/MI_Coaster_Holder.uexp" 1273
"C:/UnrealProjects/DedicatedProject/Content/Asset/StarterBundle/ModularScifiProps/Meshes/SM_CoasterStack.ubulk" 1274
"C:/UnrealProjects/DedicatedProject/Content/Asset/StarterBundle/ModularScifiProps/Meshes/SM_CoasterStack.uasset" 1275
"C:/UnrealProjects/DedicatedProject/Content/Asset/StarterBundle/ModularScifiProps/Meshes/SM_CoasterStack.uexp" 1276
"C:/UnrealProjects/DedicatedProject/Content/Asset/StarterBundle/ModularScifiProps/Textures/T_UI_Details.ubulk" 1277
"C:/UnrealProjects/DedicatedProject/Content/Asset/StarterBundle/ModularScifiProps/Textures/T_UI_Details.uasset" 1278
"C:/UnrealProjects/DedicatedProject/Content/Asset/StarterBundle/ModularScifiProps/Textures/T_UI_Details.uexp" 1279
"C:/UnrealProjects/DedicatedProject/Content/Asset/StarterBundle/ModularScifiProps/Materials/M_UI_Parent.uasset" 1280
"C:/UnrealProjects/DedicatedProject/Content/Asset/StarterBundle/ModularScifiProps/Materials/M_UI_Parent.uexp" 1281
"C:/UnrealProjects/DedicatedProject/Content/Asset/StarterBundle/ModularScifiProps/Textures/T_Keypad_UI_Locked.ubulk" 1282
"C:/UnrealProjects/DedicatedProject/Content/Asset/StarterBundle/ModularScifiProps/Textures/T_Keypad_UI_Locked.uasset" 1283
"C:/UnrealProjects/DedicatedProject/Content/Asset/StarterBundle/ModularScifiProps/Textures/T_Keypad_UI_Locked.uexp" 1284
"C:/UnrealProjects/DedicatedProject/Content/Asset/StarterBundle/ModularScifiProps/Materials/MI_Keypad_Locked.uasset" 1285
"C:/UnrealProjects/DedicatedProject/Content/Asset/StarterBundle/ModularScifiProps/Materials/MI_Keypad_Locked.uexp" 1286
"C:/UnrealProjects/DedicatedProject/Content/Asset/StarterBundle/ModularSci_Comm/Meshes/SM_Wall_Pipe_H.ubulk" 1287
"C:/UnrealProjects/DedicatedProject/Content/Asset/StarterBundle/ModularSci_Comm/Meshes/SM_Wall_Pipe_H.uasset" 1288
"C:/UnrealProjects/DedicatedProject/Content/Asset/StarterBundle/ModularSci_Comm/Meshes/SM_Wall_Pipe_H.uexp" 1289
"C:/UnrealProjects/DedicatedProject/Content/Asset/StarterBundle/ModularScifiHallways/Materials/MI_Ceiling_A_Buffer_M.uasset" 1290
"C:/UnrealProjects/DedicatedProject/Content/Asset/StarterBundle/ModularScifiHallways/Materials/MI_Ceiling_A_Buffer_M.uexp" 1291
"C:/UnrealProjects/DedicatedProject/Content/Asset/StarterBundle/ModularScifiHallways/Meshes/SM_Ceiling_A_Buffer.ubulk" 1292
"C:/UnrealProjects/DedicatedProject/Content/Asset/StarterBundle/ModularScifiHallways/Meshes/SM_Ceiling_A_Buffer.uasset" 1293
"C:/UnrealProjects/DedicatedProject/Content/Asset/StarterBundle/ModularScifiHallways/Meshes/SM_Ceiling_A_Buffer.uexp" 1294
"C:/UnrealProjects/DedicatedProject/Content/Asset/StarterBundle/ModularSci_Int/Textures/T_FloorPanel_A_Diff.ubulk" 1295
"C:/UnrealProjects/DedicatedProject/Content/Asset/StarterBundle/ModularSci_Int/Textures/T_FloorPanel_A_Diff.uasset" 1296
"C:/UnrealProjects/DedicatedProject/Content/Asset/StarterBundle/ModularSci_Int/Textures/T_FloorPanel_A_Diff.uexp" 1297
"C:/UnrealProjects/DedicatedProject/Content/Asset/StarterBundle/ModularSci_Int/Textures/T_FloorPanel_A_M.ubulk" 1298
"C:/UnrealProjects/DedicatedProject/Content/Asset/StarterBundle/ModularSci_Int/Textures/T_FloorPanel_A_M.uasset" 1299
"C:/UnrealProjects/DedicatedProject/Content/Asset/StarterBundle/ModularSci_Int/Textures/T_FloorPanel_A_M.uexp" 1300
"C:/UnrealProjects/DedicatedProject/Content/Asset/StarterBundle/ModularSci_Int/Textures/T_norm.ubulk" 1301
"C:/UnrealProjects/DedicatedProject/Content/Asset/StarterBundle/ModularSci_Int/Textures/T_norm.uasset" 1302
"C:/UnrealProjects/DedicatedProject/Content/Asset/StarterBundle/ModularSci_Int/Textures/T_norm.uexp" 1303
"C:/UnrealProjects/DedicatedProject/Content/Asset/StarterBundle/ModularSci_Int/Materials/MI_FloorPanel_A.uasset" 1304
"C:/UnrealProjects/DedicatedProject/Content/Asset/StarterBundle/ModularSci_Int/Materials/MI_FloorPanel_A.uexp" 1305
"C:/UnrealProjects/DedicatedProject/Content/Asset/StarterBundle/ModularSci_Int/Meshes/SM_FloorPanel_A.ubulk" 1306
"C:/UnrealProjects/DedicatedProject/Content/Asset/StarterBundle/ModularSci_Int/Meshes/SM_FloorPanel_A.uasset" 1307
"C:/UnrealProjects/DedicatedProject/Content/Asset/StarterBundle/ModularSci_Int/Meshes/SM_FloorPanel_A.uexp" 1308
"C:/UnrealProjects/DedicatedProject/Content/Asset/StarterBundle/ModularSci_Int/Textures/T_FloorPanel_A_2_Diff.ubulk" 1309
"C:/UnrealProjects/DedicatedProject/Content/Asset/StarterBundle/ModularSci_Int/Textures/T_FloorPanel_A_2_Diff.uasset" 1310
"C:/UnrealProjects/DedicatedProject/Content/Asset/StarterBundle/ModularSci_Int/Textures/T_FloorPanel_A_2_Diff.uexp" 1311
"C:/UnrealProjects/DedicatedProject/Content/Asset/StarterBundle/ModularSci_Int/Textures/T_FloorPanel_A_2_M.ubulk" 1312
"C:/UnrealProjects/DedicatedProject/Content/Asset/StarterBundle/ModularSci_Int/Textures/T_FloorPanel_A_2_M.uasset" 1313
"C:/UnrealProjects/DedicatedProject/Content/Asset/StarterBundle/ModularSci_Int/Textures/T_FloorPanel_A_2_M.uexp" 1314
"C:/UnrealProjects/DedicatedProject/Content/Asset/StarterBundle/ModularSci_Int/Materials/MI_FloorPanel_A_2.uasset" 1315
"C:/UnrealProjects/DedicatedProject/Content/Asset/StarterBundle/ModularSci_Int/Materials/MI_FloorPanel_A_2.uexp" 1316
"C:/UnrealProjects/DedicatedProject/Content/Asset/StarterBundle/ModularSci_Int/Meshes/SM_FloorPanel_A_2.ubulk" 1317
"C:/UnrealProjects/DedicatedProject/Content/Asset/StarterBundle/ModularSci_Int/Meshes/SM_FloorPanel_A_2.uasset" 1318
"C:/UnrealProjects/DedicatedProject/Content/Asset/StarterBundle/ModularSci_Int/Meshes/SM_FloorPanel_A_2.uexp" 1319
"C:/UnrealProjects/DedicatedProject/Content/Asset/StarterBundle/ModularSci_Comm/Meshes/SM_Ceiling_Panel_A.ubulk" 1320
"C:/UnrealProjects/DedicatedProject/Content/Asset/StarterBundle/ModularSci_Comm/Meshes/SM_Ceiling_Panel_A.uasset" 1321
"C:/UnrealProjects/DedicatedProject/Content/Asset/StarterBundle/ModularSci_Comm/Meshes/SM_Ceiling_Panel_A.uexp" 1322
"C:/UnrealProjects/DedicatedProject/Content/Asset/StarterBundle/ModularScifiProps/Textures/T_HandScanner_M.ubulk" 1323
"C:/UnrealProjects/DedicatedProject/Content/Asset/StarterBundle/ModularScifiProps/Textures/T_HandScanner_M.uasset" 1324
"C:/UnrealProjects/DedicatedProject/Content/Asset/StarterBundle/ModularScifiProps/Textures/T_HandScanner_M.uexp" 1325
"C:/UnrealProjects/DedicatedProject/Content/Asset/StarterBundle/ModularScifiProps/Textures/T_HandScanner_Diff.ubulk" 1326
"C:/UnrealProjects/DedicatedProject/Content/Asset/StarterBundle/ModularScifiProps/Textures/T_HandScanner_Diff.uasset" 1327
"C:/UnrealProjects/DedicatedProject/Content/Asset/StarterBundle/ModularScifiProps/Textures/T_HandScanner_Diff.uexp" 1328
"C:/UnrealProjects/DedicatedProject/Content/Asset/StarterBundle/ModularScifiProps/Textures/T_HandScanner_N_normals.ubulk" 1329
"C:/UnrealProjects/DedicatedProject/Content/Asset/StarterBundle/ModularScifiProps/Textures/T_HandScanner_N_normals.uasset" 1330
"C:/UnrealProjects/DedicatedProject/Content/Asset/StarterBundle/ModularScifiProps/Textures/T_HandScanner_N_normals.uexp" 1331
"C:/UnrealProjects/DedicatedProject/Content/Asset/StarterBundle/ModularScifiProps/Materials/MI_HandScanner.uasset" 1332
"C:/UnrealProjects/DedicatedProject/Content/Asset/StarterBundle/ModularScifiProps/Materials/MI_HandScanner.uexp" 1333
"C:/UnrealProjects/DedicatedProject/Content/Asset/StarterBundle/ModularScifiProps/Meshes/SM_HScanner_Open.ubulk" 1334
"C:/UnrealProjects/DedicatedProject/Content/Asset/StarterBundle/ModularScifiProps/Meshes/SM_HScanner_Open.uasset" 1335
"C:/UnrealProjects/DedicatedProject/Content/Asset/StarterBundle/ModularScifiProps/Meshes/SM_HScanner_Open.uexp" 1336
"C:/UnrealProjects/DedicatedProject/Content/Asset/StarterBundle/ModularSci_Comm/Meshes/SM_Floor_Panel_A1.ubulk" 1337
"C:/UnrealProjects/DedicatedProject/Content/Asset/StarterBundle/ModularSci_Comm/Meshes/SM_Floor_Panel_A1.uasset" 1338
"C:/UnrealProjects/DedicatedProject/Content/Asset/StarterBundle/ModularSci_Comm/Meshes/SM_Floor_Panel_A1.uexp" 1339
"C:/UnrealProjects/DedicatedProject/Content/Asset/StarterBundle/ModularSci_Comm/Meshes/SM_Wall_Window_Pipe.ubulk" 1340
"C:/UnrealProjects/DedicatedProject/Content/Asset/StarterBundle/ModularSci_Comm/Meshes/SM_Wall_Window_Pipe.uasset" 1341
"C:/UnrealProjects/DedicatedProject/Content/Asset/StarterBundle/ModularSci_Comm/Meshes/SM_Wall_Window_Pipe.uexp" 1342
"C:/UnrealProjects/DedicatedProject/Content/Asset/StarterBundle/ModularSci_Int/Meshes/SM_Ceiling_B.ubulk" 1343
"C:/UnrealProjects/DedicatedProject/Content/Asset/StarterBundle/ModularSci_Int/Meshes/SM_Ceiling_B.uasset" 1344
"C:/UnrealProjects/DedicatedProject/Content/Asset/StarterBundle/ModularSci_Int/Meshes/SM_Ceiling_B.uexp" 1345
"C:/UnrealProjects/DedicatedProject/Content/Asset/StarterBundle/ModularSci_Int/Meshes/SM_Ceiling_B_2.ubulk" 1346
"C:/UnrealProjects/DedicatedProject/Content/Asset/StarterBundle/ModularSci_Int/Meshes/SM_Ceiling_B_2.uasset" 1347
"C:/UnrealProjects/DedicatedProject/Content/Asset/StarterBundle/ModularSci_Int/Meshes/SM_Ceiling_B_2.uexp" 1348
"C:/UnrealProjects/DedicatedProject/Content/Asset/StarterBundle/ModularSci_Int/Meshes/SM_Ceiling_B_3.ubulk" 1349
"C:/UnrealProjects/DedicatedProject/Content/Asset/StarterBundle/ModularSci_Int/Meshes/SM_Ceiling_B_3.uasset" 1350
"C:/UnrealProjects/DedicatedProject/Content/Asset/StarterBundle/ModularSci_Int/Meshes/SM_Ceiling_B_3.uexp" 1351
"C:/UnrealProjects/DedicatedProject/Content/Asset/StarterBundle/ModularSci_Int/Meshes/SM_Ceiling_B_4.ubulk" 1352
"C:/UnrealProjects/DedicatedProject/Content/Asset/StarterBundle/ModularSci_Int/Meshes/SM_Ceiling_B_4.uasset" 1353
"C:/UnrealProjects/DedicatedProject/Content/Asset/StarterBundle/ModularSci_Int/Meshes/SM_Ceiling_B_4.uexp" 1354
"C:/UnrealProjects/DedicatedProject/Content/Asset/StarterBundle/ModularScifiProps/Meshes/SM_Cabinet_B.ubulk" 1355
"C:/UnrealProjects/DedicatedProject/Content/Asset/StarterBundle/ModularScifiProps/Meshes/SM_Cabinet_B.uasset" 1356
"C:/UnrealProjects/DedicatedProject/Content/Asset/StarterBundle/ModularScifiProps/Meshes/SM_Cabinet_B.uexp" 1357
"C:/UnrealProjects/DedicatedProject/Content/Asset/StarterBundle/ModularSci_Int/Meshes/SM_WallEdge_A.ubulk" 1358
"C:/UnrealProjects/DedicatedProject/Content/Asset/StarterBundle/ModularSci_Int/Meshes/SM_WallEdge_A.uasset" 1359
"C:/UnrealProjects/DedicatedProject/Content/Asset/StarterBundle/ModularSci_Int/Meshes/SM_WallEdge_A.uexp" 1360
"C:/UnrealProjects/DedicatedProject/Content/Asset/StarterBundle/ModularSci_Int/Meshes/SM_WallEdge_A_2.ubulk" 1361
"C:/UnrealProjects/DedicatedProject/Content/Asset/StarterBundle/ModularSci_Int/Meshes/SM_WallEdge_A_2.uasset" 1362
"C:/UnrealProjects/DedicatedProject/Content/Asset/StarterBundle/ModularSci_Int/Meshes/SM_WallEdge_A_2.uexp" 1363
"C:/UnrealProjects/DedicatedProject/Content/Asset/StarterBundle/ModularSci_Int/Meshes/SM_WallEdge_A_3.ubulk" 1364
"C:/UnrealProjects/DedicatedProject/Content/Asset/StarterBundle/ModularSci_Int/Meshes/SM_WallEdge_A_3.uasset" 1365
"C:/UnrealProjects/DedicatedProject/Content/Asset/StarterBundle/ModularSci_Int/Meshes/SM_WallEdge_A_3.uexp" 1366
"C:/UnrealProjects/DedicatedProject/Content/Asset/StarterBundle/ModularSci_Int/Meshes/SM_WallEdge_A_4.ubulk" 1367
"C:/UnrealProjects/DedicatedProject/Content/Asset/StarterBundle/ModularSci_Int/Meshes/SM_WallEdge_A_4.uasset" 1368
"C:/UnrealProjects/DedicatedProject/Content/Asset/StarterBundle/ModularSci_Int/Meshes/SM_WallEdge_A_4.uexp" 1369
"C:/UnrealProjects/DedicatedProject/Content/Asset/StarterBundle/ModularSci_Comm/Materials/MI_Wall_Detail_A.uasset" 1370
"C:/UnrealProjects/DedicatedProject/Content/Asset/StarterBundle/ModularSci_Comm/Materials/MI_Wall_Detail_A.uexp" 1371
"C:/UnrealProjects/DedicatedProject/Content/Asset/StarterBundle/ModularSci_Comm/Meshes/SM_Wall_Detail_A.ubulk" 1372
"C:/UnrealProjects/DedicatedProject/Content/Asset/StarterBundle/ModularSci_Comm/Meshes/SM_Wall_Detail_A.uasset" 1373
"C:/UnrealProjects/DedicatedProject/Content/Asset/StarterBundle/ModularSci_Comm/Meshes/SM_Wall_Detail_A.uexp" 1374
"C:/UnrealProjects/DedicatedProject/Content/Asset/StarterBundle/ModularSci_Comm/Meshes/SM_Windows_A.ubulk" 1375
"C:/UnrealProjects/DedicatedProject/Content/Asset/StarterBundle/ModularSci_Comm/Meshes/SM_Windows_A.uasset" 1376
"C:/UnrealProjects/DedicatedProject/Content/Asset/StarterBundle/ModularSci_Comm/Meshes/SM_Windows_A.uexp" 1377
"C:/UnrealProjects/DedicatedProject/Content/Asset/StarterBundle/ModularSci_Comm/Meshes/SM_Floor_Panel_A4.ubulk" 1378
"C:/UnrealProjects/DedicatedProject/Content/Asset/StarterBundle/ModularSci_Comm/Meshes/SM_Floor_Panel_A4.uasset" 1379
"C:/UnrealProjects/DedicatedProject/Content/Asset/StarterBundle/ModularSci_Comm/Meshes/SM_Floor_Panel_A4.uexp" 1380
"C:/UnrealProjects/DedicatedProject/Content/Asset/StarterBundle/ModularSci_Comm/Meshes/SM_Ceiling_Main_D.ubulk" 1381
"C:/UnrealProjects/DedicatedProject/Content/Asset/StarterBundle/ModularSci_Comm/Meshes/SM_Ceiling_Main_D.uasset" 1382
"C:/UnrealProjects/DedicatedProject/Content/Asset/StarterBundle/ModularSci_Comm/Meshes/SM_Ceiling_Main_D.uexp" 1383
"../../../Engine/Content/Functions/Engine_MaterialFunctions02/Fresnel_Function.uasset" 1384
"../../../Engine/Content/Functions/Engine_MaterialFunctions02/Fresnel_Function.uexp" 1385
"C:/UnrealProjects/DedicatedProject/Content/Asset/StarterBundle/ModularScifiProps/Materials/M_Glass_Base.uasset" 1386
"C:/UnrealProjects/DedicatedProject/Content/Asset/StarterBundle/ModularScifiProps/Materials/M_Glass_Base.uexp" 1387
"C:/UnrealProjects/DedicatedProject/Content/Asset/StarterBundle/ModularScifiProps/Materials/MI_GlassCup.uasset" 1388
"C:/UnrealProjects/DedicatedProject/Content/Asset/StarterBundle/ModularScifiProps/Materials/MI_GlassCup.uexp" 1389
"C:/UnrealProjects/DedicatedProject/Content/Asset/StarterBundle/ModularScifiProps/Meshes/SM_GlassCup.ubulk" 1390
"C:/UnrealProjects/DedicatedProject/Content/Asset/StarterBundle/ModularScifiProps/Meshes/SM_GlassCup.uasset" 1391
"C:/UnrealProjects/DedicatedProject/Content/Asset/StarterBundle/ModularScifiProps/Meshes/SM_GlassCup.uexp" 1392
"C:/UnrealProjects/DedicatedProject/Content/Asset/StarterBundle/ModularSci_Comm/Meshes/SM_Railing_Window.ubulk" 1393
"C:/UnrealProjects/DedicatedProject/Content/Asset/StarterBundle/ModularSci_Comm/Meshes/SM_Railing_Window.uasset" 1394
"C:/UnrealProjects/DedicatedProject/Content/Asset/StarterBundle/ModularSci_Comm/Meshes/SM_Railing_Window.uexp" 1395
"C:/UnrealProjects/DedicatedProject/Content/Asset/StarterBundle/ModularSci_Int/Textures/T_Hall_Wall_Buffer_Diff.ubulk" 1396
"C:/UnrealProjects/DedicatedProject/Content/Asset/StarterBundle/ModularSci_Int/Textures/T_Hall_Wall_Buffer_Diff.uasset" 1397
"C:/UnrealProjects/DedicatedProject/Content/Asset/StarterBundle/ModularSci_Int/Textures/T_Hall_Wall_Buffer_Diff.uexp" 1398
"C:/UnrealProjects/DedicatedProject/Content/Asset/StarterBundle/ModularSci_Int/Textures/T_Hall_Wall_Buffer_M.ubulk" 1399
"C:/UnrealProjects/DedicatedProject/Content/Asset/StarterBundle/ModularSci_Int/Textures/T_Hall_Wall_Buffer_M.uasset" 1400
"C:/UnrealProjects/DedicatedProject/Content/Asset/StarterBundle/ModularSci_Int/Textures/T_Hall_Wall_Buffer_M.uexp" 1401
"C:/UnrealProjects/DedicatedProject/Content/Asset/StarterBundle/ModularSci_Int/Textures/T_Hall_Wall_Buffer_N_normals.ubulk" 1402
"C:/UnrealProjects/DedicatedProject/Content/Asset/StarterBundle/ModularSci_Int/Textures/T_Hall_Wall_Buffer_N_normals.uasset" 1403
"C:/UnrealProjects/DedicatedProject/Content/Asset/StarterBundle/ModularSci_Int/Textures/T_Hall_Wall_Buffer_N_normals.uexp" 1404
"C:/UnrealProjects/DedicatedProject/Content/Asset/StarterBundle/ModularSci_Int/Materials/MI_WallBuffer_A.uasset" 1405
"C:/UnrealProjects/DedicatedProject/Content/Asset/StarterBundle/ModularSci_Int/Materials/MI_WallBuffer_A.uexp" 1406
"C:/UnrealProjects/DedicatedProject/Content/Asset/StarterBundle/ModularSci_Int/Meshes/SM_WallBuffer_A.ubulk" 1407
"C:/UnrealProjects/DedicatedProject/Content/Asset/StarterBundle/ModularSci_Int/Meshes/SM_WallBuffer_A.uasset" 1408
"C:/UnrealProjects/DedicatedProject/Content/Asset/StarterBundle/ModularSci_Int/Meshes/SM_WallBuffer_A.uexp" 1409
"C:/UnrealProjects/DedicatedProject/Content/Asset/StarterBundle/ModularSci_Comm/Meshes/SM_Floor_Center_A1.ubulk" 1410
"C:/UnrealProjects/DedicatedProject/Content/Asset/StarterBundle/ModularSci_Comm/Meshes/SM_Floor_Center_A1.uasset" 1411
"C:/UnrealProjects/DedicatedProject/Content/Asset/StarterBundle/ModularSci_Comm/Meshes/SM_Floor_Center_A1.uexp" 1412
"C:/UnrealProjects/DedicatedProject/Content/BluePrints/BP_SpawnPoint.uasset" 1413
"C:/UnrealProjects/DedicatedProject/Content/BluePrints/BP_SpawnPoint.uexp" 1414
"C:/UnrealProjects/DedicatedProject/Content/Asset/StarterBundle/ModularSci_Comm/Meshes/SM_Floor_Window_B.ubulk" 1415
"C:/UnrealProjects/DedicatedProject/Content/Asset/StarterBundle/ModularSci_Comm/Meshes/SM_Floor_Window_B.uasset" 1416
"C:/UnrealProjects/DedicatedProject/Content/Asset/StarterBundle/ModularSci_Comm/Meshes/SM_Floor_Window_B.uexp" 1417
"C:/UnrealProjects/DedicatedProject/Content/Asset/StarterBundle/ModularSci_Comm/Meshes/SM_Ceiling_Main_B.ubulk" 1418
"C:/UnrealProjects/DedicatedProject/Content/Asset/StarterBundle/ModularSci_Comm/Meshes/SM_Ceiling_Main_B.uasset" 1419
"C:/UnrealProjects/DedicatedProject/Content/Asset/StarterBundle/ModularSci_Comm/Meshes/SM_Ceiling_Main_B.uexp" 1420
"C:/UnrealProjects/DedicatedProject/Content/Asset/StarterBundle/ModularScifiHallways/Textures/T_Hall_Floor_Main_B_N_normals.ubulk" 1421
"C:/UnrealProjects/DedicatedProject/Content/Asset/StarterBundle/ModularScifiHallways/Textures/T_Hall_Floor_Main_B_N_normals.uasset" 1422
"C:/UnrealProjects/DedicatedProject/Content/Asset/StarterBundle/ModularScifiHallways/Textures/T_Hall_Floor_Main_B_N_normals.uexp" 1423
"C:/UnrealProjects/DedicatedProject/Content/Asset/StarterBundle/ModularScifiHallways/Textures/T_Hall_Floor_Main_B_Diff.ubulk" 1424
"C:/UnrealProjects/DedicatedProject/Content/Asset/StarterBundle/ModularScifiHallways/Textures/T_Hall_Floor_Main_B_Diff.uasset" 1425
"C:/UnrealProjects/DedicatedProject/Content/Asset/StarterBundle/ModularScifiHallways/Textures/T_Hall_Floor_Main_B_Diff.uexp" 1426
"C:/UnrealProjects/DedicatedProject/Content/Asset/StarterBundle/ModularScifiHallways/Textures/T_Hall_Floor_Main_B_M.ubulk" 1427
"C:/UnrealProjects/DedicatedProject/Content/Asset/StarterBundle/ModularScifiHallways/Textures/T_Hall_Floor_Main_B_M.uasset" 1428
"C:/UnrealProjects/DedicatedProject/Content/Asset/StarterBundle/ModularScifiHallways/Textures/T_Hall_Floor_Main_B_M.uexp" 1429
"C:/UnrealProjects/DedicatedProject/Content/Asset/StarterBundle/ModularScifiHallways/Materials/MI_Hall_Floor_Main_B_M.uasset" 1430
"C:/UnrealProjects/DedicatedProject/Content/Asset/StarterBundle/ModularScifiHallways/Materials/MI_Hall_Floor_Main_B_M.uexp" 1431
"C:/UnrealProjects/DedicatedProject/Content/Asset/StarterBundle/ModularScifiHallways/Meshes/SM_Hall_Floor_Main_B.ubulk" 1432
"C:/UnrealProjects/DedicatedProject/Content/Asset/StarterBundle/ModularScifiHallways/Meshes/SM_Hall_Floor_Main_B.uasset" 1433
"C:/UnrealProjects/DedicatedProject/Content/Asset/StarterBundle/ModularScifiHallways/Meshes/SM_Hall_Floor_Main_B.uexp" 1434
"C:/UnrealProjects/DedicatedProject/Content/Asset/StarterBundle/ModularSci_Comm/Meshes/SM_Wall_Det_DoorBig_B.ubulk" 1435
"C:/UnrealProjects/DedicatedProject/Content/Asset/StarterBundle/ModularSci_Comm/Meshes/SM_Wall_Det_DoorBig_B.uasset" 1436
"C:/UnrealProjects/DedicatedProject/Content/Asset/StarterBundle/ModularSci_Comm/Meshes/SM_Wall_Det_DoorBig_B.uexp" 1437
"C:/UnrealProjects/DedicatedProject/Content/Asset/StarterBundle/ModularSci_Comm/Meshes/SM_Wall_Center_A.ubulk" 1438
"C:/UnrealProjects/DedicatedProject/Content/Asset/StarterBundle/ModularSci_Comm/Meshes/SM_Wall_Center_A.uasset" 1439
"C:/UnrealProjects/DedicatedProject/Content/Asset/StarterBundle/ModularSci_Comm/Meshes/SM_Wall_Center_A.uexp" 1440
"C:/UnrealProjects/DedicatedProject/Content/Asset/StarterBundle/ModularScifiHallways/Meshes/SM_Pipes_GRP_C.ubulk" 1441
"C:/UnrealProjects/DedicatedProject/Content/Asset/StarterBundle/ModularScifiHallways/Meshes/SM_Pipes_GRP_C.uasset" 1442
"C:/UnrealProjects/DedicatedProject/Content/Asset/StarterBundle/ModularScifiHallways/Meshes/SM_Pipes_GRP_C.uexp" 1443
"C:/UnrealProjects/DedicatedProject/Content/Asset/StarterBundle/ModularScifiHallways/Textures/T_Hall_Wall_A_M.ubulk" 1444
"C:/UnrealProjects/DedicatedProject/Content/Asset/StarterBundle/ModularScifiHallways/Textures/T_Hall_Wall_A_M.uasset" 1445
"C:/UnrealProjects/DedicatedProject/Content/Asset/StarterBundle/ModularScifiHallways/Textures/T_Hall_Wall_A_M.uexp" 1446
"C:/UnrealProjects/DedicatedProject/Content/Asset/StarterBundle/ModularScifiHallways/Textures/T_Hall_Wall_A_Diff.ubulk" 1447
"C:/UnrealProjects/DedicatedProject/Content/Asset/StarterBundle/ModularScifiHallways/Textures/T_Hall_Wall_A_Diff.uasset" 1448
"C:/UnrealProjects/DedicatedProject/Content/Asset/StarterBundle/ModularScifiHallways/Textures/T_Hall_Wall_A_Diff.uexp" 1449
"C:/UnrealProjects/DedicatedProject/Content/Asset/StarterBundle/ModularScifiHallways/Textures/T_Hall_Wall_A_N_normals.ubulk" 1450
"C:/UnrealProjects/DedicatedProject/Content/Asset/StarterBundle/ModularScifiHallways/Textures/T_Hall_Wall_A_N_normals.uasset" 1451
"C:/UnrealProjects/DedicatedProject/Content/Asset/StarterBundle/ModularScifiHallways/Textures/T_Hall_Wall_A_N_normals.uexp" 1452
"C:/UnrealProjects/DedicatedProject/Content/Asset/StarterBundle/ModularScifiHallways/Materials/MI_Hall_Wall_A_M.uasset" 1453
"C:/UnrealProjects/DedicatedProject/Content/Asset/StarterBundle/ModularScifiHallways/Materials/MI_Hall_Wall_A_M.uexp" 1454
"C:/UnrealProjects/DedicatedProject/Content/Asset/StarterBundle/ModularScifiHallways/Meshes/SM_Hall_Wall_A.ubulk" 1455
"C:/UnrealProjects/DedicatedProject/Content/Asset/StarterBundle/ModularScifiHallways/Meshes/SM_Hall_Wall_A.uasset" 1456
"C:/UnrealProjects/DedicatedProject/Content/Asset/StarterBundle/ModularScifiHallways/Meshes/SM_Hall_Wall_A.uexp" 1457
"C:/UnrealProjects/DedicatedProject/Content/Asset/StarterBundle/ModularSci_Int/Meshes/SM_Doorway_S_C.ubulk" 1458
"C:/UnrealProjects/DedicatedProject/Content/Asset/StarterBundle/ModularSci_Int/Meshes/SM_Doorway_S_C.uasset" 1459
"C:/UnrealProjects/DedicatedProject/Content/Asset/StarterBundle/ModularSci_Int/Meshes/SM_Doorway_S_C.uexp" 1460
"C:/UnrealProjects/DedicatedProject/Content/Asset/StarterBundle/ModularSci_Comm/Meshes/SM_Wall_B.ubulk" 1461
"C:/UnrealProjects/DedicatedProject/Content/Asset/StarterBundle/ModularSci_Comm/Meshes/SM_Wall_B.uasset" 1462
"C:/UnrealProjects/DedicatedProject/Content/Asset/StarterBundle/ModularSci_Comm/Meshes/SM_Wall_B.uexp" 1463
"C:/UnrealProjects/DedicatedProject/Content/Asset/StarterBundle/ModularScifiProps/Textures/T_Vent_A_N_normals.ubulk" 1464
"C:/UnrealProjects/DedicatedProject/Content/Asset/StarterBundle/ModularScifiProps/Textures/T_Vent_A_N_normals.uasset" 1465
"C:/UnrealProjects/DedicatedProject/Content/Asset/StarterBundle/ModularScifiProps/Textures/T_Vent_A_N_normals.uexp" 1466
"C:/UnrealProjects/DedicatedProject/Content/Asset/StarterBundle/ModularScifiProps/Textures/T_Vent_A_M.ubulk" 1467
"C:/UnrealProjects/DedicatedProject/Content/Asset/StarterBundle/ModularScifiProps/Textures/T_Vent_A_M.uasset" 1468
"C:/UnrealProjects/DedicatedProject/Content/Asset/StarterBundle/ModularScifiProps/Textures/T_Vent_A_M.uexp" 1469
"C:/UnrealProjects/DedicatedProject/Content/Asset/StarterBundle/ModularScifiProps/Textures/T_Vent_A_Diff.ubulk" 1470
"C:/UnrealProjects/DedicatedProject/Content/Asset/StarterBundle/ModularScifiProps/Textures/T_Vent_A_Diff.uasset" 1471
"C:/UnrealProjects/DedicatedProject/Content/Asset/StarterBundle/ModularScifiProps/Textures/T_Vent_A_Diff.uexp" 1472
"C:/UnrealProjects/DedicatedProject/Content/Asset/StarterBundle/ModularScifiProps/Materials/MI_Vent_A.uasset" 1473
"C:/UnrealProjects/DedicatedProject/Content/Asset/StarterBundle/ModularScifiProps/Materials/MI_Vent_A.uexp" 1474
"C:/UnrealProjects/DedicatedProject/Content/Asset/StarterBundle/ModularScifiProps/Meshes/SM_Vent_A2.ubulk" 1475
"C:/UnrealProjects/DedicatedProject/Content/Asset/StarterBundle/ModularScifiProps/Meshes/SM_Vent_A2.uasset" 1476
"C:/UnrealProjects/DedicatedProject/Content/Asset/StarterBundle/ModularScifiProps/Meshes/SM_Vent_A2.uexp" 1477
"C:/UnrealProjects/DedicatedProject/Content/Asset/StarterBundle/ModularScifiProps/Textures/T_FireSprinkler_Diff.ubulk" 1478
"C:/UnrealProjects/DedicatedProject/Content/Asset/StarterBundle/ModularScifiProps/Textures/T_FireSprinkler_Diff.uasset" 1479
"C:/UnrealProjects/DedicatedProject/Content/Asset/StarterBundle/ModularScifiProps/Textures/T_FireSprinkler_Diff.uexp" 1480
"C:/UnrealProjects/DedicatedProject/Content/Asset/StarterBundle/ModularScifiProps/Textures/T_FireSprinkler_N_normals.ubulk" 1481
"C:/UnrealProjects/DedicatedProject/Content/Asset/StarterBundle/ModularScifiProps/Textures/T_FireSprinkler_N_normals.uasset" 1482
"C:/UnrealProjects/DedicatedProject/Content/Asset/StarterBundle/ModularScifiProps/Textures/T_FireSprinkler_N_normals.uexp" 1483
"C:/UnrealProjects/DedicatedProject/Content/Asset/StarterBundle/ModularScifiProps/Textures/T_FireSprinkler_M.ubulk" 1484
"C:/UnrealProjects/DedicatedProject/Content/Asset/StarterBundle/ModularScifiProps/Textures/T_FireSprinkler_M.uasset" 1485
"C:/UnrealProjects/DedicatedProject/Content/Asset/StarterBundle/ModularScifiProps/Textures/T_FireSprinkler_M.uexp" 1486
"C:/UnrealProjects/DedicatedProject/Content/Asset/StarterBundle/ModularScifiProps/Materials/MI_FireSprinkler.uasset" 1487
"C:/UnrealProjects/DedicatedProject/Content/Asset/StarterBundle/ModularScifiProps/Materials/MI_FireSprinkler.uexp" 1488
"C:/UnrealProjects/DedicatedProject/Content/Asset/StarterBundle/ModularScifiProps/Meshes/SM_FireSprinkler.ubulk" 1489
"C:/UnrealProjects/DedicatedProject/Content/Asset/StarterBundle/ModularScifiProps/Meshes/SM_FireSprinkler.uasset" 1490
"C:/UnrealProjects/DedicatedProject/Content/Asset/StarterBundle/ModularScifiProps/Meshes/SM_FireSprinkler.uexp" 1491
"C:/UnrealProjects/DedicatedProject/Content/Asset/StarterBundle/ModularScifiHallways/Textures/T_EnergyCore_A_M.uasset" 1492
"C:/UnrealProjects/DedicatedProject/Content/Asset/StarterBundle/ModularScifiHallways/Textures/T_EnergyCore_A_M.uexp" 1493
"C:/UnrealProjects/DedicatedProject/Content/Asset/StarterBundle/ModularScifiHallways/Textures/T_EnergyCore_A_Diff.uasset" 1494
"C:/UnrealProjects/DedicatedProject/Content/Asset/StarterBundle/ModularScifiHallways/Textures/T_EnergyCore_A_Diff.uexp" 1495
"C:/UnrealProjects/DedicatedProject/Content/Asset/StarterBundle/ModularScifiHallways/Textures/T_EnergyCore_A_N_normals.uasset" 1496
"C:/UnrealProjects/DedicatedProject/Content/Asset/StarterBundle/ModularScifiHallways/Textures/T_EnergyCore_A_N_normals.uexp" 1497
"C:/UnrealProjects/DedicatedProject/Content/Asset/StarterBundle/ModularScifiHallways/Materials/MI_EnergyCore_A_M.uasset" 1498
"C:/UnrealProjects/DedicatedProject/Content/Asset/StarterBundle/ModularScifiHallways/Materials/MI_EnergyCore_A_M.uexp" 1499
"C:/UnrealProjects/DedicatedProject/Content/Asset/StarterBundle/ModularScifiHallways/Textures/T_EnergyCore_EM.ubulk" 1500
"C:/UnrealProjects/DedicatedProject/Content/Asset/StarterBundle/ModularScifiHallways/Textures/T_EnergyCore_EM.uasset" 1501
"C:/UnrealProjects/DedicatedProject/Content/Asset/StarterBundle/ModularScifiHallways/Textures/T_EnergyCore_EM.uexp" 1502
"C:/UnrealProjects/DedicatedProject/Content/Asset/StarterBundle/ModularScifiHallways/Materials/M_EnergyEmissive.uasset" 1503
"C:/UnrealProjects/DedicatedProject/Content/Asset/StarterBundle/ModularScifiHallways/Materials/M_EnergyEmissive.uexp" 1504
"C:/UnrealProjects/DedicatedProject/Content/Asset/StarterBundle/ModularScifiHallways/Materials/MI_EnergyEmissive_A.uasset" 1505
"C:/UnrealProjects/DedicatedProject/Content/Asset/StarterBundle/ModularScifiHallways/Materials/MI_EnergyEmissive_A.uexp" 1506
"C:/UnrealProjects/DedicatedProject/Content/Asset/StarterBundle/ModularScifiHallways/Materials/MI_Pipes_ADark_M.uasset" 1507
"C:/UnrealProjects/DedicatedProject/Content/Asset/StarterBundle/ModularScifiHallways/Materials/MI_Pipes_ADark_M.uexp" 1508
"C:/UnrealProjects/DedicatedProject/Content/Asset/StarterBundle/ModularScifiHallways/Meshes/SM_EnergyCore_A.ubulk" 1509
"C:/UnrealProjects/DedicatedProject/Content/Asset/StarterBundle/ModularScifiHallways/Meshes/SM_EnergyCore_A.uasset" 1510
"C:/UnrealProjects/DedicatedProject/Content/Asset/StarterBundle/ModularScifiHallways/Meshes/SM_EnergyCore_A.uexp" 1511
"C:/UnrealProjects/DedicatedProject/Content/Asset/StarterBundle/ModularScifiHallways/Textures/T_Hall_Pipes_Ceiling_N_normals.ubulk" 1512
"C:/UnrealProjects/DedicatedProject/Content/Asset/StarterBundle/ModularScifiHallways/Textures/T_Hall_Pipes_Ceiling_N_normals.uasset" 1513
"C:/UnrealProjects/DedicatedProject/Content/Asset/StarterBundle/ModularScifiHallways/Textures/T_Hall_Pipes_Ceiling_N_normals.uexp" 1514
"C:/UnrealProjects/DedicatedProject/Content/Asset/StarterBundle/ModularScifiHallways/Textures/T_Hall_Pipes_Ceiling_M.ubulk" 1515
"C:/UnrealProjects/DedicatedProject/Content/Asset/StarterBundle/ModularScifiHallways/Textures/T_Hall_Pipes_Ceiling_M.uasset" 1516
"C:/UnrealProjects/DedicatedProject/Content/Asset/StarterBundle/ModularScifiHallways/Textures/T_Hall_Pipes_Ceiling_M.uexp" 1517
"C:/UnrealProjects/DedicatedProject/Content/Asset/StarterBundle/ModularScifiHallways/Textures/T_Hall_Pipes_Ceiling_Diff.ubulk" 1518
"C:/UnrealProjects/DedicatedProject/Content/Asset/StarterBundle/ModularScifiHallways/Textures/T_Hall_Pipes_Ceiling_Diff.uasset" 1519
"C:/UnrealProjects/DedicatedProject/Content/Asset/StarterBundle/ModularScifiHallways/Textures/T_Hall_Pipes_Ceiling_Diff.uexp" 1520
"C:/UnrealProjects/DedicatedProject/Content/Asset/StarterBundle/ModularScifiHallways/Materials/MI_Hall_Pipes_Ceiling_M.uasset" 1521
"C:/UnrealProjects/DedicatedProject/Content/Asset/StarterBundle/ModularScifiHallways/Materials/MI_Hall_Pipes_Ceiling_M.uexp" 1522
"C:/UnrealProjects/DedicatedProject/Content/Asset/StarterBundle/ModularScifiHallways/Meshes/SM_Hall_Pipes_Ceiling.ubulk" 1523
"C:/UnrealProjects/DedicatedProject/Content/Asset/StarterBundle/ModularScifiHallways/Meshes/SM_Hall_Pipes_Ceiling.uasset" 1524
"C:/UnrealProjects/DedicatedProject/Content/Asset/StarterBundle/ModularScifiHallways/Meshes/SM_Hall_Pipes_Ceiling.uexp" 1525
"C:/UnrealProjects/DedicatedProject/Content/Asset/StarterBundle/ModularSci_Comm/Materials/MI_Pipes_A_Dark.uasset" 1526
"C:/UnrealProjects/DedicatedProject/Content/Asset/StarterBundle/ModularSci_Comm/Materials/MI_Pipes_A_Dark.uexp" 1527
"C:/UnrealProjects/DedicatedProject/Content/Asset/StarterBundle/ModularScifiProps/Textures/T_Keypad_Diff.ubulk" 1528
"C:/UnrealProjects/DedicatedProject/Content/Asset/StarterBundle/ModularScifiProps/Textures/T_Keypad_Diff.uasset" 1529
"C:/UnrealProjects/DedicatedProject/Content/Asset/StarterBundle/ModularScifiProps/Textures/T_Keypad_Diff.uexp" 1530
"C:/UnrealProjects/DedicatedProject/Content/Asset/StarterBundle/ModularScifiProps/Textures/T_Keypad_N_normals.ubulk" 1531
"C:/UnrealProjects/DedicatedProject/Content/Asset/StarterBundle/ModularScifiProps/Textures/T_Keypad_N_normals.uasset" 1532
"C:/UnrealProjects/DedicatedProject/Content/Asset/StarterBundle/ModularScifiProps/Textures/T_Keypad_N_normals.uexp" 1533
"C:/UnrealProjects/DedicatedProject/Content/Asset/StarterBundle/ModularScifiProps/Textures/T_Keypad_M.ubulk" 1534
"C:/UnrealProjects/DedicatedProject/Content/Asset/StarterBundle/ModularScifiProps/Textures/T_Keypad_M.uasset" 1535
"C:/UnrealProjects/DedicatedProject/Content/Asset/StarterBundle/ModularScifiProps/Textures/T_Keypad_M.uexp" 1536
"C:/UnrealProjects/DedicatedProject/Content/Asset/StarterBundle/ModularScifiProps/Materials/MI_Keypad.uasset" 1537
"C:/UnrealProjects/DedicatedProject/Content/Asset/StarterBundle/ModularScifiProps/Materials/MI_Keypad.uexp" 1538
"C:/UnrealProjects/DedicatedProject/Content/Asset/StarterBundle/ModularScifiProps/Materials/MI_Keypad_Login.uasset" 1539
"C:/UnrealProjects/DedicatedProject/Content/Asset/StarterBundle/ModularScifiProps/Materials/MI_Keypad_Login.uexp" 1540
"C:/UnrealProjects/DedicatedProject/Content/Asset/StarterBundle/ModularScifiProps/Materials/MI_Light_Green.uasset" 1541
"C:/UnrealProjects/DedicatedProject/Content/Asset/StarterBundle/ModularScifiProps/Materials/MI_Light_Green.uexp" 1542
"C:/UnrealProjects/DedicatedProject/Content/Asset/StarterBundle/ModularScifiProps/Meshes/SM_Keypad.ubulk" 1543
"C:/UnrealProjects/DedicatedProject/Content/Asset/StarterBundle/ModularScifiProps/Meshes/SM_Keypad.uasset" 1544
"C:/UnrealProjects/DedicatedProject/Content/Asset/StarterBundle/ModularScifiProps/Meshes/SM_Keypad.uexp" 1545
"C:/UnrealProjects/DedicatedProject/Content/Asset/StarterBundle/ModularScifiProps/Meshes/SM_Ceiling_A.ubulk" 1546
"C:/UnrealProjects/DedicatedProject/Content/Asset/StarterBundle/ModularScifiProps/Meshes/SM_Ceiling_A.uasset" 1547
"C:/UnrealProjects/DedicatedProject/Content/Asset/StarterBundle/ModularScifiProps/Meshes/SM_Ceiling_A.uexp" 1548
"C:/UnrealProjects/DedicatedProject/Content/Asset/StarterBundle/ModularSci_Comm/Materials/MI_Trims_C_Light_Dirt2.uasset" 1549
"C:/UnrealProjects/DedicatedProject/Content/Asset/StarterBundle/ModularSci_Comm/Materials/MI_Trims_C_Light_Dirt2.uexp" 1550
"C:/UnrealProjects/DedicatedProject/Content/Asset/StarterBundle/ModularSci_Comm/Materials/MI_Solid_Gray.uasset" 1551
"C:/UnrealProjects/DedicatedProject/Content/Asset/StarterBundle/ModularSci_Comm/Materials/MI_Solid_Gray.uexp" 1552
"C:/UnrealProjects/DedicatedProject/Content/Asset/StarterBundle/ModularSci_Comm/Meshes/SM_Ceiling_OuterRing_B.ubulk" 1553
"C:/UnrealProjects/DedicatedProject/Content/Asset/StarterBundle/ModularSci_Comm/Meshes/SM_Ceiling_OuterRing_B.uasset" 1554
"C:/UnrealProjects/DedicatedProject/Content/Asset/StarterBundle/ModularSci_Comm/Meshes/SM_Ceiling_OuterRing_B.uexp" 1555
"C:/UnrealProjects/DedicatedProject/Content/Asset/StarterBundle/ModularScifiProps/Meshes/SM_Laptop_Closed.ubulk" 1556
"C:/UnrealProjects/DedicatedProject/Content/Asset/StarterBundle/ModularScifiProps/Meshes/SM_Laptop_Closed.uasset" 1557
"C:/UnrealProjects/DedicatedProject/Content/Asset/StarterBundle/ModularScifiProps/Meshes/SM_Laptop_Closed.uexp" 1558
"C:/UnrealProjects/DedicatedProject/Content/Asset/StarterBundle/ModularSci_Comm/Materials/MI_Trims_B_Black.uasset" 1559
"C:/UnrealProjects/DedicatedProject/Content/Asset/StarterBundle/ModularSci_Comm/Materials/MI_Trims_B_Black.uexp" 1560
"C:/UnrealProjects/DedicatedProject/Content/Asset/StarterBundle/ModularSci_Comm/Meshes/SM_Ceiling_Pipe_Large.ubulk" 1561
"C:/UnrealProjects/DedicatedProject/Content/Asset/StarterBundle/ModularSci_Comm/Meshes/SM_Ceiling_Pipe_Large.uasset" 1562
"C:/UnrealProjects/DedicatedProject/Content/Asset/StarterBundle/ModularSci_Comm/Meshes/SM_Ceiling_Pipe_Large.uexp" 1563
"C:/UnrealProjects/DedicatedProject/Content/Asset/StarterBundle/ModularSci_Comm/Meshes/SM_Ceiling_OuterRing_D.ubulk" 1564
"C:/UnrealProjects/DedicatedProject/Content/Asset/StarterBundle/ModularSci_Comm/Meshes/SM_Ceiling_OuterRing_D.uasset" 1565
"C:/UnrealProjects/DedicatedProject/Content/Asset/StarterBundle/ModularSci_Comm/Meshes/SM_Ceiling_OuterRing_D.uexp" 1566
"C:/UnrealProjects/DedicatedProject/Content/Asset/StarterBundle/ModularScifiProps/Textures/T_WasteBin_M.ubulk" 1567
"C:/UnrealProjects/DedicatedProject/Content/Asset/StarterBundle/ModularScifiProps/Textures/T_WasteBin_M.uasset" 1568
"C:/UnrealProjects/DedicatedProject/Content/Asset/StarterBundle/ModularScifiProps/Textures/T_WasteBin_M.uexp" 1569
"C:/UnrealProjects/DedicatedProject/Content/Asset/StarterBundle/ModularScifiProps/Textures/T_WasteBin_Diff.ubulk" 1570
"C:/UnrealProjects/DedicatedProject/Content/Asset/StarterBundle/ModularScifiProps/Textures/T_WasteBin_Diff.uasset" 1571
"C:/UnrealProjects/DedicatedProject/Content/Asset/StarterBundle/ModularScifiProps/Textures/T_WasteBin_Diff.uexp" 1572
"C:/UnrealProjects/DedicatedProject/Content/Asset/StarterBundle/ModularScifiProps/Textures/T_WasteBin_N_normals.ubulk" 1573
"C:/UnrealProjects/DedicatedProject/Content/Asset/StarterBundle/ModularScifiProps/Textures/T_WasteBin_N_normals.uasset" 1574
"C:/UnrealProjects/DedicatedProject/Content/Asset/StarterBundle/ModularScifiProps/Textures/T_WasteBin_N_normals.uexp" 1575
"C:/UnrealProjects/DedicatedProject/Content/Asset/StarterBundle/ModularScifiProps/Materials/MI_WasteBin.uasset" 1576
"C:/UnrealProjects/DedicatedProject/Content/Asset/StarterBundle/ModularScifiProps/Materials/MI_WasteBin.uexp" 1577
"C:/UnrealProjects/DedicatedProject/Content/Asset/StarterBundle/ModularScifiProps/Meshes/SM_WasteBin.ubulk" 1578
"C:/UnrealProjects/DedicatedProject/Content/Asset/StarterBundle/ModularScifiProps/Meshes/SM_WasteBin.uasset" 1579
"C:/UnrealProjects/DedicatedProject/Content/Asset/StarterBundle/ModularScifiProps/Meshes/SM_WasteBin.uexp" 1580
"C:/UnrealProjects/DedicatedProject/Content/Asset/StarterBundle/ModularSci_Comm/Materials/MI_Light_White_Brighter.uasset" 1581
"C:/UnrealProjects/DedicatedProject/Content/Asset/StarterBundle/ModularSci_Comm/Materials/MI_Light_White_Brighter.uexp" 1582
"C:/UnrealProjects/DedicatedProject/Content/Asset/StarterBundle/ModularSci_Comm/Meshes/SM_Light_A.ubulk" 1583
"C:/UnrealProjects/DedicatedProject/Content/Asset/StarterBundle/ModularSci_Comm/Meshes/SM_Light_A.uasset" 1584
"C:/UnrealProjects/DedicatedProject/Content/Asset/StarterBundle/ModularSci_Comm/Meshes/SM_Light_A.uexp" 1585
"C:/UnrealProjects/DedicatedProject/Content/Asset/StarterBundle/ModularSci_Comm/Meshes/SM_Wall_Pipe_DoorSmall.ubulk" 1586
"C:/UnrealProjects/DedicatedProject/Content/Asset/StarterBundle/ModularSci_Comm/Meshes/SM_Wall_Pipe_DoorSmall.uasset" 1587
"C:/UnrealProjects/DedicatedProject/Content/Asset/StarterBundle/ModularSci_Comm/Meshes/SM_Wall_Pipe_DoorSmall.uexp" 1588
"C:/UnrealProjects/DedicatedProject/Content/Asset/StarterBundle/ModularSci_Comm/Meshes/SM_Ceiling_Window_A_Glass.ubulk" 1589
"C:/UnrealProjects/DedicatedProject/Content/Asset/StarterBundle/ModularSci_Comm/Meshes/SM_Ceiling_Window_A_Glass.uasset" 1590
"C:/UnrealProjects/DedicatedProject/Content/Asset/StarterBundle/ModularSci_Comm/Meshes/SM_Ceiling_Window_A_Glass.uexp" 1591
"C:/UnrealProjects/DedicatedProject/Content/Asset/StarterBundle/ModularScifiProps/Meshes/SM_WallCab_1D_Op.ubulk" 1592
"C:/UnrealProjects/DedicatedProject/Content/Asset/StarterBundle/ModularScifiProps/Meshes/SM_WallCab_1D_Op.uasset" 1593
"C:/UnrealProjects/DedicatedProject/Content/Asset/StarterBundle/ModularScifiProps/Meshes/SM_WallCab_1D_Op.uexp" 1594
"C:/UnrealProjects/DedicatedProject/Content/Asset/StarterBundle/ModularSci_Comm/Meshes/SM_Floor_Filler.ubulk" 1595
"C:/UnrealProjects/DedicatedProject/Content/Asset/StarterBundle/ModularSci_Comm/Meshes/SM_Floor_Filler.uasset" 1596
"C:/UnrealProjects/DedicatedProject/Content/Asset/StarterBundle/ModularSci_Comm/Meshes/SM_Floor_Filler.uexp" 1597
"C:/UnrealProjects/DedicatedProject/Content/Asset/StarterBundle/ModularSci_Comm/Meshes/SM_Wall_Window_A.ubulk" 1598
"C:/UnrealProjects/DedicatedProject/Content/Asset/StarterBundle/ModularSci_Comm/Meshes/SM_Wall_Window_A.uasset" 1599
"C:/UnrealProjects/DedicatedProject/Content/Asset/StarterBundle/ModularSci_Comm/Meshes/SM_Wall_Window_A.uexp" 1600
"C:/UnrealProjects/DedicatedProject/Content/Asset/StarterBundle/ModularSci_Comm/Meshes/SM_Wall_Pipe_A.ubulk" 1601
"C:/UnrealProjects/DedicatedProject/Content/Asset/StarterBundle/ModularSci_Comm/Meshes/SM_Wall_Pipe_A.uasset" 1602
"C:/UnrealProjects/DedicatedProject/Content/Asset/StarterBundle/ModularSci_Comm/Meshes/SM_Wall_Pipe_A.uexp" 1603
"C:/UnrealProjects/DedicatedProject/Content/Asset/StarterBundle/ModularSci_Comm/Meshes/SM_Ceiling_Ring_A2.ubulk" 1604
"C:/UnrealProjects/DedicatedProject/Content/Asset/StarterBundle/ModularSci_Comm/Meshes/SM_Ceiling_Ring_A2.uasset" 1605
"C:/UnrealProjects/DedicatedProject/Content/Asset/StarterBundle/ModularSci_Comm/Meshes/SM_Ceiling_Ring_A2.uexp" 1606
"C:/UnrealProjects/DedicatedProject/Content/Asset/StarterBundle/ModularScifiProps/Meshes/SM_WallDiv_A.ubulk" 1607
"C:/UnrealProjects/DedicatedProject/Content/Asset/StarterBundle/ModularScifiProps/Meshes/SM_WallDiv_A.uasset" 1608
"C:/UnrealProjects/DedicatedProject/Content/Asset/StarterBundle/ModularScifiProps/Meshes/SM_WallDiv_A.uexp" 1609
"C:/UnrealProjects/DedicatedProject/Content/Asset/StarterBundle/ModularSci_Comm/Meshes/SM_Wall_Div_Slim2.ubulk" 1610
"C:/UnrealProjects/DedicatedProject/Content/Asset/StarterBundle/ModularSci_Comm/Meshes/SM_Wall_Div_Slim2.uasset" 1611
"C:/UnrealProjects/DedicatedProject/Content/Asset/StarterBundle/ModularSci_Comm/Meshes/SM_Wall_Div_Slim2.uexp" 1612
"C:/UnrealProjects/DedicatedProject/Content/Asset/StarterBundle/ModularScifiProps/Meshes/SM_Shelf_A_v1.ubulk" 1613
"C:/UnrealProjects/DedicatedProject/Content/Asset/StarterBundle/ModularScifiProps/Meshes/SM_Shelf_A_v1.uasset" 1614
"C:/UnrealProjects/DedicatedProject/Content/Asset/StarterBundle/ModularScifiProps/Meshes/SM_Shelf_A_v1.uexp" 1615
"C:/UnrealProjects/DedicatedProject/Content/Asset/StarterBundle/ModularScifiProps/Meshes/SM_Vent_A.ubulk" 1616
"C:/UnrealProjects/DedicatedProject/Content/Asset/StarterBundle/ModularScifiProps/Meshes/SM_Vent_A.uasset" 1617
"C:/UnrealProjects/DedicatedProject/Content/Asset/StarterBundle/ModularScifiProps/Meshes/SM_Vent_A.uexp" 1618
"C:/UnrealProjects/DedicatedProject/Content/Asset/StarterBundle/ModularScifiProps/Textures/T_Laptop_Mail.uasset" 1619
"C:/UnrealProjects/DedicatedProject/Content/Asset/StarterBundle/ModularScifiProps/Textures/T_Laptop_Mail.uexp" 1620
"C:/UnrealProjects/DedicatedProject/Content/Asset/StarterBundle/ModularScifiProps/Materials/MI_Laptop_Mail.uasset" 1621
"C:/UnrealProjects/DedicatedProject/Content/Asset/StarterBundle/ModularScifiProps/Materials/MI_Laptop_Mail.uexp" 1622
"C:/UnrealProjects/DedicatedProject/Content/Asset/StarterBundle/ModularSci_Comm/Meshes/SM_Wall_Center_B.ubulk" 1623
"C:/UnrealProjects/DedicatedProject/Content/Asset/StarterBundle/ModularSci_Comm/Meshes/SM_Wall_Center_B.uasset" 1624
"C:/UnrealProjects/DedicatedProject/Content/Asset/StarterBundle/ModularSci_Comm/Meshes/SM_Wall_Center_B.uexp" 1625
"C:/UnrealProjects/DedicatedProject/Content/Asset/StarterBundle/ModularScifiProps/Meshes/SM_Ceiling_Div_A.ubulk" 1626
"C:/UnrealProjects/DedicatedProject/Content/Asset/StarterBundle/ModularScifiProps/Meshes/SM_Ceiling_Div_A.uasset" 1627
"C:/UnrealProjects/DedicatedProject/Content/Asset/StarterBundle/ModularScifiProps/Meshes/SM_Ceiling_Div_A.uexp" 1628
"C:/UnrealProjects/DedicatedProject/Content/Asset/StarterBundle/ModularSci_Int/Materials/MI_Trims_B_Orange.uasset" 1629
"C:/UnrealProjects/DedicatedProject/Content/Asset/StarterBundle/ModularSci_Int/Materials/MI_Trims_B_Orange.uexp" 1630
"C:/UnrealProjects/DedicatedProject/Content/Asset/StarterBundle/ModularSci_Int/Meshes/SM_Wall_C.ubulk" 1631
"C:/UnrealProjects/DedicatedProject/Content/Asset/StarterBundle/ModularSci_Int/Meshes/SM_Wall_C.uasset" 1632
"C:/UnrealProjects/DedicatedProject/Content/Asset/StarterBundle/ModularSci_Int/Meshes/SM_Wall_C.uexp" 1633
"C:/UnrealProjects/DedicatedProject/Content/Asset/StarterBundle/ModularScifiHallways/Textures/T_Hall_Wall_B_M.ubulk" 1634
"C:/UnrealProjects/DedicatedProject/Content/Asset/StarterBundle/ModularScifiHallways/Textures/T_Hall_Wall_B_M.uasset" 1635
"C:/UnrealProjects/DedicatedProject/Content/Asset/StarterBundle/ModularScifiHallways/Textures/T_Hall_Wall_B_M.uexp" 1636
"C:/UnrealProjects/DedicatedProject/Content/Asset/StarterBundle/ModularScifiHallways/Textures/T_Hall_Wall_B_N_normals.ubulk" 1637
"C:/UnrealProjects/DedicatedProject/Content/Asset/StarterBundle/ModularScifiHallways/Textures/T_Hall_Wall_B_N_normals.uasset" 1638
"C:/UnrealProjects/DedicatedProject/Content/Asset/StarterBundle/ModularScifiHallways/Textures/T_Hall_Wall_B_N_normals.uexp" 1639
"C:/UnrealProjects/DedicatedProject/Content/Asset/StarterBundle/ModularScifiHallways/Textures/T_Hall_Wall_B_Diff.ubulk" 1640
"C:/UnrealProjects/DedicatedProject/Content/Asset/StarterBundle/ModularScifiHallways/Textures/T_Hall_Wall_B_Diff.uasset" 1641
"C:/UnrealProjects/DedicatedProject/Content/Asset/StarterBundle/ModularScifiHallways/Textures/T_Hall_Wall_B_Diff.uexp" 1642
"C:/UnrealProjects/DedicatedProject/Content/Asset/StarterBundle/ModularScifiHallways/Materials/MI_Hall_Wall_B_M.uasset" 1643
"C:/UnrealProjects/DedicatedProject/Content/Asset/StarterBundle/ModularScifiHallways/Materials/MI_Hall_Wall_B_M.uexp" 1644
"C:/UnrealProjects/DedicatedProject/Content/Asset/StarterBundle/ModularScifiHallways/Meshes/SM_Hall_Wall_B.ubulk" 1645
"C:/UnrealProjects/DedicatedProject/Content/Asset/StarterBundle/ModularScifiHallways/Meshes/SM_Hall_Wall_B.uasset" 1646
"C:/UnrealProjects/DedicatedProject/Content/Asset/StarterBundle/ModularScifiHallways/Meshes/SM_Hall_Wall_B.uexp" 1647
"C:/UnrealProjects/DedicatedProject/Content/Asset/StarterBundle/ModularScifiProps/Materials/MI_Light_White.uasset" 1648
"C:/UnrealProjects/DedicatedProject/Content/Asset/StarterBundle/ModularScifiProps/Materials/MI_Light_White.uexp" 1649
"C:/UnrealProjects/DedicatedProject/Content/Asset/StarterBundle/ModularScifiProps/Materials/MI_Reg_Glass_Dark.uasset" 1650
"C:/UnrealProjects/DedicatedProject/Content/Asset/StarterBundle/ModularScifiProps/Materials/MI_Reg_Glass_Dark.uexp" 1651
"C:/UnrealProjects/DedicatedProject/Content/Asset/StarterBundle/ModularScifiProps/Textures/T_CeilingLight_N_normals.ubulk" 1652
"C:/UnrealProjects/DedicatedProject/Content/Asset/StarterBundle/ModularScifiProps/Textures/T_CeilingLight_N_normals.uasset" 1653
"C:/UnrealProjects/DedicatedProject/Content/Asset/StarterBundle/ModularScifiProps/Textures/T_CeilingLight_N_normals.uexp" 1654
"C:/UnrealProjects/DedicatedProject/Content/Asset/StarterBundle/ModularScifiProps/Textures/T_CeilingLight_M.ubulk" 1655
"C:/UnrealProjects/DedicatedProject/Content/Asset/StarterBundle/ModularScifiProps/Textures/T_CeilingLight_M.uasset" 1656
"C:/UnrealProjects/DedicatedProject/Content/Asset/StarterBundle/ModularScifiProps/Textures/T_CeilingLight_M.uexp" 1657
"C:/UnrealProjects/DedicatedProject/Content/Asset/StarterBundle/ModularScifiProps/Textures/T_CeilingLight_Diff.ubulk" 1658
"C:/UnrealProjects/DedicatedProject/Content/Asset/StarterBundle/ModularScifiProps/Textures/T_CeilingLight_Diff.uasset" 1659
"C:/UnrealProjects/DedicatedProject/Content/Asset/StarterBundle/ModularScifiProps/Textures/T_CeilingLight_Diff.uexp" 1660
"C:/UnrealProjects/DedicatedProject/Content/Asset/StarterBundle/ModularScifiProps/Materials/MI_CeilingLight.uasset" 1661
"C:/UnrealProjects/DedicatedProject/Content/Asset/StarterBundle/ModularScifiProps/Materials/MI_CeilingLight.uexp" 1662
"C:/UnrealProjects/DedicatedProject/Content/Asset/StarterBundle/ModularScifiProps/Meshes/SM_CeilingLight.ubulk" 1663
"C:/UnrealProjects/DedicatedProject/Content/Asset/StarterBundle/ModularScifiProps/Meshes/SM_CeilingLight.uasset" 1664
"C:/UnrealProjects/DedicatedProject/Content/Asset/StarterBundle/ModularScifiProps/Meshes/SM_CeilingLight.uexp" 1665
"C:/UnrealProjects/DedicatedProject/Content/Asset/StarterBundle/ModularScifiHallways/Materials/MI_Hall_Ceiling_Main_NoLight_M.uasset" 1666
"C:/UnrealProjects/DedicatedProject/Content/Asset/StarterBundle/ModularScifiHallways/Materials/MI_Hall_Ceiling_Main_NoLight_M.uexp" 1667
"C:/UnrealProjects/DedicatedProject/Content/Asset/StarterBundle/ModularSci_Comm/Meshes/SM_Wall_Div_Slim.ubulk" 1668
"C:/UnrealProjects/DedicatedProject/Content/Asset/StarterBundle/ModularSci_Comm/Meshes/SM_Wall_Div_Slim.uasset" 1669
"C:/UnrealProjects/DedicatedProject/Content/Asset/StarterBundle/ModularSci_Comm/Meshes/SM_Wall_Div_Slim.uexp" 1670
"C:/UnrealProjects/DedicatedProject/Content/Asset/StarterBundle/ModularSci_Int/Textures/T_Lights_Square.ubulk" 1671
"C:/UnrealProjects/DedicatedProject/Content/Asset/StarterBundle/ModularSci_Int/Textures/T_Lights_Square.uasset" 1672
"C:/UnrealProjects/DedicatedProject/Content/Asset/StarterBundle/ModularSci_Int/Textures/T_Lights_Square.uexp" 1673
"C:/UnrealProjects/DedicatedProject/Content/Asset/StarterBundle/ModularSci_Int/Materials/M_Light_Base.uasset" 1674
"C:/UnrealProjects/DedicatedProject/Content/Asset/StarterBundle/ModularSci_Int/Materials/M_Light_Base.uexp" 1675
"C:/UnrealProjects/DedicatedProject/Content/Asset/StarterBundle/ModularSci_Int/Materials/MI_Light_Square_Blue.uasset" 1676
"C:/UnrealProjects/DedicatedProject/Content/Asset/StarterBundle/ModularSci_Int/Materials/MI_Light_Square_Blue.uexp" 1677
"C:/UnrealProjects/DedicatedProject/Content/Asset/StarterBundle/ModularSci_Int/Textures/T_Win_Ceiling_B_N_normals.ubulk" 1678
"C:/UnrealProjects/DedicatedProject/Content/Asset/StarterBundle/ModularSci_Int/Textures/T_Win_Ceiling_B_N_normals.uasset" 1679
"C:/UnrealProjects/DedicatedProject/Content/Asset/StarterBundle/ModularSci_Int/Textures/T_Win_Ceiling_B_N_normals.uexp" 1680
"C:/UnrealProjects/DedicatedProject/Content/Asset/StarterBundle/ModularSci_Int/Textures/T_Win_Ceiling_B_M.ubulk" 1681
"C:/UnrealProjects/DedicatedProject/Content/Asset/StarterBundle/ModularSci_Int/Textures/T_Win_Ceiling_B_M.uasset" 1682
"C:/UnrealProjects/DedicatedProject/Content/Asset/StarterBundle/ModularSci_Int/Textures/T_Win_Ceiling_B_M.uexp" 1683
"C:/UnrealProjects/DedicatedProject/Content/Asset/StarterBundle/ModularSci_Int/Textures/T_Win_Ceiling_B_Diff.ubulk" 1684
"C:/UnrealProjects/DedicatedProject/Content/Asset/StarterBundle/ModularSci_Int/Textures/T_Win_Ceiling_B_Diff.uasset" 1685
"C:/UnrealProjects/DedicatedProject/Content/Asset/StarterBundle/ModularSci_Int/Textures/T_Win_Ceiling_B_Diff.uexp" 1686
"C:/UnrealProjects/DedicatedProject/Content/Asset/StarterBundle/ModularSci_Int/Materials/MI_Win_Ceiling_B.uasset" 1687
"C:/UnrealProjects/DedicatedProject/Content/Asset/StarterBundle/ModularSci_Int/Materials/MI_Win_Ceiling_B.uexp" 1688
"C:/UnrealProjects/DedicatedProject/Content/Asset/StarterBundle/ModularSci_Int/Meshes/SM_Ceiling_A.ubulk" 1689
"C:/UnrealProjects/DedicatedProject/Content/Asset/StarterBundle/ModularSci_Int/Meshes/SM_Ceiling_A.uasset" 1690
"C:/UnrealProjects/DedicatedProject/Content/Asset/StarterBundle/ModularSci_Int/Meshes/SM_Ceiling_A.uexp" 1691
"C:/UnrealProjects/DedicatedProject/Content/Asset/StarterBundle/ModularSci_Comm/Meshes/SM_Floor_Panel_A3.ubulk" 1692
"C:/UnrealProjects/DedicatedProject/Content/Asset/StarterBundle/ModularSci_Comm/Meshes/SM_Floor_Panel_A3.uasset" 1693
"C:/UnrealProjects/DedicatedProject/Content/Asset/StarterBundle/ModularSci_Comm/Meshes/SM_Floor_Panel_A3.uexp" 1694
"C:/UnrealProjects/DedicatedProject/Content/Asset/StarterBundle/ModularSci_Int/Meshes/SM_Pipe_Ceiling_B.ubulk" 1695
"C:/UnrealProjects/DedicatedProject/Content/Asset/StarterBundle/ModularSci_Int/Meshes/SM_Pipe_Ceiling_B.uasset" 1696
"C:/UnrealProjects/DedicatedProject/Content/Asset/StarterBundle/ModularSci_Int/Meshes/SM_Pipe_Ceiling_B.uexp" 1697
"C:/UnrealProjects/DedicatedProject/Content/Asset/StarterBundle/ModularSci_Comm/Textures/T_Terminal_UI_Blur.ubulk" 1698
"C:/UnrealProjects/DedicatedProject/Content/Asset/StarterBundle/ModularSci_Comm/Textures/T_Terminal_UI_Blur.uasset" 1699
"C:/UnrealProjects/DedicatedProject/Content/Asset/StarterBundle/ModularSci_Comm/Textures/T_Terminal_UI_Blur.uexp" 1700
"C:/UnrealProjects/DedicatedProject/Content/Asset/StarterBundle/ModularSci_Comm/Materials/MI_Terminal_A_UI_1B.uasset" 1701
"C:/UnrealProjects/DedicatedProject/Content/Asset/StarterBundle/ModularSci_Comm/Materials/MI_Terminal_A_UI_1B.uexp" 1702
"C:/UnrealProjects/DedicatedProject/Content/Asset/StarterBundle/ModularSci_Comm/Textures/T_Terminal_UI.ubulk" 1703
"C:/UnrealProjects/DedicatedProject/Content/Asset/StarterBundle/ModularSci_Comm/Textures/T_Terminal_UI.uasset" 1704
"C:/UnrealProjects/DedicatedProject/Content/Asset/StarterBundle/ModularSci_Comm/Textures/T_Terminal_UI.uexp" 1705
"C:/UnrealProjects/DedicatedProject/Content/Asset/StarterBundle/ModularSci_Comm/Materials/MI_Terminal_A_UI_1.uasset" 1706
"C:/UnrealProjects/DedicatedProject/Content/Asset/StarterBundle/ModularSci_Comm/Materials/MI_Terminal_A_UI_1.uexp" 1707
"C:/UnrealProjects/DedicatedProject/Content/Asset/StarterBundle/ModularSci_Comm/Textures/T_Terminal_UI_Trim.ubulk" 1708
"C:/UnrealProjects/DedicatedProject/Content/Asset/StarterBundle/ModularSci_Comm/Textures/T_Terminal_UI_Trim.uasset" 1709
"C:/UnrealProjects/DedicatedProject/Content/Asset/StarterBundle/ModularSci_Comm/Textures/T_Terminal_UI_Trim.uexp" 1710
"C:/UnrealProjects/DedicatedProject/Content/Asset/StarterBundle/ModularSci_Comm/Materials/MI_Terminal_A_UI_Trim.uasset" 1711
"C:/UnrealProjects/DedicatedProject/Content/Asset/StarterBundle/ModularSci_Comm/Materials/MI_Terminal_A_UI_Trim.uexp" 1712
"C:/UnrealProjects/DedicatedProject/Content/Asset/StarterBundle/ModularSci_Comm/Materials/MI_Terminal_A_UI_Trim_Pan.uasset" 1713
"C:/UnrealProjects/DedicatedProject/Content/Asset/StarterBundle/ModularSci_Comm/Materials/MI_Terminal_A_UI_Trim_Pan.uexp" 1714
"C:/UnrealProjects/DedicatedProject/Content/Asset/StarterBundle/ModularSci_Comm/Textures/T_Terminal_UI_Trim_Blur.ubulk" 1715
"C:/UnrealProjects/DedicatedProject/Content/Asset/StarterBundle/ModularSci_Comm/Textures/T_Terminal_UI_Trim_Blur.uasset" 1716
"C:/UnrealProjects/DedicatedProject/Content/Asset/StarterBundle/ModularSci_Comm/Textures/T_Terminal_UI_Trim_Blur.uexp" 1717
"C:/UnrealProjects/DedicatedProject/Content/Asset/StarterBundle/ModularSci_Comm/Materials/MI_Terminal_A_UI_TrimB.uasset" 1718
"C:/UnrealProjects/DedicatedProject/Content/Asset/StarterBundle/ModularSci_Comm/Materials/MI_Terminal_A_UI_TrimB.uexp" 1719
"C:/UnrealProjects/DedicatedProject/Content/Asset/StarterBundle/ModularSci_Comm/Meshes/SM_Terminal_A_UI.ubulk" 1720
"C:/UnrealProjects/DedicatedProject/Content/Asset/StarterBundle/ModularSci_Comm/Meshes/SM_Terminal_A_UI.uasset" 1721
"C:/UnrealProjects/DedicatedProject/Content/Asset/StarterBundle/ModularSci_Comm/Meshes/SM_Terminal_A_UI.uexp" 1722
"../../../Engine/Content/EngineMaterials/T_Default_Material_Grid_M.ubulk" 1723
"../../../Engine/Content/EngineMaterials/T_Default_Material_Grid_M.uasset" 1724
"../../../Engine/Content/EngineMaterials/T_Default_Material_Grid_M.uexp" 1725
"../../../Engine/Content/EngineMaterials/T_Default_Material_Grid_N.ubulk" 1726
"../../../Engine/Content/EngineMaterials/T_Default_Material_Grid_N.uasset" 1727
"../../../Engine/Content/EngineMaterials/T_Default_Material_Grid_N.uexp" 1728
"../../../Engine/Content/Functions/Engine_MaterialFunctions01/Opacity/CameraDepthFade.uasset" 1729
"../../../Engine/Content/Functions/Engine_MaterialFunctions01/Opacity/CameraDepthFade.uexp" 1730
"../../../Engine/Content/EngineMaterials/WorldGridMaterial.uasset" 1731
"../../../Engine/Content/EngineMaterials/WorldGridMaterial.uexp" 1732
"C:/UnrealProjects/DedicatedProject/Content/Asset/StarterBundle/ModularSci_Comm/Meshes/SM_Windows_A_Glass.ubulk" 1733
"C:/UnrealProjects/DedicatedProject/Content/Asset/StarterBundle/ModularSci_Comm/Meshes/SM_Windows_A_Glass.uasset" 1734
"C:/UnrealProjects/DedicatedProject/Content/Asset/StarterBundle/ModularSci_Comm/Meshes/SM_Windows_A_Glass.uexp" 1735
"C:/UnrealProjects/DedicatedProject/Content/Asset/StarterBundle/ModularScifiProps/Textures/T_Vent_B_M.ubulk" 1736
"C:/UnrealProjects/DedicatedProject/Content/Asset/StarterBundle/ModularScifiProps/Textures/T_Vent_B_M.uasset" 1737
"C:/UnrealProjects/DedicatedProject/Content/Asset/StarterBundle/ModularScifiProps/Textures/T_Vent_B_M.uexp" 1738
"C:/UnrealProjects/DedicatedProject/Content/Asset/StarterBundle/ModularScifiProps/Textures/T_Vent_B_N_normals.ubulk" 1739
"C:/UnrealProjects/DedicatedProject/Content/Asset/StarterBundle/ModularScifiProps/Textures/T_Vent_B_N_normals.uasset" 1740
"C:/UnrealProjects/DedicatedProject/Content/Asset/StarterBundle/ModularScifiProps/Textures/T_Vent_B_N_normals.uexp" 1741
"C:/UnrealProjects/DedicatedProject/Content/Asset/StarterBundle/ModularScifiProps/Textures/T_Vent_B_Diff.ubulk" 1742
"C:/UnrealProjects/DedicatedProject/Content/Asset/StarterBundle/ModularScifiProps/Textures/T_Vent_B_Diff.uasset" 1743
"C:/UnrealProjects/DedicatedProject/Content/Asset/StarterBundle/ModularScifiProps/Textures/T_Vent_B_Diff.uexp" 1744
"C:/UnrealProjects/DedicatedProject/Content/Asset/StarterBundle/ModularScifiProps/Materials/MI_Vent_B.uasset" 1745
"C:/UnrealProjects/DedicatedProject/Content/Asset/StarterBundle/ModularScifiProps/Materials/MI_Vent_B.uexp" 1746
"C:/UnrealProjects/DedicatedProject/Content/Asset/StarterBundle/ModularScifiProps/Meshes/SM_Vent_B.ubulk" 1747
"C:/UnrealProjects/DedicatedProject/Content/Asset/StarterBundle/ModularScifiProps/Meshes/SM_Vent_B.uasset" 1748
"C:/UnrealProjects/DedicatedProject/Content/Asset/StarterBundle/ModularScifiProps/Meshes/SM_Vent_B.uexp" 1749
"C:/UnrealProjects/DedicatedProject/Content/Asset/StarterBundle/ModularScifiHallways/Meshes/SM_Crate_A2.ubulk" 1750
"C:/UnrealProjects/DedicatedProject/Content/Asset/StarterBundle/ModularScifiHallways/Meshes/SM_Crate_A2.uasset" 1751
"C:/UnrealProjects/DedicatedProject/Content/Asset/StarterBundle/ModularScifiHallways/Meshes/SM_Crate_A2.uexp" 1752
"C:/UnrealProjects/DedicatedProject/Content/Asset/StarterBundle/ModularScifiHallways/Textures/T_Hall_Wall_C_M.ubulk" 1753
"C:/UnrealProjects/DedicatedProject/Content/Asset/StarterBundle/ModularScifiHallways/Textures/T_Hall_Wall_C_M.uasset" 1754
"C:/UnrealProjects/DedicatedProject/Content/Asset/StarterBundle/ModularScifiHallways/Textures/T_Hall_Wall_C_M.uexp" 1755
"C:/UnrealProjects/DedicatedProject/Content/Asset/StarterBundle/ModularScifiHallways/Textures/T_Hall_Wall_C_Diff.ubulk" 1756
"C:/UnrealProjects/DedicatedProject/Content/Asset/StarterBundle/ModularScifiHallways/Textures/T_Hall_Wall_C_Diff.uasset" 1757
"C:/UnrealProjects/DedicatedProject/Content/Asset/StarterBundle/ModularScifiHallways/Textures/T_Hall_Wall_C_Diff.uexp" 1758
"C:/UnrealProjects/DedicatedProject/Content/Asset/StarterBundle/ModularScifiHallways/Textures/T_Hall_Wall_C_N_normals.ubulk" 1759
"C:/UnrealProjects/DedicatedProject/Content/Asset/StarterBundle/ModularScifiHallways/Textures/T_Hall_Wall_C_N_normals.uasset" 1760
"C:/UnrealProjects/DedicatedProject/Content/Asset/StarterBundle/ModularScifiHallways/Textures/T_Hall_Wall_C_N_normals.uexp" 1761
"C:/UnrealProjects/DedicatedProject/Content/Asset/StarterBundle/ModularScifiHallways/Materials/MI_Hall_Wall_C_M.uasset" 1762
"C:/UnrealProjects/DedicatedProject/Content/Asset/StarterBundle/ModularScifiHallways/Materials/MI_Hall_Wall_C_M.uexp" 1763
"C:/UnrealProjects/DedicatedProject/Content/Asset/StarterBundle/ModularScifiHallways/Textures/T_Trims_B_N_normals.ubulk" 1764
"C:/UnrealProjects/DedicatedProject/Content/Asset/StarterBundle/ModularScifiHallways/Textures/T_Trims_B_N_normals.uasset" 1765
"C:/UnrealProjects/DedicatedProject/Content/Asset/StarterBundle/ModularScifiHallways/Textures/T_Trims_B_N_normals.uexp" 1766
"C:/UnrealProjects/DedicatedProject/Content/Asset/StarterBundle/ModularScifiHallways/Textures/T_Trims_B_Diff.ubulk" 1767
"C:/UnrealProjects/DedicatedProject/Content/Asset/StarterBundle/ModularScifiHallways/Textures/T_Trims_B_Diff.uasset" 1768
"C:/UnrealProjects/DedicatedProject/Content/Asset/StarterBundle/ModularScifiHallways/Textures/T_Trims_B_Diff.uexp" 1769
"C:/UnrealProjects/DedicatedProject/Content/Asset/StarterBundle/ModularScifiHallways/Textures/T_Trims_B_M.ubulk" 1770
"C:/UnrealProjects/DedicatedProject/Content/Asset/StarterBundle/ModularScifiHallways/Textures/T_Trims_B_M.uasset" 1771
"C:/UnrealProjects/DedicatedProject/Content/Asset/StarterBundle/ModularScifiHallways/Textures/T_Trims_B_M.uexp" 1772
"C:/UnrealProjects/DedicatedProject/Content/Asset/StarterBundle/ModularScifiHallways/Materials/MI_Trims_B.uasset" 1773
"C:/UnrealProjects/DedicatedProject/Content/Asset/StarterBundle/ModularScifiHallways/Materials/MI_Trims_B.uexp" 1774
"C:/UnrealProjects/DedicatedProject/Content/Asset/StarterBundle/ModularScifiHallways/Textures/T_Trims_B_Diff_B.ubulk" 1775
"C:/UnrealProjects/DedicatedProject/Content/Asset/StarterBundle/ModularScifiHallways/Textures/T_Trims_B_Diff_B.uasset" 1776
"C:/UnrealProjects/DedicatedProject/Content/Asset/StarterBundle/ModularScifiHallways/Textures/T_Trims_B_Diff_B.uexp" 1777
"C:/UnrealProjects/DedicatedProject/Content/Asset/StarterBundle/ModularScifiHallways/Textures/T_Trims_B_M_B.ubulk" 1778
"C:/UnrealProjects/DedicatedProject/Content/Asset/StarterBundle/ModularScifiHallways/Textures/T_Trims_B_M_B.uasset" 1779
"C:/UnrealProjects/DedicatedProject/Content/Asset/StarterBundle/ModularScifiHallways/Textures/T_Trims_B_M_B.uexp" 1780
"C:/UnrealProjects/DedicatedProject/Content/Asset/StarterBundle/ModularScifiHallways/Materials/MI_Trims_B_2.uasset" 1781
"C:/UnrealProjects/DedicatedProject/Content/Asset/StarterBundle/ModularScifiHallways/Materials/MI_Trims_B_2.uexp" 1782
"C:/UnrealProjects/DedicatedProject/Content/Asset/StarterBundle/ModularScifiHallways/Meshes/SM_Hall_Wall_C.ubulk" 1783
"C:/UnrealProjects/DedicatedProject/Content/Asset/StarterBundle/ModularScifiHallways/Meshes/SM_Hall_Wall_C.uasset" 1784
"C:/UnrealProjects/DedicatedProject/Content/Asset/StarterBundle/ModularScifiHallways/Meshes/SM_Hall_Wall_C.uexp" 1785
"C:/UnrealProjects/DedicatedProject/Content/Asset/StarterBundle/ModularScifiHallways/Textures/T_Hall_Light_Square_Diff.ubulk" 1786
"C:/UnrealProjects/DedicatedProject/Content/Asset/StarterBundle/ModularScifiHallways/Textures/T_Hall_Light_Square_Diff.uasset" 1787
"C:/UnrealProjects/DedicatedProject/Content/Asset/StarterBundle/ModularScifiHallways/Textures/T_Hall_Light_Square_Diff.uexp" 1788
"C:/UnrealProjects/DedicatedProject/Content/Asset/StarterBundle/ModularScifiHallways/Textures/T_Hall_Light_Square_M.ubulk" 1789
"C:/UnrealProjects/DedicatedProject/Content/Asset/StarterBundle/ModularScifiHallways/Textures/T_Hall_Light_Square_M.uasset" 1790
"C:/UnrealProjects/DedicatedProject/Content/Asset/StarterBundle/ModularScifiHallways/Textures/T_Hall_Light_Square_M.uexp" 1791
"C:/UnrealProjects/DedicatedProject/Content/Asset/StarterBundle/ModularScifiHallways/Textures/T_Hall_Light_Square_N_normals.ubulk" 1792
"C:/UnrealProjects/DedicatedProject/Content/Asset/StarterBundle/ModularScifiHallways/Textures/T_Hall_Light_Square_N_normals.uasset" 1793
"C:/UnrealProjects/DedicatedProject/Content/Asset/StarterBundle/ModularScifiHallways/Textures/T_Hall_Light_Square_N_normals.uexp" 1794
"C:/UnrealProjects/DedicatedProject/Content/Asset/StarterBundle/ModularScifiHallways/Textures/T_Hall_Light_Square_EM.ubulk" 1795
"C:/UnrealProjects/DedicatedProject/Content/Asset/StarterBundle/ModularScifiHallways/Textures/T_Hall_Light_Square_EM.uasset" 1796
"C:/UnrealProjects/DedicatedProject/Content/Asset/StarterBundle/ModularScifiHallways/Textures/T_Hall_Light_Square_EM.uexp" 1797
"C:/UnrealProjects/DedicatedProject/Content/Asset/StarterBundle/ModularScifiHallways/Materials/MI_Hall_Light_Square_M.uasset" 1798
"C:/UnrealProjects/DedicatedProject/Content/Asset/StarterBundle/ModularScifiHallways/Materials/MI_Hall_Light_Square_M.uexp" 1799
"C:/UnrealProjects/DedicatedProject/Content/Asset/StarterBundle/ModularScifiHallways/Meshes/SM_Hall_Light_Square.ubulk" 1800
"C:/UnrealProjects/DedicatedProject/Content/Asset/StarterBundle/ModularScifiHallways/Meshes/SM_Hall_Light_Square.uasset" 1801
"C:/UnrealProjects/DedicatedProject/Content/Asset/StarterBundle/ModularScifiHallways/Meshes/SM_Hall_Light_Square.uexp" 1802
"C:/UnrealProjects/DedicatedProject/Content/Asset/StarterBundle/ModularSci_Comm/Meshes/SM_Floor_Center_B.ubulk" 1803
"C:/UnrealProjects/DedicatedProject/Content/Asset/StarterBundle/ModularSci_Comm/Meshes/SM_Floor_Center_B.uasset" 1804
"C:/UnrealProjects/DedicatedProject/Content/Asset/StarterBundle/ModularSci_Comm/Meshes/SM_Floor_Center_B.uexp" 1805
"C:/UnrealProjects/DedicatedProject/Content/Asset/StarterBundle/ModularSci_Comm/Meshes/SM_Ceiling_Det_A.ubulk" 1806
"C:/UnrealProjects/DedicatedProject/Content/Asset/StarterBundle/ModularSci_Comm/Meshes/SM_Ceiling_Det_A.uasset" 1807
"C:/UnrealProjects/DedicatedProject/Content/Asset/StarterBundle/ModularSci_Comm/Meshes/SM_Ceiling_Det_A.uexp" 1808
"C:/UnrealProjects/DedicatedProject/Content/Asset/StarterBundle/ModularScifiProps/Textures/T_CommDevice_N_normals.ubulk" 1809
"C:/UnrealProjects/DedicatedProject/Content/Asset/StarterBundle/ModularScifiProps/Textures/T_CommDevice_N_normals.uasset" 1810
"C:/UnrealProjects/DedicatedProject/Content/Asset/StarterBundle/ModularScifiProps/Textures/T_CommDevice_N_normals.uexp" 1811
"C:/UnrealProjects/DedicatedProject/Content/Asset/StarterBundle/ModularScifiProps/Textures/T_CommDevice_EM.ubulk" 1812
"C:/UnrealProjects/DedicatedProject/Content/Asset/StarterBundle/ModularScifiProps/Textures/T_CommDevice_EM.uasset" 1813
"C:/UnrealProjects/DedicatedProject/Content/Asset/StarterBundle/ModularScifiProps/Textures/T_CommDevice_EM.uexp" 1814
"C:/UnrealProjects/DedicatedProject/Content/Asset/StarterBundle/ModularScifiProps/Textures/T_CommDevice_M.ubulk" 1815
"C:/UnrealProjects/DedicatedProject/Content/Asset/StarterBundle/ModularScifiProps/Textures/T_CommDevice_M.uasset" 1816
"C:/UnrealProjects/DedicatedProject/Content/Asset/StarterBundle/ModularScifiProps/Textures/T_CommDevice_M.uexp" 1817
"C:/UnrealProjects/DedicatedProject/Content/Asset/StarterBundle/ModularScifiProps/Textures/T_CommDevice_Diff.ubulk" 1818
"C:/UnrealProjects/DedicatedProject/Content/Asset/StarterBundle/ModularScifiProps/Textures/T_CommDevice_Diff.uasset" 1819
"C:/UnrealProjects/DedicatedProject/Content/Asset/StarterBundle/ModularScifiProps/Textures/T_CommDevice_Diff.uexp" 1820
"C:/UnrealProjects/DedicatedProject/Content/Asset/StarterBundle/ModularScifiProps/Materials/MI_CommDevice.uasset" 1821
"C:/UnrealProjects/DedicatedProject/Content/Asset/StarterBundle/ModularScifiProps/Materials/MI_CommDevice.uexp" 1822
"C:/UnrealProjects/DedicatedProject/Content/Asset/StarterBundle/ModularScifiProps/Materials/MI_CommDevice_Scre.uasset" 1823
"C:/UnrealProjects/DedicatedProject/Content/Asset/StarterBundle/ModularScifiProps/Materials/MI_CommDevice_Scre.uexp" 1824
"C:/UnrealProjects/DedicatedProject/Content/Asset/StarterBundle/ModularScifiProps/Meshes/SM_CommDevice.ubulk" 1825
"C:/UnrealProjects/DedicatedProject/Content/Asset/StarterBundle/ModularScifiProps/Meshes/SM_CommDevice.uasset" 1826
"C:/UnrealProjects/DedicatedProject/Content/Asset/StarterBundle/ModularScifiProps/Meshes/SM_CommDevice.uexp" 1827
"C:/UnrealProjects/DedicatedProject/Content/Asset/StarterBundle/ModularSci_Comm/Materials/MI_Trims_A_Red.uasset" 1828
"C:/UnrealProjects/DedicatedProject/Content/Asset/StarterBundle/ModularSci_Comm/Materials/MI_Trims_A_Red.uexp" 1829
"C:/UnrealProjects/DedicatedProject/Content/Asset/StarterBundle/ModularScifiHallways/Meshes/SM_Pipes_GRP_B.ubulk" 1830
"C:/UnrealProjects/DedicatedProject/Content/Asset/StarterBundle/ModularScifiHallways/Meshes/SM_Pipes_GRP_B.uasset" 1831
"C:/UnrealProjects/DedicatedProject/Content/Asset/StarterBundle/ModularScifiHallways/Meshes/SM_Pipes_GRP_B.uexp" 1832
"C:/UnrealProjects/DedicatedProject/Content/Asset/StarterBundle/ModularScifiProps/Meshes/SM_Desk_A_v1.ubulk" 1833
"C:/UnrealProjects/DedicatedProject/Content/Asset/StarterBundle/ModularScifiProps/Meshes/SM_Desk_A_v1.uasset" 1834
"C:/UnrealProjects/DedicatedProject/Content/Asset/StarterBundle/ModularScifiProps/Meshes/SM_Desk_A_v1.uexp" 1835
"C:/UnrealProjects/DedicatedProject/Content/Asset/StarterBundle/ModularSci_Comm/Meshes/SM_Floor_Center_A2.ubulk" 1836
"C:/UnrealProjects/DedicatedProject/Content/Asset/StarterBundle/ModularSci_Comm/Meshes/SM_Floor_Center_A2.uasset" 1837
"C:/UnrealProjects/DedicatedProject/Content/Asset/StarterBundle/ModularSci_Comm/Meshes/SM_Floor_Center_A2.uexp" 1838
"C:/UnrealProjects/DedicatedProject/Content/Asset/StarterBundle/ModularScifiProps/Textures/T_GlassDivider_N_normals.ubulk" 1839
"C:/UnrealProjects/DedicatedProject/Content/Asset/StarterBundle/ModularScifiProps/Textures/T_GlassDivider_N_normals.uasset" 1840
"C:/UnrealProjects/DedicatedProject/Content/Asset/StarterBundle/ModularScifiProps/Textures/T_GlassDivider_N_normals.uexp" 1841
"C:/UnrealProjects/DedicatedProject/Content/Asset/StarterBundle/ModularScifiProps/Textures/T_GlassDivider_M.ubulk" 1842
"C:/UnrealProjects/DedicatedProject/Content/Asset/StarterBundle/ModularScifiProps/Textures/T_GlassDivider_M.uasset" 1843
"C:/UnrealProjects/DedicatedProject/Content/Asset/StarterBundle/ModularScifiProps/Textures/T_GlassDivider_M.uexp" 1844
"C:/UnrealProjects/DedicatedProject/Content/Asset/StarterBundle/ModularScifiProps/Textures/T_GlassDivider_Diff.ubulk" 1845
"C:/UnrealProjects/DedicatedProject/Content/Asset/StarterBundle/ModularScifiProps/Textures/T_GlassDivider_Diff.uasset" 1846
"C:/UnrealProjects/DedicatedProject/Content/Asset/StarterBundle/ModularScifiProps/Textures/T_GlassDivider_Diff.uexp" 1847
"C:/UnrealProjects/DedicatedProject/Content/Asset/StarterBundle/ModularScifiProps/Materials/MI_GlassDivider.uasset" 1848
"C:/UnrealProjects/DedicatedProject/Content/Asset/StarterBundle/ModularScifiProps/Materials/MI_GlassDivider.uexp" 1849
"C:/UnrealProjects/DedicatedProject/Content/Asset/StarterBundle/ModularScifiProps/Textures/T_GlassDisplay.ubulk" 1850
"C:/UnrealProjects/DedicatedProject/Content/Asset/StarterBundle/ModularScifiProps/Textures/T_GlassDisplay.uasset" 1851
"C:/UnrealProjects/DedicatedProject/Content/Asset/StarterBundle/ModularScifiProps/Textures/T_GlassDisplay.uexp" 1852
"C:/UnrealProjects/DedicatedProject/Content/Asset/StarterBundle/ModularScifiProps/Materials/M_Glass_Base2.uasset" 1853
"C:/UnrealProjects/DedicatedProject/Content/Asset/StarterBundle/ModularScifiProps/Materials/M_Glass_Base2.uexp" 1854
"C:/UnrealProjects/DedicatedProject/Content/Asset/StarterBundle/ModularScifiProps/Materials/MI_GlassDivider_B2.uasset" 1855
"C:/UnrealProjects/DedicatedProject/Content/Asset/StarterBundle/ModularScifiProps/Materials/MI_GlassDivider_B2.uexp" 1856
"C:/UnrealProjects/DedicatedProject/Content/Asset/StarterBundle/ModularScifiProps/Meshes/SM_GlassDivider.ubulk" 1857
"C:/UnrealProjects/DedicatedProject/Content/Asset/StarterBundle/ModularScifiProps/Meshes/SM_GlassDivider.uasset" 1858
"C:/UnrealProjects/DedicatedProject/Content/Asset/StarterBundle/ModularScifiProps/Meshes/SM_GlassDivider.uexp" 1859
"C:/UnrealProjects/DedicatedProject/Content/Asset/HomeMade/NodeEntry4/BP_StartNode1.uasset" 1860
"C:/UnrealProjects/DedicatedProject/Content/Asset/HomeMade/NodeEntry4/BP_StartNode1.uexp" 1861
"C:/UnrealProjects/DedicatedProject/Content/Asset/StarterBundle/ModularSci_Int/Textures/T_Hall_Doorway_LB_M.ubulk" 1862
"C:/UnrealProjects/DedicatedProject/Content/Asset/StarterBundle/ModularSci_Int/Textures/T_Hall_Doorway_LB_M.uasset" 1863
"C:/UnrealProjects/DedicatedProject/Content/Asset/StarterBundle/ModularSci_Int/Textures/T_Hall_Doorway_LB_M.uexp" 1864
"C:/UnrealProjects/DedicatedProject/Content/Asset/StarterBundle/ModularSci_Int/Textures/T_Hall_Doorway_LB_N_normals.ubulk" 1865
"C:/UnrealProjects/DedicatedProject/Content/Asset/StarterBundle/ModularSci_Int/Textures/T_Hall_Doorway_LB_N_normals.uasset" 1866
"C:/UnrealProjects/DedicatedProject/Content/Asset/StarterBundle/ModularSci_Int/Textures/T_Hall_Doorway_LB_N_normals.uexp" 1867
"C:/UnrealProjects/DedicatedProject/Content/Asset/StarterBundle/ModularSci_Int/Textures/T_Hall_Doorway_LB_Diff.ubulk" 1868
"C:/UnrealProjects/DedicatedProject/Content/Asset/StarterBundle/ModularSci_Int/Textures/T_Hall_Doorway_LB_Diff.uasset" 1869
"C:/UnrealProjects/DedicatedProject/Content/Asset/StarterBundle/ModularSci_Int/Textures/T_Hall_Doorway_LB_Diff.uexp" 1870
"C:/UnrealProjects/DedicatedProject/Content/Asset/StarterBundle/ModularSci_Int/Materials/MI_Doorway_L_B2.uasset" 1871
"C:/UnrealProjects/DedicatedProject/Content/Asset/StarterBundle/ModularSci_Int/Materials/MI_Doorway_L_B2.uexp" 1872
"C:/UnrealProjects/DedicatedProject/Content/Asset/StarterBundle/ModularSci_Int/Meshes/SM_Doorway_S_B.ubulk" 1873
"C:/UnrealProjects/DedicatedProject/Content/Asset/StarterBundle/ModularSci_Int/Meshes/SM_Doorway_S_B.uasset" 1874
"C:/UnrealProjects/DedicatedProject/Content/Asset/StarterBundle/ModularSci_Int/Meshes/SM_Doorway_S_B.uexp" 1875
"C:/UnrealProjects/DedicatedProject/Content/Asset/StarterBundle/ModularSci_Int/Materials/MI_Pipes_A2.uasset" 1876
"C:/UnrealProjects/DedicatedProject/Content/Asset/StarterBundle/ModularSci_Int/Materials/MI_Pipes_A2.uexp" 1877
"C:/UnrealProjects/DedicatedProject/Content/Asset/StarterBundle/ModularSci_Int/Materials/MI_Pipes_Colored.uasset" 1878
"C:/UnrealProjects/DedicatedProject/Content/Asset/StarterBundle/ModularSci_Int/Materials/MI_Pipes_Colored.uexp" 1879
"C:/UnrealProjects/DedicatedProject/Content/Asset/StarterBundle/ModularSci_Int/Meshes/SM_Pipe_Doorway_LC.ubulk" 1880
"C:/UnrealProjects/DedicatedProject/Content/Asset/StarterBundle/ModularSci_Int/Meshes/SM_Pipe_Doorway_LC.uasset" 1881
"C:/UnrealProjects/DedicatedProject/Content/Asset/StarterBundle/ModularSci_Int/Meshes/SM_Pipe_Doorway_LC.uexp" 1882
"C:/UnrealProjects/DedicatedProject/Content/Asset/StarterBundle/ModularSci_Int/Meshes/SM_Win_Ceiling_D.ubulk" 1883
"C:/UnrealProjects/DedicatedProject/Content/Asset/StarterBundle/ModularSci_Int/Meshes/SM_Win_Ceiling_D.uasset" 1884
"C:/UnrealProjects/DedicatedProject/Content/Asset/StarterBundle/ModularSci_Int/Meshes/SM_Win_Ceiling_D.uexp" 1885
"C:/UnrealProjects/DedicatedProject/Content/Asset/StarterBundle/ModularSci_Int/Meshes/SM_Pipe_FloorB_1.ubulk" 1886
"C:/UnrealProjects/DedicatedProject/Content/Asset/StarterBundle/ModularSci_Int/Meshes/SM_Pipe_FloorB_1.uasset" 1887
"C:/UnrealProjects/DedicatedProject/Content/Asset/StarterBundle/ModularSci_Int/Meshes/SM_Pipe_FloorB_1.uexp" 1888
"C:/UnrealProjects/DedicatedProject/Content/Asset/StarterBundle/ModularSci_Int/Meshes/SM_Pipe_FloorB_2.ubulk" 1889
"C:/UnrealProjects/DedicatedProject/Content/Asset/StarterBundle/ModularSci_Int/Meshes/SM_Pipe_FloorB_2.uasset" 1890
"C:/UnrealProjects/DedicatedProject/Content/Asset/StarterBundle/ModularSci_Int/Meshes/SM_Pipe_FloorB_2.uexp" 1891
"C:/UnrealProjects/DedicatedProject/Content/Asset/StarterBundle/ModularSciFiMats/Textures/Decals/Text/T_Text_D.uasset" 1892
"C:/UnrealProjects/DedicatedProject/Content/Asset/StarterBundle/ModularSciFiMats/Textures/Decals/Text/T_Text_D.uexp" 1893
"C:/UnrealProjects/DedicatedProject/Content/Asset/StarterBundle/ModularSciFiMats/Textures/Decals/Floor/T_FloorSquare_A.uasset" 1894
"C:/UnrealProjects/DedicatedProject/Content/Asset/StarterBundle/ModularSciFiMats/Textures/Decals/Floor/T_FloorSquare_A.uexp" 1895
"C:/UnrealProjects/DedicatedProject/Content/Asset/StarterBundle/ModularSciFiMats/Textures/Decals/Floor/T_FloorSquare_A_M.uasset" 1896
"C:/UnrealProjects/DedicatedProject/Content/Asset/StarterBundle/ModularSciFiMats/Textures/Decals/Floor/T_FloorSquare_A_M.uexp" 1897
"C:/UnrealProjects/DedicatedProject/Content/Asset/StarterBundle/ModularSciFiMats/Materials/Decals/M_Decal_Base.uasset" 1898
"C:/UnrealProjects/DedicatedProject/Content/Asset/StarterBundle/ModularSciFiMats/Materials/Decals/M_Decal_Base.uexp" 1899
"C:/UnrealProjects/DedicatedProject/Content/Asset/StarterBundle/ModularSciFiMats/Textures/Decals/Text/T_Text_D_Scr_OM.uasset" 1900
"C:/UnrealProjects/DedicatedProject/Content/Asset/StarterBundle/ModularSciFiMats/Textures/Decals/Text/T_Text_D_Scr_OM.uexp" 1901
"C:/UnrealProjects/DedicatedProject/Content/Asset/StarterBundle/ModularSciFiMats/Textures/Decals/T_Base_M.uasset" 1902
"C:/UnrealProjects/DedicatedProject/Content/Asset/StarterBundle/ModularSciFiMats/Textures/Decals/T_Base_M.uexp" 1903
"C:/UnrealProjects/DedicatedProject/Content/Asset/StarterBundle/ModularSciFiMats/Materials/Decals/Text/MI_Text_D2.uasset" 1904
"C:/UnrealProjects/DedicatedProject/Content/Asset/StarterBundle/ModularSciFiMats/Materials/Decals/Text/MI_Text_D2.uexp" 1905
"C:/UnrealProjects/DedicatedProject/Content/Asset/StarterBundle/ModularSci_Int/Textures/T_Ceiling_C_1_M.ubulk" 1906
"C:/UnrealProjects/DedicatedProject/Content/Asset/StarterBundle/ModularSci_Int/Textures/T_Ceiling_C_1_M.uasset" 1907
"C:/UnrealProjects/DedicatedProject/Content/Asset/StarterBundle/ModularSci_Int/Textures/T_Ceiling_C_1_M.uexp" 1908
"C:/UnrealProjects/DedicatedProject/Content/Asset/StarterBundle/ModularSci_Int/Textures/T_Ceiling_C_1_N_normals.ubulk" 1909
"C:/UnrealProjects/DedicatedProject/Content/Asset/StarterBundle/ModularSci_Int/Textures/T_Ceiling_C_1_N_normals.uasset" 1910
"C:/UnrealProjects/DedicatedProject/Content/Asset/StarterBundle/ModularSci_Int/Textures/T_Ceiling_C_1_N_normals.uexp" 1911
"C:/UnrealProjects/DedicatedProject/Content/Asset/StarterBundle/ModularSci_Int/Textures/T_Ceiling_C_1_Diff.ubulk" 1912
"C:/UnrealProjects/DedicatedProject/Content/Asset/StarterBundle/ModularSci_Int/Textures/T_Ceiling_C_1_Diff.uasset" 1913
"C:/UnrealProjects/DedicatedProject/Content/Asset/StarterBundle/ModularSci_Int/Textures/T_Ceiling_C_1_Diff.uexp" 1914
"C:/UnrealProjects/DedicatedProject/Content/Asset/StarterBundle/ModularSci_Int/Materials/MI_Ceiling_C_1.uasset" 1915
"C:/UnrealProjects/DedicatedProject/Content/Asset/StarterBundle/ModularSci_Int/Materials/MI_Ceiling_C_1.uexp" 1916
"C:/UnrealProjects/DedicatedProject/Content/Asset/StarterBundle/ModularSci_Int/Textures/T_Ceiling_C_2_Diff.ubulk" 1917
"C:/UnrealProjects/DedicatedProject/Content/Asset/StarterBundle/ModularSci_Int/Textures/T_Ceiling_C_2_Diff.uasset" 1918
"C:/UnrealProjects/DedicatedProject/Content/Asset/StarterBundle/ModularSci_Int/Textures/T_Ceiling_C_2_Diff.uexp" 1919
"C:/UnrealProjects/DedicatedProject/Content/Asset/StarterBundle/ModularSci_Int/Textures/T_Ceiling_C_2_N_normals.ubulk" 1920
"C:/UnrealProjects/DedicatedProject/Content/Asset/StarterBundle/ModularSci_Int/Textures/T_Ceiling_C_2_N_normals.uasset" 1921
"C:/UnrealProjects/DedicatedProject/Content/Asset/StarterBundle/ModularSci_Int/Textures/T_Ceiling_C_2_N_normals.uexp" 1922
"C:/UnrealProjects/DedicatedProject/Content/Asset/StarterBundle/ModularSci_Int/Textures/T_Ceiling_C_2_M.ubulk" 1923
"C:/UnrealProjects/DedicatedProject/Content/Asset/StarterBundle/ModularSci_Int/Textures/T_Ceiling_C_2_M.uasset" 1924
"C:/UnrealProjects/DedicatedProject/Content/Asset/StarterBundle/ModularSci_Int/Textures/T_Ceiling_C_2_M.uexp" 1925
"C:/UnrealProjects/DedicatedProject/Content/Asset/StarterBundle/ModularSci_Int/Materials/MI_Ceiling_C_2.uasset" 1926
"C:/UnrealProjects/DedicatedProject/Content/Asset/StarterBundle/ModularSci_Int/Materials/MI_Ceiling_C_2.uexp" 1927
"C:/UnrealProjects/DedicatedProject/Content/Asset/StarterBundle/ModularSci_Int/Meshes/SM_Ceiling_C.ubulk" 1928
"C:/UnrealProjects/DedicatedProject/Content/Asset/StarterBundle/ModularSci_Int/Meshes/SM_Ceiling_C.uasset" 1929
"C:/UnrealProjects/DedicatedProject/Content/Asset/StarterBundle/ModularSci_Int/Meshes/SM_Ceiling_C.uexp" 1930
"C:/UnrealProjects/DedicatedProject/Content/Asset/StarterBundle/ModularSciFiMats/Textures/Decals/Floor/T_FloorSquare_A_Scra_OM.uasset" 1931
"C:/UnrealProjects/DedicatedProject/Content/Asset/StarterBundle/ModularSciFiMats/Textures/Decals/Floor/T_FloorSquare_A_Scra_OM.uexp" 1932
"C:/UnrealProjects/DedicatedProject/Content/Asset/StarterBundle/ModularSciFiMats/Materials/Decals/Floor/MI_SquareFloor_A2.uasset" 1933
"C:/UnrealProjects/DedicatedProject/Content/Asset/StarterBundle/ModularSciFiMats/Materials/Decals/Floor/MI_SquareFloor_A2.uexp" 1934
"C:/UnrealProjects/DedicatedProject/Content/Asset/StarterBundle/ModularSci_Int/Textures/T_Win_Post_A_Diff.ubulk" 1935
"C:/UnrealProjects/DedicatedProject/Content/Asset/StarterBundle/ModularSci_Int/Textures/T_Win_Post_A_Diff.uasset" 1936
"C:/UnrealProjects/DedicatedProject/Content/Asset/StarterBundle/ModularSci_Int/Textures/T_Win_Post_A_Diff.uexp" 1937
"C:/UnrealProjects/DedicatedProject/Content/Asset/StarterBundle/ModularSci_Int/Textures/T_Win_Post_A_M.ubulk" 1938
"C:/UnrealProjects/DedicatedProject/Content/Asset/StarterBundle/ModularSci_Int/Textures/T_Win_Post_A_M.uasset" 1939
"C:/UnrealProjects/DedicatedProject/Content/Asset/StarterBundle/ModularSci_Int/Textures/T_Win_Post_A_M.uexp" 1940
"C:/UnrealProjects/DedicatedProject/Content/Asset/StarterBundle/ModularSci_Int/Textures/T_Win_Post_A_N_normals.ubulk" 1941
"C:/UnrealProjects/DedicatedProject/Content/Asset/StarterBundle/ModularSci_Int/Textures/T_Win_Post_A_N_normals.uasset" 1942
"C:/UnrealProjects/DedicatedProject/Content/Asset/StarterBundle/ModularSci_Int/Textures/T_Win_Post_A_N_normals.uexp" 1943
"C:/UnrealProjects/DedicatedProject/Content/Asset/StarterBundle/ModularSci_Int/Materials/MI_Win_Post_A.uasset" 1944
"C:/UnrealProjects/DedicatedProject/Content/Asset/StarterBundle/ModularSci_Int/Materials/MI_Win_Post_A.uexp" 1945
"C:/UnrealProjects/DedicatedProject/Content/Asset/StarterBundle/ModularSci_Int/Textures/T_Win_Post_A2_N_normals.ubulk" 1946
"C:/UnrealProjects/DedicatedProject/Content/Asset/StarterBundle/ModularSci_Int/Textures/T_Win_Post_A2_N_normals.uasset" 1947
"C:/UnrealProjects/DedicatedProject/Content/Asset/StarterBundle/ModularSci_Int/Textures/T_Win_Post_A2_N_normals.uexp" 1948
"C:/UnrealProjects/DedicatedProject/Content/Asset/StarterBundle/ModularSci_Int/Textures/T_Win_Post_A2_M.ubulk" 1949
"C:/UnrealProjects/DedicatedProject/Content/Asset/StarterBundle/ModularSci_Int/Textures/T_Win_Post_A2_M.uasset" 1950
"C:/UnrealProjects/DedicatedProject/Content/Asset/StarterBundle/ModularSci_Int/Textures/T_Win_Post_A2_M.uexp" 1951
"C:/UnrealProjects/DedicatedProject/Content/Asset/StarterBundle/ModularSci_Int/Textures/T_Win_Post_A2_Diff.ubulk" 1952
"C:/UnrealProjects/DedicatedProject/Content/Asset/StarterBundle/ModularSci_Int/Textures/T_Win_Post_A2_Diff.uasset" 1953
"C:/UnrealProjects/DedicatedProject/Content/Asset/StarterBundle/ModularSci_Int/Textures/T_Win_Post_A2_Diff.uexp" 1954
"C:/UnrealProjects/DedicatedProject/Content/Asset/StarterBundle/ModularSci_Int/Materials/MI_Win_Post_A2.uasset" 1955
"C:/UnrealProjects/DedicatedProject/Content/Asset/StarterBundle/ModularSci_Int/Materials/MI_Win_Post_A2.uexp" 1956
"C:/UnrealProjects/DedicatedProject/Content/Asset/StarterBundle/ModularSci_Int/Meshes/SM_Win_Post_A.ubulk" 1957
"C:/UnrealProjects/DedicatedProject/Content/Asset/StarterBundle/ModularSci_Int/Meshes/SM_Win_Post_A.uasset" 1958
"C:/UnrealProjects/DedicatedProject/Content/Asset/StarterBundle/ModularSci_Int/Meshes/SM_Win_Post_A.uexp" 1959
"C:/UnrealProjects/DedicatedProject/Content/Asset/StarterBundle/ModularSci_Int/Meshes/SM_Win_FloorBuffer_A.ubulk" 1960
"C:/UnrealProjects/DedicatedProject/Content/Asset/StarterBundle/ModularSci_Int/Meshes/SM_Win_FloorBuffer_A.uasset" 1961
"C:/UnrealProjects/DedicatedProject/Content/Asset/StarterBundle/ModularSci_Int/Meshes/SM_Win_FloorBuffer_A.uexp" 1962
"C:/UnrealProjects/DedicatedProject/Content/Asset/StarterBundle/ModularSci_Int/Textures/T_Win_Floor_B_M.ubulk" 1963
"C:/UnrealProjects/DedicatedProject/Content/Asset/StarterBundle/ModularSci_Int/Textures/T_Win_Floor_B_M.uasset" 1964
"C:/UnrealProjects/DedicatedProject/Content/Asset/StarterBundle/ModularSci_Int/Textures/T_Win_Floor_B_M.uexp" 1965
"C:/UnrealProjects/DedicatedProject/Content/Asset/StarterBundle/ModularSci_Int/Textures/T_Win_Floor_B_N_normals.ubulk" 1966
"C:/UnrealProjects/DedicatedProject/Content/Asset/StarterBundle/ModularSci_Int/Textures/T_Win_Floor_B_N_normals.uasset" 1967
"C:/UnrealProjects/DedicatedProject/Content/Asset/StarterBundle/ModularSci_Int/Textures/T_Win_Floor_B_N_normals.uexp" 1968
"C:/UnrealProjects/DedicatedProject/Content/Asset/StarterBundle/ModularSci_Int/Textures/T_Win_Floor_B_Diff.ubulk" 1969
"C:/UnrealProjects/DedicatedProject/Content/Asset/StarterBundle/ModularSci_Int/Textures/T_Win_Floor_B_Diff.uasset" 1970
"C:/UnrealProjects/DedicatedProject/Content/Asset/StarterBundle/ModularSci_Int/Textures/T_Win_Floor_B_Diff.uexp" 1971
"C:/UnrealProjects/DedicatedProject/Content/Asset/StarterBundle/ModularSci_Int/Materials/MI_Win_Floor_B.uasset" 1972
"C:/UnrealProjects/DedicatedProject/Content/Asset/StarterBundle/ModularSci_Int/Materials/MI_Win_Floor_B.uexp" 1973
"C:/UnrealProjects/DedicatedProject/Content/Asset/StarterBundle/ModularSci_Int/Meshes/SM_Win_Floor_B.ubulk" 1974
"C:/UnrealProjects/DedicatedProject/Content/Asset/StarterBundle/ModularSci_Int/Meshes/SM_Win_Floor_B.uasset" 1975
"C:/UnrealProjects/DedicatedProject/Content/Asset/StarterBundle/ModularSci_Int/Meshes/SM_Win_Floor_B.uexp" 1976
"C:/UnrealProjects/DedicatedProject/Content/Asset/StarterBundle/ModularSci_Int/Textures/T_Win_FloorEdge_A_Diff.ubulk" 1977
"C:/UnrealProjects/DedicatedProject/Content/Asset/StarterBundle/ModularSci_Int/Textures/T_Win_FloorEdge_A_Diff.uasset" 1978
"C:/UnrealProjects/DedicatedProject/Content/Asset/StarterBundle/ModularSci_Int/Textures/T_Win_FloorEdge_A_Diff.uexp" 1979
"C:/UnrealProjects/DedicatedProject/Content/Asset/StarterBundle/ModularSci_Int/Textures/T_Win_FloorEdge_A_M.ubulk" 1980
"C:/UnrealProjects/DedicatedProject/Content/Asset/StarterBundle/ModularSci_Int/Textures/T_Win_FloorEdge_A_M.uasset" 1981
"C:/UnrealProjects/DedicatedProject/Content/Asset/StarterBundle/ModularSci_Int/Textures/T_Win_FloorEdge_A_M.uexp" 1982
"C:/UnrealProjects/DedicatedProject/Content/Asset/StarterBundle/ModularSci_Int/Textures/T_Win_FloorEdge_A_N_normals.ubulk" 1983
"C:/UnrealProjects/DedicatedProject/Content/Asset/StarterBundle/ModularSci_Int/Textures/T_Win_FloorEdge_A_N_normals.uasset" 1984
"C:/UnrealProjects/DedicatedProject/Content/Asset/StarterBundle/ModularSci_Int/Textures/T_Win_FloorEdge_A_N_normals.uexp" 1985
"C:/UnrealProjects/DedicatedProject/Content/Asset/StarterBundle/ModularSci_Int/Materials/MI_Win_FloorEdge_A.uasset" 1986
"C:/UnrealProjects/DedicatedProject/Content/Asset/StarterBundle/ModularSci_Int/Materials/MI_Win_FloorEdge_A.uexp" 1987
"C:/UnrealProjects/DedicatedProject/Content/Asset/StarterBundle/ModularSci_Int/Meshes/SM_Win_FloorEdge_A.ubulk" 1988
"C:/UnrealProjects/DedicatedProject/Content/Asset/StarterBundle/ModularSci_Int/Meshes/SM_Win_FloorEdge_A.uasset" 1989
"C:/UnrealProjects/DedicatedProject/Content/Asset/StarterBundle/ModularSci_Int/Meshes/SM_Win_FloorEdge_A.uexp" 1990
"C:/UnrealProjects/DedicatedProject/Content/Asset/StarterBundle/ModularSciFiMats/Textures/Decals/Text/Words/T_Caution.uasset" 1991
"C:/UnrealProjects/DedicatedProject/Content/Asset/StarterBundle/ModularSciFiMats/Textures/Decals/Text/Words/T_Caution.uexp" 1992
"C:/UnrealProjects/DedicatedProject/Content/Asset/StarterBundle/ModularSciFiMats/Materials/Decals/Words/MI_Caution2.uasset" 1993
"C:/UnrealProjects/DedicatedProject/Content/Asset/StarterBundle/ModularSciFiMats/Materials/Decals/Words/MI_Caution2.uexp" 1994
"C:/UnrealProjects/DedicatedProject/Content/Asset/StarterBundle/ModularSciFiMats/Materials/Decals/Text/MI_Text_D.uasset" 1995
"C:/UnrealProjects/DedicatedProject/Content/Asset/StarterBundle/ModularSciFiMats/Materials/Decals/Text/MI_Text_D.uexp" 1996
"C:/UnrealProjects/DedicatedProject/Content/Asset/StarterBundle/ModularScifiHallways/Textures/T_Hall_Pipes_Long_Diff.ubulk" 1997
"C:/UnrealProjects/DedicatedProject/Content/Asset/StarterBundle/ModularScifiHallways/Textures/T_Hall_Pipes_Long_Diff.uasset" 1998
"C:/UnrealProjects/DedicatedProject/Content/Asset/StarterBundle/ModularScifiHallways/Textures/T_Hall_Pipes_Long_Diff.uexp" 1999
"C:/UnrealProjects/DedicatedProject/Content/Asset/StarterBundle/ModularScifiHallways/Textures/T_Hall_Pipes_Long_N_normals.ubulk" 2000
"C:/UnrealProjects/DedicatedProject/Content/Asset/StarterBundle/ModularScifiHallways/Textures/T_Hall_Pipes_Long_N_normals.uasset" 2001
"C:/UnrealProjects/DedicatedProject/Content/Asset/StarterBundle/ModularScifiHallways/Textures/T_Hall_Pipes_Long_N_normals.uexp" 2002
"C:/UnrealProjects/DedicatedProject/Content/Asset/StarterBundle/ModularScifiHallways/Textures/T_Hall_Pipes_Long_M.ubulk" 2003
"C:/UnrealProjects/DedicatedProject/Content/Asset/StarterBundle/ModularScifiHallways/Textures/T_Hall_Pipes_Long_M.uasset" 2004
"C:/UnrealProjects/DedicatedProject/Content/Asset/StarterBundle/ModularScifiHallways/Textures/T_Hall_Pipes_Long_M.uexp" 2005
"C:/UnrealProjects/DedicatedProject/Content/Asset/StarterBundle/ModularScifiHallways/Materials/MI_Hall_Pipes_Long_M.uasset" 2006
"C:/UnrealProjects/DedicatedProject/Content/Asset/StarterBundle/ModularScifiHallways/Materials/MI_Hall_Pipes_Long_M.uexp" 2007
"C:/UnrealProjects/DedicatedProject/Content/Asset/StarterBundle/ModularScifiHallways/Meshes/SM_Hall_Pipes_Long.ubulk" 2008
"C:/UnrealProjects/DedicatedProject/Content/Asset/StarterBundle/ModularScifiHallways/Meshes/SM_Hall_Pipes_Long.uasset" 2009
"C:/UnrealProjects/DedicatedProject/Content/Asset/StarterBundle/ModularScifiHallways/Meshes/SM_Hall_Pipes_Long.uexp" 2010
"C:/UnrealProjects/DedicatedProject/Content/Asset/StarterBundle/ModularSci_Int/Textures/T_Win_Divider_A_M.ubulk" 2011
"C:/UnrealProjects/DedicatedProject/Content/Asset/StarterBundle/ModularSci_Int/Textures/T_Win_Divider_A_M.uasset" 2012
"C:/UnrealProjects/DedicatedProject/Content/Asset/StarterBundle/ModularSci_Int/Textures/T_Win_Divider_A_M.uexp" 2013
"C:/UnrealProjects/DedicatedProject/Content/Asset/StarterBundle/ModularSci_Int/Textures/T_Win_Divider_A_Diff.ubulk" 2014
"C:/UnrealProjects/DedicatedProject/Content/Asset/StarterBundle/ModularSci_Int/Textures/T_Win_Divider_A_Diff.uasset" 2015
"C:/UnrealProjects/DedicatedProject/Content/Asset/StarterBundle/ModularSci_Int/Textures/T_Win_Divider_A_Diff.uexp" 2016
"C:/UnrealProjects/DedicatedProject/Content/Asset/StarterBundle/ModularSci_Int/Textures/T_Win_Divider_A_N_normals.ubulk" 2017
"C:/UnrealProjects/DedicatedProject/Content/Asset/StarterBundle/ModularSci_Int/Textures/T_Win_Divider_A_N_normals.uasset" 2018
"C:/UnrealProjects/DedicatedProject/Content/Asset/StarterBundle/ModularSci_Int/Textures/T_Win_Divider_A_N_normals.uexp" 2019
"C:/UnrealProjects/DedicatedProject/Content/Asset/StarterBundle/ModularSci_Int/Materials/MI_Win_Divider_A.uasset" 2020
"C:/UnrealProjects/DedicatedProject/Content/Asset/StarterBundle/ModularSci_Int/Materials/MI_Win_Divider_A.uexp" 2021
"C:/UnrealProjects/DedicatedProject/Content/Asset/StarterBundle/ModularSci_Int/Textures/T_Win_Divider_B_M.ubulk" 2022
"C:/UnrealProjects/DedicatedProject/Content/Asset/StarterBundle/ModularSci_Int/Textures/T_Win_Divider_B_M.uasset" 2023
"C:/UnrealProjects/DedicatedProject/Content/Asset/StarterBundle/ModularSci_Int/Textures/T_Win_Divider_B_M.uexp" 2024
"C:/UnrealProjects/DedicatedProject/Content/Asset/StarterBundle/ModularSci_Int/Textures/T_Win_Divider_B_N_normals.ubulk" 2025
"C:/UnrealProjects/DedicatedProject/Content/Asset/StarterBundle/ModularSci_Int/Textures/T_Win_Divider_B_N_normals.uasset" 2026
"C:/UnrealProjects/DedicatedProject/Content/Asset/StarterBundle/ModularSci_Int/Textures/T_Win_Divider_B_N_normals.uexp" 2027
"C:/UnrealProjects/DedicatedProject/Content/Asset/StarterBundle/ModularSci_Int/Textures/T_Win_Divider_B_Diff.ubulk" 2028
"C:/UnrealProjects/DedicatedProject/Content/Asset/StarterBundle/ModularSci_Int/Textures/T_Win_Divider_B_Diff.uasset" 2029
"C:/UnrealProjects/DedicatedProject/Content/Asset/StarterBundle/ModularSci_Int/Textures/T_Win_Divider_B_Diff.uexp" 2030
"C:/UnrealProjects/DedicatedProject/Content/Asset/StarterBundle/ModularSci_Int/Materials/MI_Win_Divider_B.uasset" 2031
"C:/UnrealProjects/DedicatedProject/Content/Asset/StarterBundle/ModularSci_Int/Materials/MI_Win_Divider_B.uexp" 2032
"C:/UnrealProjects/DedicatedProject/Content/Asset/StarterBundle/ModularSci_Int/Meshes/SM_Win_Divider_B.ubulk" 2033
"C:/UnrealProjects/DedicatedProject/Content/Asset/StarterBundle/ModularSci_Int/Meshes/SM_Win_Divider_B.uasset" 2034
"C:/UnrealProjects/DedicatedProject/Content/Asset/StarterBundle/ModularSci_Int/Meshes/SM_Win_Divider_B.uexp" 2035
"C:/UnrealProjects/DedicatedProject/Content/Asset/StarterBundle/ModularSciFiMats/Textures/Decals/Text/Words/T_Bridge.uasset" 2036
"C:/UnrealProjects/DedicatedProject/Content/Asset/StarterBundle/ModularSciFiMats/Textures/Decals/Text/Words/T_Bridge.uexp" 2037
"C:/UnrealProjects/DedicatedProject/Content/Asset/StarterBundle/ModularSciFiMats/Materials/Decals/Words/MI_Bridge2.uasset" 2038
"C:/UnrealProjects/DedicatedProject/Content/Asset/StarterBundle/ModularSciFiMats/Materials/Decals/Words/MI_Bridge2.uexp" 2039
"C:/UnrealProjects/DedicatedProject/Content/Asset/StarterBundle/ModularSci_Int/Meshes/SM_Pipe_Doorway_SC.ubulk" 2040
"C:/UnrealProjects/DedicatedProject/Content/Asset/StarterBundle/ModularSci_Int/Meshes/SM_Pipe_Doorway_SC.uasset" 2041
"C:/UnrealProjects/DedicatedProject/Content/Asset/StarterBundle/ModularSci_Int/Meshes/SM_Pipe_Doorway_SC.uexp" 2042
"C:/UnrealProjects/DedicatedProject/Content/Asset/StarterBundle/ModularSciFiMats/Textures/Decals/Text/Words/T_Arrivals.uasset" 2043
"C:/UnrealProjects/DedicatedProject/Content/Asset/StarterBundle/ModularSciFiMats/Textures/Decals/Text/Words/T_Arrivals.uexp" 2044
"C:/UnrealProjects/DedicatedProject/Content/Asset/StarterBundle/ModularSciFiMats/Materials/Decals/Words/MI_Arrivals2.uasset" 2045
"C:/UnrealProjects/DedicatedProject/Content/Asset/StarterBundle/ModularSciFiMats/Materials/Decals/Words/MI_Arrivals2.uexp" 2046
"C:/UnrealProjects/DedicatedProject/Content/Asset/StarterBundle/ModularSci_Int/Meshes/SM_Win_Ceiling_F.ubulk" 2047
"C:/UnrealProjects/DedicatedProject/Content/Asset/StarterBundle/ModularSci_Int/Meshes/SM_Win_Ceiling_F.uasset" 2048
"C:/UnrealProjects/DedicatedProject/Content/Asset/StarterBundle/ModularSci_Int/Meshes/SM_Win_Ceiling_F.uexp" 2049
"C:/UnrealProjects/DedicatedProject/Content/Asset/StarterBundle/ModularSci_Int/Meshes/SM_Win_FramePipe_C.ubulk" 2050
"C:/UnrealProjects/DedicatedProject/Content/Asset/StarterBundle/ModularSci_Int/Meshes/SM_Win_FramePipe_C.uasset" 2051
"C:/UnrealProjects/DedicatedProject/Content/Asset/StarterBundle/ModularSci_Int/Meshes/SM_Win_FramePipe_C.uexp" 2052
"C:/UnrealProjects/DedicatedProject/Content/Asset/StarterBundle/ModularSci_Int/Textures/T_Win_Ceiling_A_M.ubulk" 2053
"C:/UnrealProjects/DedicatedProject/Content/Asset/StarterBundle/ModularSci_Int/Textures/T_Win_Ceiling_A_M.uasset" 2054
"C:/UnrealProjects/DedicatedProject/Content/Asset/StarterBundle/ModularSci_Int/Textures/T_Win_Ceiling_A_M.uexp" 2055
"C:/UnrealProjects/DedicatedProject/Content/Asset/StarterBundle/ModularSci_Int/Textures/T_Win_Ceiling_A_Diff.ubulk" 2056
"C:/UnrealProjects/DedicatedProject/Content/Asset/StarterBundle/ModularSci_Int/Textures/T_Win_Ceiling_A_Diff.uasset" 2057
"C:/UnrealProjects/DedicatedProject/Content/Asset/StarterBundle/ModularSci_Int/Textures/T_Win_Ceiling_A_Diff.uexp" 2058
"C:/UnrealProjects/DedicatedProject/Content/Asset/StarterBundle/ModularSci_Int/Textures/T_Win_Ceiling_A_N_normals.ubulk" 2059
"C:/UnrealProjects/DedicatedProject/Content/Asset/StarterBundle/ModularSci_Int/Textures/T_Win_Ceiling_A_N_normals.uasset" 2060
"C:/UnrealProjects/DedicatedProject/Content/Asset/StarterBundle/ModularSci_Int/Textures/T_Win_Ceiling_A_N_normals.uexp" 2061
"C:/UnrealProjects/DedicatedProject/Content/Asset/StarterBundle/ModularSci_Int/Materials/MI_Win_Ceiling_A.uasset" 2062
"C:/UnrealProjects/DedicatedProject/Content/Asset/StarterBundle/ModularSci_Int/Materials/MI_Win_Ceiling_A.uexp" 2063
"C:/UnrealProjects/DedicatedProject/Content/Asset/StarterBundle/ModularSci_Int/Meshes/SM_Win_Ceiling_A.ubulk" 2064
"C:/UnrealProjects/DedicatedProject/Content/Asset/StarterBundle/ModularSci_Int/Meshes/SM_Win_Ceiling_A.uasset" 2065
"C:/UnrealProjects/DedicatedProject/Content/Asset/StarterBundle/ModularSci_Int/Meshes/SM_Win_Ceiling_A.uexp" 2066
"C:/UnrealProjects/DedicatedProject/Content/Asset/StarterBundle/ModularSci_Int/Textures/T_Win_FloorEdge_B_Diff.ubulk" 2067
"C:/UnrealProjects/DedicatedProject/Content/Asset/StarterBundle/ModularSci_Int/Textures/T_Win_FloorEdge_B_Diff.uasset" 2068
"C:/UnrealProjects/DedicatedProject/Content/Asset/StarterBundle/ModularSci_Int/Textures/T_Win_FloorEdge_B_Diff.uexp" 2069
"C:/UnrealProjects/DedicatedProject/Content/Asset/StarterBundle/ModularSci_Int/Textures/T_Win_FloorEdge_B_N_normals.ubulk" 2070
"C:/UnrealProjects/DedicatedProject/Content/Asset/StarterBundle/ModularSci_Int/Textures/T_Win_FloorEdge_B_N_normals.uasset" 2071
"C:/UnrealProjects/DedicatedProject/Content/Asset/StarterBundle/ModularSci_Int/Textures/T_Win_FloorEdge_B_N_normals.uexp" 2072
"C:/UnrealProjects/DedicatedProject/Content/Asset/StarterBundle/ModularSci_Int/Textures/T_Win_FloorEdge_B_M.ubulk" 2073
"C:/UnrealProjects/DedicatedProject/Content/Asset/StarterBundle/ModularSci_Int/Textures/T_Win_FloorEdge_B_M.uasset" 2074
"C:/UnrealProjects/DedicatedProject/Content/Asset/StarterBundle/ModularSci_Int/Textures/T_Win_FloorEdge_B_M.uexp" 2075
"C:/UnrealProjects/DedicatedProject/Content/Asset/StarterBundle/ModularSci_Int/Materials/MI_Win_FloorEdge_B.uasset" 2076
"C:/UnrealProjects/DedicatedProject/Content/Asset/StarterBundle/ModularSci_Int/Materials/MI_Win_FloorEdge_B.uexp" 2077
"C:/UnrealProjects/DedicatedProject/Content/Asset/StarterBundle/ModularSci_Int/Meshes/SM_Win_FloorEdge_C.ubulk" 2078
"C:/UnrealProjects/DedicatedProject/Content/Asset/StarterBundle/ModularSci_Int/Meshes/SM_Win_FloorEdge_C.uasset" 2079
"C:/UnrealProjects/DedicatedProject/Content/Asset/StarterBundle/ModularSci_Int/Meshes/SM_Win_FloorEdge_C.uexp" 2080
"C:/UnrealProjects/DedicatedProject/Content/Asset/StarterBundle/ModularSci_Int/Meshes/SM_Pipe_Div_B.ubulk" 2081
"C:/UnrealProjects/DedicatedProject/Content/Asset/StarterBundle/ModularSci_Int/Meshes/SM_Pipe_Div_B.uasset" 2082
"C:/UnrealProjects/DedicatedProject/Content/Asset/StarterBundle/ModularSci_Int/Meshes/SM_Pipe_Div_B.uexp" 2083
"C:/UnrealProjects/DedicatedProject/Content/Asset/StarterBundle/ModularSci_Int/Meshes/SM_Win_FramePipe_B.ubulk" 2084
"C:/UnrealProjects/DedicatedProject/Content/Asset/StarterBundle/ModularSci_Int/Meshes/SM_Win_FramePipe_B.uasset" 2085
"C:/UnrealProjects/DedicatedProject/Content/Asset/StarterBundle/ModularSci_Int/Meshes/SM_Win_FramePipe_B.uexp" 2086
"C:/UnrealProjects/DedicatedProject/Content/Asset/StarterBundle/ModularSci_Int/Materials/MI_Trims_B_COLORED.uasset" 2087
"C:/UnrealProjects/DedicatedProject/Content/Asset/StarterBundle/ModularSci_Int/Materials/MI_Trims_B_COLORED.uexp" 2088
"C:/UnrealProjects/DedicatedProject/Content/Asset/StarterBundle/ModularSci_Int/Textures/T_FloorPanel_D_N_normals.ubulk" 2089
"C:/UnrealProjects/DedicatedProject/Content/Asset/StarterBundle/ModularSci_Int/Textures/T_FloorPanel_D_N_normals.uasset" 2090
"C:/UnrealProjects/DedicatedProject/Content/Asset/StarterBundle/ModularSci_Int/Textures/T_FloorPanel_D_N_normals.uexp" 2091
"C:/UnrealProjects/DedicatedProject/Content/Asset/StarterBundle/ModularSci_Int/Textures/T_FloorPanel_D_M.ubulk" 2092
"C:/UnrealProjects/DedicatedProject/Content/Asset/StarterBundle/ModularSci_Int/Textures/T_FloorPanel_D_M.uasset" 2093
"C:/UnrealProjects/DedicatedProject/Content/Asset/StarterBundle/ModularSci_Int/Textures/T_FloorPanel_D_M.uexp" 2094
"C:/UnrealProjects/DedicatedProject/Content/Asset/StarterBundle/ModularSci_Int/Textures/T_FloorPanel_D_Diff.ubulk" 2095
"C:/UnrealProjects/DedicatedProject/Content/Asset/StarterBundle/ModularSci_Int/Textures/T_FloorPanel_D_Diff.uasset" 2096
"C:/UnrealProjects/DedicatedProject/Content/Asset/StarterBundle/ModularSci_Int/Textures/T_FloorPanel_D_Diff.uexp" 2097
"C:/UnrealProjects/DedicatedProject/Content/Asset/StarterBundle/ModularSci_Int/Materials/MI_FloorPanel_D.uasset" 2098
"C:/UnrealProjects/DedicatedProject/Content/Asset/StarterBundle/ModularSci_Int/Materials/MI_FloorPanel_D.uexp" 2099
"C:/UnrealProjects/DedicatedProject/Content/Asset/StarterBundle/ModularSci_Int/Meshes/SM_FloorPanel_D.ubulk" 2100
"C:/UnrealProjects/DedicatedProject/Content/Asset/StarterBundle/ModularSci_Int/Meshes/SM_FloorPanel_D.uasset" 2101
"C:/UnrealProjects/DedicatedProject/Content/Asset/StarterBundle/ModularSci_Int/Meshes/SM_FloorPanel_D.uexp" 2102
"C:/UnrealProjects/DedicatedProject/Content/Asset/StarterBundle/ModularSci_Int/Meshes/SM_Win_Ceiling_B.ubulk" 2103
"C:/UnrealProjects/DedicatedProject/Content/Asset/StarterBundle/ModularSci_Int/Meshes/SM_Win_Ceiling_B.uasset" 2104
"C:/UnrealProjects/DedicatedProject/Content/Asset/StarterBundle/ModularSci_Int/Meshes/SM_Win_Ceiling_B.uexp" 2105
"C:/UnrealProjects/DedicatedProject/Content/Asset/StarterBundle/ModularSci_Int/Materials/M_Glass.uasset" 2106
"C:/UnrealProjects/DedicatedProject/Content/Asset/StarterBundle/ModularSci_Int/Materials/M_Glass.uexp" 2107
"C:/UnrealProjects/DedicatedProject/Content/Asset/StarterBundle/ModularSci_Int/Meshes/SM_Win_Ceiling_B_2.ubulk" 2108
"C:/UnrealProjects/DedicatedProject/Content/Asset/StarterBundle/ModularSci_Int/Meshes/SM_Win_Ceiling_B_2.uasset" 2109
"C:/UnrealProjects/DedicatedProject/Content/Asset/StarterBundle/ModularSci_Int/Meshes/SM_Win_Ceiling_B_2.uexp" 2110
"C:/UnrealProjects/DedicatedProject/Content/Asset/StarterBundle/ModularSci_Int/Meshes/SM_Win_CeilingBrace.ubulk" 2111
"C:/UnrealProjects/DedicatedProject/Content/Asset/StarterBundle/ModularSci_Int/Meshes/SM_Win_CeilingBrace.uasset" 2112
"C:/UnrealProjects/DedicatedProject/Content/Asset/StarterBundle/ModularSci_Int/Meshes/SM_Win_CeilingBrace.uexp" 2113
"C:/UnrealProjects/DedicatedProject/Content/Asset/StarterBundle/ModularSci_Int/Meshes/SM_Pipe_WinCeiling.ubulk" 2114
"C:/UnrealProjects/DedicatedProject/Content/Asset/StarterBundle/ModularSci_Int/Meshes/SM_Pipe_WinCeiling.uasset" 2115
"C:/UnrealProjects/DedicatedProject/Content/Asset/StarterBundle/ModularSci_Int/Meshes/SM_Pipe_WinCeiling.uexp" 2116
"C:/UnrealProjects/DedicatedProject/Content/Asset/StarterBundle/ModularSci_Int/Meshes/SM_Win_Divider_A.ubulk" 2117
"C:/UnrealProjects/DedicatedProject/Content/Asset/StarterBundle/ModularSci_Int/Meshes/SM_Win_Divider_A.uasset" 2118
"C:/UnrealProjects/DedicatedProject/Content/Asset/StarterBundle/ModularSci_Int/Meshes/SM_Win_Divider_A.uexp" 2119
"C:/UnrealProjects/DedicatedProject/Content/Asset/StarterBundle/ModularSciFiMats/Materials/Decals/Words/MI_Bridge.uasset" 2120
"C:/UnrealProjects/DedicatedProject/Content/Asset/StarterBundle/ModularSciFiMats/Materials/Decals/Words/MI_Bridge.uexp" 2121
"C:/UnrealProjects/DedicatedProject/Content/Asset/StarterBundle/ModularSci_Int/Textures/T_Win_PanelLow_A_N_normals.ubulk" 2122
"C:/UnrealProjects/DedicatedProject/Content/Asset/StarterBundle/ModularSci_Int/Textures/T_Win_PanelLow_A_N_normals.uasset" 2123
"C:/UnrealProjects/DedicatedProject/Content/Asset/StarterBundle/ModularSci_Int/Textures/T_Win_PanelLow_A_N_normals.uexp" 2124
"C:/UnrealProjects/DedicatedProject/Content/Asset/StarterBundle/ModularSci_Int/Textures/T_Win_PanelLow_A_M.ubulk" 2125
"C:/UnrealProjects/DedicatedProject/Content/Asset/StarterBundle/ModularSci_Int/Textures/T_Win_PanelLow_A_M.uasset" 2126
"C:/UnrealProjects/DedicatedProject/Content/Asset/StarterBundle/ModularSci_Int/Textures/T_Win_PanelLow_A_M.uexp" 2127
"C:/UnrealProjects/DedicatedProject/Content/Asset/StarterBundle/ModularSci_Int/Textures/T_Win_PanelLow_A_Diff.ubulk" 2128
"C:/UnrealProjects/DedicatedProject/Content/Asset/StarterBundle/ModularSci_Int/Textures/T_Win_PanelLow_A_Diff.uasset" 2129
"C:/UnrealProjects/DedicatedProject/Content/Asset/StarterBundle/ModularSci_Int/Textures/T_Win_PanelLow_A_Diff.uexp" 2130
"C:/UnrealProjects/DedicatedProject/Content/Asset/StarterBundle/ModularSci_Int/Materials/MI_Win_PanelLow_A.uasset" 2131
"C:/UnrealProjects/DedicatedProject/Content/Asset/StarterBundle/ModularSci_Int/Materials/MI_Win_PanelLow_A.uexp" 2132
"C:/UnrealProjects/DedicatedProject/Content/Asset/StarterBundle/ModularSci_Int/Meshes/SM_Win_PanelLow_A.ubulk" 2133
"C:/UnrealProjects/DedicatedProject/Content/Asset/StarterBundle/ModularSci_Int/Meshes/SM_Win_PanelLow_A.uasset" 2134
"C:/UnrealProjects/DedicatedProject/Content/Asset/StarterBundle/ModularSci_Int/Meshes/SM_Win_PanelLow_A.uexp" 2135
"C:/UnrealProjects/DedicatedProject/Content/Asset/StarterBundle/ModularSciFiMats/Textures/Decals/Stripes/T_Stripe_F.uasset" 2136
"C:/UnrealProjects/DedicatedProject/Content/Asset/StarterBundle/ModularSciFiMats/Textures/Decals/Stripes/T_Stripe_F.uexp" 2137
"C:/UnrealProjects/DedicatedProject/Content/Asset/StarterBundle/ModularSciFiMats/Materials/Decals/Stripes/MI_Stripe_F.uasset" 2138
"C:/UnrealProjects/DedicatedProject/Content/Asset/StarterBundle/ModularSciFiMats/Materials/Decals/Stripes/MI_Stripe_F.uexp" 2139
"C:/UnrealProjects/DedicatedProject/Content/Asset/StarterBundle/ModularSci_Int/Materials/MI_Trims_B_Red.uasset" 2140
"C:/UnrealProjects/DedicatedProject/Content/Asset/StarterBundle/ModularSci_Int/Materials/MI_Trims_B_Red.uexp" 2141
"C:/UnrealProjects/DedicatedProject/Content/Asset/StarterBundle/ModularSciFiMats/Textures/Decals/Signs/T_CautionTriangle_B.uasset" 2142
"C:/UnrealProjects/DedicatedProject/Content/Asset/StarterBundle/ModularSciFiMats/Textures/Decals/Signs/T_CautionTriangle_B.uexp" 2143
"C:/UnrealProjects/DedicatedProject/Content/Asset/StarterBundle/ModularSciFiMats/Materials/Decals/Signs/MI_CautionTriangle_B.uasset" 2144
"C:/UnrealProjects/DedicatedProject/Content/Asset/StarterBundle/ModularSciFiMats/Materials/Decals/Signs/MI_CautionTriangle_B.uexp" 2145
"C:/UnrealProjects/DedicatedProject/Content/Asset/StarterBundle/ModularSci_Int/Meshes/SM_Win_FloorEdge_B.ubulk" 2146
"C:/UnrealProjects/DedicatedProject/Content/Asset/StarterBundle/ModularSci_Int/Meshes/SM_Win_FloorEdge_B.uasset" 2147
"C:/UnrealProjects/DedicatedProject/Content/Asset/StarterBundle/ModularSci_Int/Meshes/SM_Win_FloorEdge_B.uexp" 2148
"C:/UnrealProjects/DedicatedProject/Content/Asset/StarterBundle/ModularSciFiMats/Textures/Decals/Arrows/T_Arrow_B_Scr_OM.uasset" 2149
"C:/UnrealProjects/DedicatedProject/Content/Asset/StarterBundle/ModularSciFiMats/Textures/Decals/Arrows/T_Arrow_B_Scr_OM.uexp" 2150
"C:/UnrealProjects/DedicatedProject/Content/Asset/StarterBundle/ModularSciFiMats/Textures/Decals/Arrows/T_Arrow_B.uasset" 2151
"C:/UnrealProjects/DedicatedProject/Content/Asset/StarterBundle/ModularSciFiMats/Textures/Decals/Arrows/T_Arrow_B.uexp" 2152
"C:/UnrealProjects/DedicatedProject/Content/Asset/StarterBundle/ModularSciFiMats/Materials/Decals/Arrows/MI_Arrow_B_Scr.uasset" 2153
"C:/UnrealProjects/DedicatedProject/Content/Asset/StarterBundle/ModularSciFiMats/Materials/Decals/Arrows/MI_Arrow_B_Scr.uexp" 2154
"C:/UnrealProjects/DedicatedProject/Content/Asset/StarterBundle/ModularSci_Int/Meshes/SM_Win_Ceiling_C.ubulk" 2155
"C:/UnrealProjects/DedicatedProject/Content/Asset/StarterBundle/ModularSci_Int/Meshes/SM_Win_Ceiling_C.uasset" 2156
"C:/UnrealProjects/DedicatedProject/Content/Asset/StarterBundle/ModularSci_Int/Meshes/SM_Win_Ceiling_C.uexp" 2157
"C:/UnrealProjects/DedicatedProject/Content/Asset/StarterBundle/ModularSci_Int/Meshes/SM_Win_CeilingPipes_A.ubulk" 2158
"C:/UnrealProjects/DedicatedProject/Content/Asset/StarterBundle/ModularSci_Int/Meshes/SM_Win_CeilingPipes_A.uasset" 2159
"C:/UnrealProjects/DedicatedProject/Content/Asset/StarterBundle/ModularSci_Int/Meshes/SM_Win_CeilingPipes_A.uexp" 2160
"C:/UnrealProjects/DedicatedProject/Content/Asset/StarterBundle/ModularSci_Int/Meshes/SM_Win_Frame_A.ubulk" 2161
"C:/UnrealProjects/DedicatedProject/Content/Asset/StarterBundle/ModularSci_Int/Meshes/SM_Win_Frame_A.uasset" 2162
"C:/UnrealProjects/DedicatedProject/Content/Asset/StarterBundle/ModularSci_Int/Meshes/SM_Win_Frame_A.uexp" 2163
"C:/UnrealProjects/DedicatedProject/Content/Asset/StarterBundle/ModularSci_Int/Meshes/SM_FloorBuffer_C.ubulk" 2164
"C:/UnrealProjects/DedicatedProject/Content/Asset/StarterBundle/ModularSci_Int/Meshes/SM_FloorBuffer_C.uasset" 2165
"C:/UnrealProjects/DedicatedProject/Content/Asset/StarterBundle/ModularSci_Int/Meshes/SM_FloorBuffer_C.uexp" 2166
"C:/UnrealProjects/DedicatedProject/Content/Asset/StarterBundle/ModularSci_Int/Meshes/SM_FloorBuffer_C_2.ubulk" 2167
"C:/UnrealProjects/DedicatedProject/Content/Asset/StarterBundle/ModularSci_Int/Meshes/SM_FloorBuffer_C_2.uasset" 2168
"C:/UnrealProjects/DedicatedProject/Content/Asset/StarterBundle/ModularSci_Int/Meshes/SM_FloorBuffer_C_2.uexp" 2169
"C:/UnrealProjects/DedicatedProject/Content/Asset/StarterBundle/ModularSci_Int/Materials/MI_Win_FloorEdge_B3.uasset" 2170
"C:/UnrealProjects/DedicatedProject/Content/Asset/StarterBundle/ModularSci_Int/Materials/MI_Win_FloorEdge_B3.uexp" 2171
"C:/UnrealProjects/DedicatedProject/Content/Asset/StarterBundle/ModularSci_Int/Textures/T_Win_Floor_A_N_normals.ubulk" 2172
"C:/UnrealProjects/DedicatedProject/Content/Asset/StarterBundle/ModularSci_Int/Textures/T_Win_Floor_A_N_normals.uasset" 2173
"C:/UnrealProjects/DedicatedProject/Content/Asset/StarterBundle/ModularSci_Int/Textures/T_Win_Floor_A_N_normals.uexp" 2174
"C:/UnrealProjects/DedicatedProject/Content/Asset/StarterBundle/ModularSci_Int/Textures/T_Win_Floor_A_Diff.ubulk" 2175
"C:/UnrealProjects/DedicatedProject/Content/Asset/StarterBundle/ModularSci_Int/Textures/T_Win_Floor_A_Diff.uasset" 2176
"C:/UnrealProjects/DedicatedProject/Content/Asset/StarterBundle/ModularSci_Int/Textures/T_Win_Floor_A_Diff.uexp" 2177
"C:/UnrealProjects/DedicatedProject/Content/Asset/StarterBundle/ModularSci_Int/Textures/T_Win_Floor_A_M.ubulk" 2178
"C:/UnrealProjects/DedicatedProject/Content/Asset/StarterBundle/ModularSci_Int/Textures/T_Win_Floor_A_M.uasset" 2179
"C:/UnrealProjects/DedicatedProject/Content/Asset/StarterBundle/ModularSci_Int/Textures/T_Win_Floor_A_M.uexp" 2180
"C:/UnrealProjects/DedicatedProject/Content/Asset/StarterBundle/ModularSci_Int/Materials/MI_Win_Floor_A.uasset" 2181
"C:/UnrealProjects/DedicatedProject/Content/Asset/StarterBundle/ModularSci_Int/Materials/MI_Win_Floor_A.uexp" 2182
"C:/UnrealProjects/DedicatedProject/Content/Asset/StarterBundle/ModularSci_Int/Meshes/SM_Win_Floor_A.ubulk" 2183
"C:/UnrealProjects/DedicatedProject/Content/Asset/StarterBundle/ModularSci_Int/Meshes/SM_Win_Floor_A.uasset" 2184
"C:/UnrealProjects/DedicatedProject/Content/Asset/StarterBundle/ModularSci_Int/Meshes/SM_Win_Floor_A.uexp" 2185
"C:/UnrealProjects/DedicatedProject/Content/Asset/StarterBundle/ModularSciFiMats/Materials/Instances/MI_Trims_A4.uasset" 2186
"C:/UnrealProjects/DedicatedProject/Content/Asset/StarterBundle/ModularSciFiMats/Materials/Instances/MI_Trims_A4.uexp" 2187
"C:/UnrealProjects/DedicatedProject/Content/Asset/StarterBundle/ModularSciFiMats/Materials/Decals/Arrows/MI_Arrow_B.uasset" 2188
"C:/UnrealProjects/DedicatedProject/Content/Asset/StarterBundle/ModularSciFiMats/Materials/Decals/Arrows/MI_Arrow_B.uexp" 2189
"C:/UnrealProjects/DedicatedProject/Content/Asset/StarterBundle/ModularSci_Int/Textures/T_Hall_Doorway_L_N_normals.ubulk" 2190
"C:/UnrealProjects/DedicatedProject/Content/Asset/StarterBundle/ModularSci_Int/Textures/T_Hall_Doorway_L_N_normals.uasset" 2191
"C:/UnrealProjects/DedicatedProject/Content/Asset/StarterBundle/ModularSci_Int/Textures/T_Hall_Doorway_L_N_normals.uexp" 2192
"C:/UnrealProjects/DedicatedProject/Content/Asset/StarterBundle/ModularSci_Int/Textures/T_Hall_Doorway_L_Diff.ubulk" 2193
"C:/UnrealProjects/DedicatedProject/Content/Asset/StarterBundle/ModularSci_Int/Textures/T_Hall_Doorway_L_Diff.uasset" 2194
"C:/UnrealProjects/DedicatedProject/Content/Asset/StarterBundle/ModularSci_Int/Textures/T_Hall_Doorway_L_Diff.uexp" 2195
"C:/UnrealProjects/DedicatedProject/Content/Asset/StarterBundle/ModularSci_Int/Textures/T_Hall_Doorway_L_M.ubulk" 2196
"C:/UnrealProjects/DedicatedProject/Content/Asset/StarterBundle/ModularSci_Int/Textures/T_Hall_Doorway_L_M.uasset" 2197
"C:/UnrealProjects/DedicatedProject/Content/Asset/StarterBundle/ModularSci_Int/Textures/T_Hall_Doorway_L_M.uexp" 2198
"C:/UnrealProjects/DedicatedProject/Content/Asset/StarterBundle/ModularSci_Int/Materials/MI_Doorway_L.uasset" 2199
"C:/UnrealProjects/DedicatedProject/Content/Asset/StarterBundle/ModularSci_Int/Materials/MI_Doorway_L.uexp" 2200
"C:/UnrealProjects/DedicatedProject/Content/Asset/StarterBundle/ModularSci_Int/Meshes/SM_Doorway_L.ubulk" 2201
"C:/UnrealProjects/DedicatedProject/Content/Asset/StarterBundle/ModularSci_Int/Meshes/SM_Doorway_L.uasset" 2202
"C:/UnrealProjects/DedicatedProject/Content/Asset/StarterBundle/ModularSci_Int/Meshes/SM_Doorway_L.uexp" 2203
"C:/UnrealProjects/DedicatedProject/Content/Asset/StarterBundle/ModularSciFiMats/Textures/Decals/Shapes/T_Square_D.uasset" 2204
"C:/UnrealProjects/DedicatedProject/Content/Asset/StarterBundle/ModularSciFiMats/Textures/Decals/Shapes/T_Square_D.uexp" 2205
"C:/UnrealProjects/DedicatedProject/Content/Asset/StarterBundle/ModularSciFiMats/Materials/Decals/Shapes/MI_Square_D.uasset" 2206
"C:/UnrealProjects/DedicatedProject/Content/Asset/StarterBundle/ModularSciFiMats/Materials/Decals/Shapes/MI_Square_D.uexp" 2207
"C:/UnrealProjects/DedicatedProject/Content/Asset/StarterBundle/ModularSci_Int/Materials/MI_Trims_A_Red.uasset" 2208
"C:/UnrealProjects/DedicatedProject/Content/Asset/StarterBundle/ModularSci_Int/Materials/MI_Trims_A_Red.uexp" 2209
"C:/UnrealProjects/DedicatedProject/Content/Asset/StarterBundle/ModularSci_Int/Meshes/SM_Win_FramePipe_A.ubulk" 2210
"C:/UnrealProjects/DedicatedProject/Content/Asset/StarterBundle/ModularSci_Int/Meshes/SM_Win_FramePipe_A.uasset" 2211
"C:/UnrealProjects/DedicatedProject/Content/Asset/StarterBundle/ModularSci_Int/Meshes/SM_Win_FramePipe_A.uexp" 2212
"C:/UnrealProjects/DedicatedProject/Content/Asset/StarterBundle/ModularSciFiMats/Textures/Decals/Arrows/T_Arrow_A.uasset" 2213
"C:/UnrealProjects/DedicatedProject/Content/Asset/StarterBundle/ModularSciFiMats/Textures/Decals/Arrows/T_Arrow_A.uexp" 2214
"C:/UnrealProjects/DedicatedProject/Content/Asset/StarterBundle/ModularSciFiMats/Materials/Decals/Arrows/MI_Arrow_A.uasset" 2215
"C:/UnrealProjects/DedicatedProject/Content/Asset/StarterBundle/ModularSciFiMats/Materials/Decals/Arrows/MI_Arrow_A.uexp" 2216
"C:/UnrealProjects/DedicatedProject/Content/Asset/StarterBundle/ModularSci_Int/Meshes/SM_Win_PanelHigh_A.ubulk" 2217
"C:/UnrealProjects/DedicatedProject/Content/Asset/StarterBundle/ModularSci_Int/Meshes/SM_Win_PanelHigh_A.uasset" 2218
"C:/UnrealProjects/DedicatedProject/Content/Asset/StarterBundle/ModularSci_Int/Meshes/SM_Win_PanelHigh_A.uexp" 2219
"C:/UnrealProjects/DedicatedProject/Content/Asset/StarterBundle/ModularSci_Int/Materials/MI_Wall_D.uasset" 2220
"C:/UnrealProjects/DedicatedProject/Content/Asset/StarterBundle/ModularSci_Int/Materials/MI_Wall_D.uexp" 2221
"C:/UnrealProjects/DedicatedProject/Content/Asset/StarterBundle/ModularSci_Int/Materials/MI_Wall_D_Top.uasset" 2222
"C:/UnrealProjects/DedicatedProject/Content/Asset/StarterBundle/ModularSci_Int/Materials/MI_Wall_D_Top.uexp" 2223
"C:/UnrealProjects/DedicatedProject/Content/Asset/StarterBundle/ModularSci_Int/Meshes/SM_Wall_D.ubulk" 2224
"C:/UnrealProjects/DedicatedProject/Content/Asset/StarterBundle/ModularSci_Int/Meshes/SM_Wall_D.uasset" 2225
"C:/UnrealProjects/DedicatedProject/Content/Asset/StarterBundle/ModularSci_Int/Meshes/SM_Wall_D.uexp" 2226
"C:/UnrealProjects/DedicatedProject/Content/Asset/HomeMade/NodeEntry4/BP_CommonNodeEntry4.uasset" 2227
"C:/UnrealProjects/DedicatedProject/Content/Asset/HomeMade/NodeEntry4/BP_CommonNodeEntry4.uexp" 2228
"C:/UnrealProjects/DedicatedProject/Content/Asset/StarterBundle/ModularScifiHallways/Textures/T_Hall_Floor_Main_Diff.ubulk" 2229
"C:/UnrealProjects/DedicatedProject/Content/Asset/StarterBundle/ModularScifiHallways/Textures/T_Hall_Floor_Main_Diff.uasset" 2230
"C:/UnrealProjects/DedicatedProject/Content/Asset/StarterBundle/ModularScifiHallways/Textures/T_Hall_Floor_Main_Diff.uexp" 2231
"C:/UnrealProjects/DedicatedProject/Content/Asset/StarterBundle/ModularScifiHallways/Textures/T_Hall_Floor_Main_N_normals.ubulk" 2232
"C:/UnrealProjects/DedicatedProject/Content/Asset/StarterBundle/ModularScifiHallways/Textures/T_Hall_Floor_Main_N_normals.uasset" 2233
"C:/UnrealProjects/DedicatedProject/Content/Asset/StarterBundle/ModularScifiHallways/Textures/T_Hall_Floor_Main_N_normals.uexp" 2234
"C:/UnrealProjects/DedicatedProject/Content/Asset/StarterBundle/ModularScifiHallways/Textures/T_Hall_Floor_Main_M.ubulk" 2235
"C:/UnrealProjects/DedicatedProject/Content/Asset/StarterBundle/ModularScifiHallways/Textures/T_Hall_Floor_Main_M.uasset" 2236
"C:/UnrealProjects/DedicatedProject/Content/Asset/StarterBundle/ModularScifiHallways/Textures/T_Hall_Floor_Main_M.uexp" 2237
"C:/UnrealProjects/DedicatedProject/Content/Asset/StarterBundle/ModularScifiHallways/Materials/MI_Hall_Floor_Main_M.uasset" 2238
"C:/UnrealProjects/DedicatedProject/Content/Asset/StarterBundle/ModularScifiHallways/Materials/MI_Hall_Floor_Main_M.uexp" 2239
"C:/UnrealProjects/DedicatedProject/Content/Asset/StarterBundle/ModularScifiHallways/Meshes/SM_Hall_Floor_Main.ubulk" 2240
"C:/UnrealProjects/DedicatedProject/Content/Asset/StarterBundle/ModularScifiHallways/Meshes/SM_Hall_Floor_Main.uasset" 2241
"C:/UnrealProjects/DedicatedProject/Content/Asset/StarterBundle/ModularScifiHallways/Meshes/SM_Hall_Floor_Main.uexp" 2242
"C:/UnrealProjects/DedicatedProject/Content/Asset/StarterBundle/ModularScifiHallways/Textures/T_Hall_Floor_Sec_A_M.ubulk" 2243
"C:/UnrealProjects/DedicatedProject/Content/Asset/StarterBundle/ModularScifiHallways/Textures/T_Hall_Floor_Sec_A_M.uasset" 2244
"C:/UnrealProjects/DedicatedProject/Content/Asset/StarterBundle/ModularScifiHallways/Textures/T_Hall_Floor_Sec_A_M.uexp" 2245
"C:/UnrealProjects/DedicatedProject/Content/Asset/StarterBundle/ModularScifiHallways/Textures/T_Hall_Floor_Sec_A_Diff.ubulk" 2246
"C:/UnrealProjects/DedicatedProject/Content/Asset/StarterBundle/ModularScifiHallways/Textures/T_Hall_Floor_Sec_A_Diff.uasset" 2247
"C:/UnrealProjects/DedicatedProject/Content/Asset/StarterBundle/ModularScifiHallways/Textures/T_Hall_Floor_Sec_A_Diff.uexp" 2248
"C:/UnrealProjects/DedicatedProject/Content/Asset/StarterBundle/ModularScifiHallways/Textures/T_Hall_Floor_Sec_A_N_normals.ubulk" 2249
"C:/UnrealProjects/DedicatedProject/Content/Asset/StarterBundle/ModularScifiHallways/Textures/T_Hall_Floor_Sec_A_N_normals.uasset" 2250
"C:/UnrealProjects/DedicatedProject/Content/Asset/StarterBundle/ModularScifiHallways/Textures/T_Hall_Floor_Sec_A_N_normals.uexp" 2251
"C:/UnrealProjects/DedicatedProject/Content/Asset/StarterBundle/ModularScifiHallways/Materials/MI_Hall_Floor_Sec_A_M.uasset" 2252
"C:/UnrealProjects/DedicatedProject/Content/Asset/StarterBundle/ModularScifiHallways/Materials/MI_Hall_Floor_Sec_A_M.uexp" 2253
"C:/UnrealProjects/DedicatedProject/Content/Asset/StarterBundle/ModularScifiHallways/Meshes/SM_Hall_Floor_Sec_A.ubulk" 2254
"C:/UnrealProjects/DedicatedProject/Content/Asset/StarterBundle/ModularScifiHallways/Meshes/SM_Hall_Floor_Sec_A.uasset" 2255
"C:/UnrealProjects/DedicatedProject/Content/Asset/StarterBundle/ModularScifiHallways/Meshes/SM_Hall_Floor_Sec_A.uexp" 2256
"C:/UnrealProjects/DedicatedProject/Content/Asset/StarterBundle/ModularScifiHallways/Textures/T_Hall_Floor_Sec_B_N_normals.ubulk" 2257
"C:/UnrealProjects/DedicatedProject/Content/Asset/StarterBundle/ModularScifiHallways/Textures/T_Hall_Floor_Sec_B_N_normals.uasset" 2258
"C:/UnrealProjects/DedicatedProject/Content/Asset/StarterBundle/ModularScifiHallways/Textures/T_Hall_Floor_Sec_B_N_normals.uexp" 2259
"C:/UnrealProjects/DedicatedProject/Content/Asset/StarterBundle/ModularScifiHallways/Textures/T_Hall_Floor_Sec_B_M.ubulk" 2260
"C:/UnrealProjects/DedicatedProject/Content/Asset/StarterBundle/ModularScifiHallways/Textures/T_Hall_Floor_Sec_B_M.uasset" 2261
"C:/UnrealProjects/DedicatedProject/Content/Asset/StarterBundle/ModularScifiHallways/Textures/T_Hall_Floor_Sec_B_M.uexp" 2262
"C:/UnrealProjects/DedicatedProject/Content/Asset/StarterBundle/ModularScifiHallways/Textures/T_Hall_Floor_Sec_B_Diff.ubulk" 2263
"C:/UnrealProjects/DedicatedProject/Content/Asset/StarterBundle/ModularScifiHallways/Textures/T_Hall_Floor_Sec_B_Diff.uasset" 2264
"C:/UnrealProjects/DedicatedProject/Content/Asset/StarterBundle/ModularScifiHallways/Textures/T_Hall_Floor_Sec_B_Diff.uexp" 2265
"C:/UnrealProjects/DedicatedProject/Content/Asset/StarterBundle/ModularScifiHallways/Materials/MI_Hall_Floor_Sec_B_M.uasset" 2266
"C:/UnrealProjects/DedicatedProject/Content/Asset/StarterBundle/ModularScifiHallways/Materials/MI_Hall_Floor_Sec_B_M.uexp" 2267
"C:/UnrealProjects/DedicatedProject/Content/Asset/StarterBundle/ModularScifiHallways/Meshes/SM_Hall_Floor_Sec_B.ubulk" 2268
"C:/UnrealProjects/DedicatedProject/Content/Asset/StarterBundle/ModularScifiHallways/Meshes/SM_Hall_Floor_Sec_B.uasset" 2269
"C:/UnrealProjects/DedicatedProject/Content/Asset/StarterBundle/ModularScifiHallways/Meshes/SM_Hall_Floor_Sec_B.uexp" 2270
"C:/UnrealProjects/DedicatedProject/Content/Asset/StarterBundle/ModularScifiHallways/Textures/T_Hall_Floor_Sec_Diff.ubulk" 2271
"C:/UnrealProjects/DedicatedProject/Content/Asset/StarterBundle/ModularScifiHallways/Textures/T_Hall_Floor_Sec_Diff.uasset" 2272
"C:/UnrealProjects/DedicatedProject/Content/Asset/StarterBundle/ModularScifiHallways/Textures/T_Hall_Floor_Sec_Diff.uexp" 2273
"C:/UnrealProjects/DedicatedProject/Content/Asset/StarterBundle/ModularScifiHallways/Textures/T_Hall_Floor_Sec_C_M.ubulk" 2274
"C:/UnrealProjects/DedicatedProject/Content/Asset/StarterBundle/ModularScifiHallways/Textures/T_Hall_Floor_Sec_C_M.uasset" 2275
"C:/UnrealProjects/DedicatedProject/Content/Asset/StarterBundle/ModularScifiHallways/Textures/T_Hall_Floor_Sec_C_M.uexp" 2276
"C:/UnrealProjects/DedicatedProject/Content/Asset/StarterBundle/ModularScifiHallways/Textures/T_Hall_Floor_Sec_C_N_normals.ubulk" 2277
"C:/UnrealProjects/DedicatedProject/Content/Asset/StarterBundle/ModularScifiHallways/Textures/T_Hall_Floor_Sec_C_N_normals.uasset" 2278
"C:/UnrealProjects/DedicatedProject/Content/Asset/StarterBundle/ModularScifiHallways/Textures/T_Hall_Floor_Sec_C_N_normals.uexp" 2279
"C:/UnrealProjects/DedicatedProject/Content/Asset/StarterBundle/ModularScifiHallways/Materials/MI_Hall_Floor_Sec_C_M.uasset" 2280
"C:/UnrealProjects/DedicatedProject/Content/Asset/StarterBundle/ModularScifiHallways/Materials/MI_Hall_Floor_Sec_C_M.uexp" 2281
"C:/UnrealProjects/DedicatedProject/Content/Asset/StarterBundle/ModularScifiHallways/Meshes/SM_Hall_Floor_Sec_C.ubulk" 2282
"C:/UnrealProjects/DedicatedProject/Content/Asset/StarterBundle/ModularScifiHallways/Meshes/SM_Hall_Floor_Sec_C.uasset" 2283
"C:/UnrealProjects/DedicatedProject/Content/Asset/StarterBundle/ModularScifiHallways/Meshes/SM_Hall_Floor_Sec_C.uexp" 2284
"C:/UnrealProjects/DedicatedProject/Content/Asset/StarterBundle/ModularScifiHallways/Textures/T_Hall_Wires_A_M.ubulk" 2285
"C:/UnrealProjects/DedicatedProject/Content/Asset/StarterBundle/ModularScifiHallways/Textures/T_Hall_Wires_A_M.uasset" 2286
"C:/UnrealProjects/DedicatedProject/Content/Asset/StarterBundle/ModularScifiHallways/Textures/T_Hall_Wires_A_M.uexp" 2287
"C:/UnrealProjects/DedicatedProject/Content/Asset/StarterBundle/ModularScifiHallways/Textures/T_Hall_Wires_A_Diff.ubulk" 2288
"C:/UnrealProjects/DedicatedProject/Content/Asset/StarterBundle/ModularScifiHallways/Textures/T_Hall_Wires_A_Diff.uasset" 2289
"C:/UnrealProjects/DedicatedProject/Content/Asset/StarterBundle/ModularScifiHallways/Textures/T_Hall_Wires_A_Diff.uexp" 2290
"C:/UnrealProjects/DedicatedProject/Content/Asset/StarterBundle/ModularScifiHallways/Textures/T_Hall_Wires_A_N_normals.ubulk" 2291
"C:/UnrealProjects/DedicatedProject/Content/Asset/StarterBundle/ModularScifiHallways/Textures/T_Hall_Wires_A_N_normals.uasset" 2292
"C:/UnrealProjects/DedicatedProject/Content/Asset/StarterBundle/ModularScifiHallways/Textures/T_Hall_Wires_A_N_normals.uexp" 2293
"C:/UnrealProjects/DedicatedProject/Content/Asset/StarterBundle/ModularScifiHallways/Materials/MI_Hall_Wires_A_M.uasset" 2294
"C:/UnrealProjects/DedicatedProject/Content/Asset/StarterBundle/ModularScifiHallways/Materials/MI_Hall_Wires_A_M.uexp" 2295
"C:/UnrealProjects/DedicatedProject/Content/Asset/StarterBundle/ModularScifiHallways/Textures/T_Wires_Diff_A.ubulk" 2296
"C:/UnrealProjects/DedicatedProject/Content/Asset/StarterBundle/ModularScifiHallways/Textures/T_Wires_Diff_A.uasset" 2297
"C:/UnrealProjects/DedicatedProject/Content/Asset/StarterBundle/ModularScifiHallways/Textures/T_Wires_Diff_A.uexp" 2298
"C:/UnrealProjects/DedicatedProject/Content/Asset/StarterBundle/ModularScifiHallways/Materials/M_Base_Wires.uasset" 2299
"C:/UnrealProjects/DedicatedProject/Content/Asset/StarterBundle/ModularScifiHallways/Materials/M_Base_Wires.uexp" 2300
"C:/UnrealProjects/DedicatedProject/Content/Asset/StarterBundle/ModularScifiHallways/Materials/MI_Wires_A.uasset" 2301
"C:/UnrealProjects/DedicatedProject/Content/Asset/StarterBundle/ModularScifiHallways/Materials/MI_Wires_A.uexp" 2302
"C:/UnrealProjects/DedicatedProject/Content/Asset/StarterBundle/ModularScifiHallways/Meshes/SM_Hall_Wires_B.ubulk" 2303
"C:/UnrealProjects/DedicatedProject/Content/Asset/StarterBundle/ModularScifiHallways/Meshes/SM_Hall_Wires_B.uasset" 2304
"C:/UnrealProjects/DedicatedProject/Content/Asset/StarterBundle/ModularScifiHallways/Meshes/SM_Hall_Wires_B.uexp" 2305
"C:/UnrealProjects/DedicatedProject/Content/Asset/StarterBundle/ModularScifiHallways/Textures/T_Hall_Sec_Corner_M.ubulk" 2306
"C:/UnrealProjects/DedicatedProject/Content/Asset/StarterBundle/ModularScifiHallways/Textures/T_Hall_Sec_Corner_M.uasset" 2307
"C:/UnrealProjects/DedicatedProject/Content/Asset/StarterBundle/ModularScifiHallways/Textures/T_Hall_Sec_Corner_M.uexp" 2308
"C:/UnrealProjects/DedicatedProject/Content/Asset/StarterBundle/ModularScifiHallways/Textures/T_Hall_Sec_Corner_Diff.ubulk" 2309
"C:/UnrealProjects/DedicatedProject/Content/Asset/StarterBundle/ModularScifiHallways/Textures/T_Hall_Sec_Corner_Diff.uasset" 2310
"C:/UnrealProjects/DedicatedProject/Content/Asset/StarterBundle/ModularScifiHallways/Textures/T_Hall_Sec_Corner_Diff.uexp" 2311
"C:/UnrealProjects/DedicatedProject/Content/Asset/StarterBundle/ModularScifiHallways/Textures/T_Hall_Sec_Corner_N_normals.ubulk" 2312
"C:/UnrealProjects/DedicatedProject/Content/Asset/StarterBundle/ModularScifiHallways/Textures/T_Hall_Sec_Corner_N_normals.uasset" 2313
"C:/UnrealProjects/DedicatedProject/Content/Asset/StarterBundle/ModularScifiHallways/Textures/T_Hall_Sec_Corner_N_normals.uexp" 2314
"C:/UnrealProjects/DedicatedProject/Content/Asset/StarterBundle/ModularScifiHallways/Materials/MI_Hall_Sec_Corner_M.uasset" 2315
"C:/UnrealProjects/DedicatedProject/Content/Asset/StarterBundle/ModularScifiHallways/Materials/MI_Hall_Sec_Corner_M.uexp" 2316
"C:/UnrealProjects/DedicatedProject/Content/Asset/StarterBundle/ModularScifiHallways/Meshes/SM_Hall_Sec_Corner.ubulk" 2317
"C:/UnrealProjects/DedicatedProject/Content/Asset/StarterBundle/ModularScifiHallways/Meshes/SM_Hall_Sec_Corner.uasset" 2318
"C:/UnrealProjects/DedicatedProject/Content/Asset/StarterBundle/ModularScifiHallways/Meshes/SM_Hall_Sec_Corner.uexp" 2319
"C:/UnrealProjects/DedicatedProject/Content/Asset/StarterBundle/ModularScifiHallways/Meshes/SM_Hall_Wires_A.ubulk" 2320
"C:/UnrealProjects/DedicatedProject/Content/Asset/StarterBundle/ModularScifiHallways/Meshes/SM_Hall_Wires_A.uasset" 2321
"C:/UnrealProjects/DedicatedProject/Content/Asset/StarterBundle/ModularScifiHallways/Meshes/SM_Hall_Wires_A.uexp" 2322
"C:/UnrealProjects/DedicatedProject/Content/Asset/StarterBundle/ModularScifiHallways/Textures/T_Hall_Ceiling_Sec_A_M.ubulk" 2323
"C:/UnrealProjects/DedicatedProject/Content/Asset/StarterBundle/ModularScifiHallways/Textures/T_Hall_Ceiling_Sec_A_M.uasset" 2324
"C:/UnrealProjects/DedicatedProject/Content/Asset/StarterBundle/ModularScifiHallways/Textures/T_Hall_Ceiling_Sec_A_M.uexp" 2325
"C:/UnrealProjects/DedicatedProject/Content/Asset/StarterBundle/ModularScifiHallways/Textures/T_Hall_Ceiling_Sec_A_N_normals.ubulk" 2326
"C:/UnrealProjects/DedicatedProject/Content/Asset/StarterBundle/ModularScifiHallways/Textures/T_Hall_Ceiling_Sec_A_N_normals.uasset" 2327
"C:/UnrealProjects/DedicatedProject/Content/Asset/StarterBundle/ModularScifiHallways/Textures/T_Hall_Ceiling_Sec_A_N_normals.uexp" 2328
"C:/UnrealProjects/DedicatedProject/Content/Asset/StarterBundle/ModularScifiHallways/Textures/T_Hall_Ceiling_Sec_A_Diff.ubulk" 2329
"C:/UnrealProjects/DedicatedProject/Content/Asset/StarterBundle/ModularScifiHallways/Textures/T_Hall_Ceiling_Sec_A_Diff.uasset" 2330
"C:/UnrealProjects/DedicatedProject/Content/Asset/StarterBundle/ModularScifiHallways/Textures/T_Hall_Ceiling_Sec_A_Diff.uexp" 2331
"C:/UnrealProjects/DedicatedProject/Content/Asset/StarterBundle/ModularScifiHallways/Materials/MI_Hall_Ceiling_Sec_A_M.uasset" 2332
"C:/UnrealProjects/DedicatedProject/Content/Asset/StarterBundle/ModularScifiHallways/Materials/MI_Hall_Ceiling_Sec_A_M.uexp" 2333
"C:/UnrealProjects/DedicatedProject/Content/Asset/StarterBundle/ModularScifiHallways/Meshes/SM_Hall_Ceiling_Sec_A.ubulk" 2334
"C:/UnrealProjects/DedicatedProject/Content/Asset/StarterBundle/ModularScifiHallways/Meshes/SM_Hall_Ceiling_Sec_A.uasset" 2335
"C:/UnrealProjects/DedicatedProject/Content/Asset/StarterBundle/ModularScifiHallways/Meshes/SM_Hall_Ceiling_Sec_A.uexp" 2336
"C:/UnrealProjects/DedicatedProject/Content/Asset/StarterBundle/ModularScifiHallways/Textures/T_Hall_Ceiling_Sec_B_EM.ubulk" 2337
"C:/UnrealProjects/DedicatedProject/Content/Asset/StarterBundle/ModularScifiHallways/Textures/T_Hall_Ceiling_Sec_B_EM.uasset" 2338
"C:/UnrealProjects/DedicatedProject/Content/Asset/StarterBundle/ModularScifiHallways/Textures/T_Hall_Ceiling_Sec_B_EM.uexp" 2339
"C:/UnrealProjects/DedicatedProject/Content/Asset/StarterBundle/ModularScifiHallways/Textures/T_Hall_Ceiling_Sec_B_Diff.ubulk" 2340
"C:/UnrealProjects/DedicatedProject/Content/Asset/StarterBundle/ModularScifiHallways/Textures/T_Hall_Ceiling_Sec_B_Diff.uasset" 2341
"C:/UnrealProjects/DedicatedProject/Content/Asset/StarterBundle/ModularScifiHallways/Textures/T_Hall_Ceiling_Sec_B_Diff.uexp" 2342
"C:/UnrealProjects/DedicatedProject/Content/Asset/StarterBundle/ModularScifiHallways/Textures/T_Hall_Ceiling_Sec_B_M.ubulk" 2343
"C:/UnrealProjects/DedicatedProject/Content/Asset/StarterBundle/ModularScifiHallways/Textures/T_Hall_Ceiling_Sec_B_M.uasset" 2344
"C:/UnrealProjects/DedicatedProject/Content/Asset/StarterBundle/ModularScifiHallways/Textures/T_Hall_Ceiling_Sec_B_M.uexp" 2345
"C:/UnrealProjects/DedicatedProject/Content/Asset/StarterBundle/ModularScifiHallways/Textures/T_Hall_Ceiling_Sec_B_N_normals.ubulk" 2346
"C:/UnrealProjects/DedicatedProject/Content/Asset/StarterBundle/ModularScifiHallways/Textures/T_Hall_Ceiling_Sec_B_N_normals.uasset" 2347
"C:/UnrealProjects/DedicatedProject/Content/Asset/StarterBundle/ModularScifiHallways/Textures/T_Hall_Ceiling_Sec_B_N_normals.uexp" 2348
"C:/UnrealProjects/DedicatedProject/Content/Asset/StarterBundle/ModularScifiHallways/Materials/MI_Hall_Ceiling_Sec_B_M.uasset" 2349
"C:/UnrealProjects/DedicatedProject/Content/Asset/StarterBundle/ModularScifiHallways/Materials/MI_Hall_Ceiling_Sec_B_M.uexp" 2350
"C:/UnrealProjects/DedicatedProject/Content/Asset/StarterBundle/ModularScifiHallways/Meshes/SM_Hall_Ceiling_Sec_B.ubulk" 2351
"C:/UnrealProjects/DedicatedProject/Content/Asset/StarterBundle/ModularScifiHallways/Meshes/SM_Hall_Ceiling_Sec_B.uasset" 2352
"C:/UnrealProjects/DedicatedProject/Content/Asset/StarterBundle/ModularScifiHallways/Meshes/SM_Hall_Ceiling_Sec_B.uexp" 2353
"C:/UnrealProjects/DedicatedProject/Content/Asset/StarterBundle/ModularScifiHallways/Textures/T_Hall_Ceiling_Sec_C_Diff.ubulk" 2354
"C:/UnrealProjects/DedicatedProject/Content/Asset/StarterBundle/ModularScifiHallways/Textures/T_Hall_Ceiling_Sec_C_Diff.uasset" 2355
"C:/UnrealProjects/DedicatedProject/Content/Asset/StarterBundle/ModularScifiHallways/Textures/T_Hall_Ceiling_Sec_C_Diff.uexp" 2356
"C:/UnrealProjects/DedicatedProject/Content/Asset/StarterBundle/ModularScifiHallways/Textures/T_Hall_Ceiling_Sec_C_N_normals.ubulk" 2357
"C:/UnrealProjects/DedicatedProject/Content/Asset/StarterBundle/ModularScifiHallways/Textures/T_Hall_Ceiling_Sec_C_N_normals.uasset" 2358
"C:/UnrealProjects/DedicatedProject/Content/Asset/StarterBundle/ModularScifiHallways/Textures/T_Hall_Ceiling_Sec_C_N_normals.uexp" 2359
"C:/UnrealProjects/DedicatedProject/Content/Asset/StarterBundle/ModularScifiHallways/Textures/T_Hall_Ceiling_Sec_C_M.ubulk" 2360
"C:/UnrealProjects/DedicatedProject/Content/Asset/StarterBundle/ModularScifiHallways/Textures/T_Hall_Ceiling_Sec_C_M.uasset" 2361
"C:/UnrealProjects/DedicatedProject/Content/Asset/StarterBundle/ModularScifiHallways/Textures/T_Hall_Ceiling_Sec_C_M.uexp" 2362
"C:/UnrealProjects/DedicatedProject/Content/Asset/StarterBundle/ModularScifiHallways/Materials/MI_Hall_Ceiling_Sec_C_M.uasset" 2363
"C:/UnrealProjects/DedicatedProject/Content/Asset/StarterBundle/ModularScifiHallways/Materials/MI_Hall_Ceiling_Sec_C_M.uexp" 2364
"C:/UnrealProjects/DedicatedProject/Content/Asset/StarterBundle/ModularScifiHallways/Meshes/SM_Hall_Ceiling_Sec_C.ubulk" 2365
"C:/UnrealProjects/DedicatedProject/Content/Asset/StarterBundle/ModularScifiHallways/Meshes/SM_Hall_Ceiling_Sec_C.uasset" 2366
"C:/UnrealProjects/DedicatedProject/Content/Asset/StarterBundle/ModularScifiHallways/Meshes/SM_Hall_Ceiling_Sec_C.uexp" 2367
"C:/UnrealProjects/DedicatedProject/Content/Asset/StarterBundle/ModularScifiHallways/Textures/T_Hall_Pipes_Thick_M.ubulk" 2368
"C:/UnrealProjects/DedicatedProject/Content/Asset/StarterBundle/ModularScifiHallways/Textures/T_Hall_Pipes_Thick_M.uasset" 2369
"C:/UnrealProjects/DedicatedProject/Content/Asset/StarterBundle/ModularScifiHallways/Textures/T_Hall_Pipes_Thick_M.uexp" 2370
"C:/UnrealProjects/DedicatedProject/Content/Asset/StarterBundle/ModularScifiHallways/Textures/T_Hall_Pipes_Thick_N_normals.ubulk" 2371
"C:/UnrealProjects/DedicatedProject/Content/Asset/StarterBundle/ModularScifiHallways/Textures/T_Hall_Pipes_Thick_N_normals.uasset" 2372
"C:/UnrealProjects/DedicatedProject/Content/Asset/StarterBundle/ModularScifiHallways/Textures/T_Hall_Pipes_Thick_N_normals.uexp" 2373
"C:/UnrealProjects/DedicatedProject/Content/Asset/StarterBundle/ModularScifiHallways/Textures/T_Hall_Pipes_Thick_Diff.ubulk" 2374
"C:/UnrealProjects/DedicatedProject/Content/Asset/StarterBundle/ModularScifiHallways/Textures/T_Hall_Pipes_Thick_Diff.uasset" 2375
"C:/UnrealProjects/DedicatedProject/Content/Asset/StarterBundle/ModularScifiHallways/Textures/T_Hall_Pipes_Thick_Diff.uexp" 2376
"C:/UnrealProjects/DedicatedProject/Content/Asset/StarterBundle/ModularScifiHallways/Materials/MI_Hall_Pipes_Thick_M.uasset" 2377
"C:/UnrealProjects/DedicatedProject/Content/Asset/StarterBundle/ModularScifiHallways/Materials/MI_Hall_Pipes_Thick_M.uexp" 2378
"C:/UnrealProjects/DedicatedProject/Content/Asset/StarterBundle/ModularScifiHallways/Meshes/SM_Hall_Pipes_Thick.ubulk" 2379
"C:/UnrealProjects/DedicatedProject/Content/Asset/StarterBundle/ModularScifiHallways/Meshes/SM_Hall_Pipes_Thick.uasset" 2380
"C:/UnrealProjects/DedicatedProject/Content/Asset/StarterBundle/ModularScifiHallways/Meshes/SM_Hall_Pipes_Thick.uexp" 2381
"C:/UnrealProjects/DedicatedProject/Content/Asset/StarterBundle/ModularScifiHallways/Meshes/SM_Hall_Wall_C_2.ubulk" 2382
"C:/UnrealProjects/DedicatedProject/Content/Asset/StarterBundle/ModularScifiHallways/Meshes/SM_Hall_Wall_C_2.uasset" 2383
"C:/UnrealProjects/DedicatedProject/Content/Asset/StarterBundle/ModularScifiHallways/Meshes/SM_Hall_Wall_C_2.uexp" 2384
"C:/UnrealProjects/DedicatedProject/Content/Asset/HomeMade/NodeEntry3/BP_CommonNode3.uasset" 2385
"C:/UnrealProjects/DedicatedProject/Content/Asset/HomeMade/NodeEntry3/BP_CommonNode3.uexp" 2386
"C:/UnrealProjects/DedicatedProject/Content/Asset/StarterBundle/ModularSci_Comm/Materials/MI_Floor_Black2.uasset" 2387
"C:/UnrealProjects/DedicatedProject/Content/Asset/StarterBundle/ModularSci_Comm/Materials/MI_Floor_Black2.uexp" 2388
"C:/UnrealProjects/DedicatedProject/Content/Asset/StarterBundle/ModularSci_Comm/Textures/Decals/T_Base_M.uasset" 2389
"C:/UnrealProjects/DedicatedProject/Content/Asset/StarterBundle/ModularSci_Comm/Textures/Decals/T_Base_M.uexp" 2390
"C:/UnrealProjects/DedicatedProject/Content/Asset/StarterBundle/ModularSci_Comm/Textures/Decals/Text/Words/T_Control.uasset" 2391
"C:/UnrealProjects/DedicatedProject/Content/Asset/StarterBundle/ModularSci_Comm/Textures/Decals/Text/Words/T_Control.uexp" 2392
"C:/UnrealProjects/DedicatedProject/Content/Asset/StarterBundle/ModularSci_Comm/Textures/Decals/Floor/T_FloorSquare_A.uasset" 2393
"C:/UnrealProjects/DedicatedProject/Content/Asset/StarterBundle/ModularSci_Comm/Textures/Decals/Floor/T_FloorSquare_A.uexp" 2394
"C:/UnrealProjects/DedicatedProject/Content/Asset/StarterBundle/ModularSci_Comm/Textures/Decals/Floor/T_FloorSquare_A_M.uasset" 2395
"C:/UnrealProjects/DedicatedProject/Content/Asset/StarterBundle/ModularSci_Comm/Textures/Decals/Floor/T_FloorSquare_A_M.uexp" 2396
"C:/UnrealProjects/DedicatedProject/Content/Asset/StarterBundle/ModularSci_Comm/Materials/Decals/M_Decal_Base.uasset" 2397
"C:/UnrealProjects/DedicatedProject/Content/Asset/StarterBundle/ModularSci_Comm/Materials/Decals/M_Decal_Base.uexp" 2398
"C:/UnrealProjects/DedicatedProject/Content/Asset/StarterBundle/ModularSci_Comm/Materials/Decals/Words/MI_Control_Black.uasset" 2399
"C:/UnrealProjects/DedicatedProject/Content/Asset/StarterBundle/ModularSci_Comm/Materials/Decals/Words/MI_Control_Black.uexp" 2400
"C:/UnrealProjects/DedicatedProject/Content/Asset/StarterBundle/ModularSci_Comm/Materials/MI_Solid_White_3.uasset" 2401
"C:/UnrealProjects/DedicatedProject/Content/Asset/StarterBundle/ModularSci_Comm/Materials/MI_Solid_White_3.uexp" 2402
"C:/UnrealProjects/DedicatedProject/Content/Asset/StarterBundle/ModularSci_Comm/Textures/Decals/Text/T_Text_Dash.uasset" 2403
"C:/UnrealProjects/DedicatedProject/Content/Asset/StarterBundle/ModularSci_Comm/Textures/Decals/Text/T_Text_Dash.uexp" 2404
"C:/UnrealProjects/DedicatedProject/Content/Asset/StarterBundle/ModularSci_Comm/Materials/Decals/Text/MI_Text_Dash_White.uasset" 2405
"C:/UnrealProjects/DedicatedProject/Content/Asset/StarterBundle/ModularSci_Comm/Materials/Decals/Text/MI_Text_Dash_White.uexp" 2406
"C:/UnrealProjects/DedicatedProject/Content/Asset/StarterBundle/ModularSci_Comm/Materials/MI_Trims_C_FloorBlack2.uasset" 2407
"C:/UnrealProjects/DedicatedProject/Content/Asset/StarterBundle/ModularSci_Comm/Materials/MI_Trims_C_FloorBlack2.uexp" 2408
"C:/UnrealProjects/DedicatedProject/Content/Asset/StarterBundle/ModularSci_Comm/Textures/Decals/Stripes/T_Stripe_E.uasset" 2409
"C:/UnrealProjects/DedicatedProject/Content/Asset/StarterBundle/ModularSci_Comm/Textures/Decals/Stripes/T_Stripe_E.uexp" 2410
"C:/UnrealProjects/DedicatedProject/Content/Asset/StarterBundle/ModularSci_Comm/Textures/Decals/Stripes/T_Stripe_E_M.uasset" 2411
"C:/UnrealProjects/DedicatedProject/Content/Asset/StarterBundle/ModularSci_Comm/Textures/Decals/Stripes/T_Stripe_E_M.uexp" 2412
"C:/UnrealProjects/DedicatedProject/Content/Asset/StarterBundle/ModularSci_Comm/Materials/Decals/Stripes/MI_Stripe_E_Red.uasset" 2413
"C:/UnrealProjects/DedicatedProject/Content/Asset/StarterBundle/ModularSci_Comm/Materials/Decals/Stripes/MI_Stripe_E_Red.uexp" 2414
"C:/UnrealProjects/DedicatedProject/Content/Asset/StarterBundle/ModularSci_Comm/Meshes/SM_Wall_D.ubulk" 2415
"C:/UnrealProjects/DedicatedProject/Content/Asset/StarterBundle/ModularSci_Comm/Meshes/SM_Wall_D.uasset" 2416
"C:/UnrealProjects/DedicatedProject/Content/Asset/StarterBundle/ModularSci_Comm/Meshes/SM_Wall_D.uexp" 2417
"C:/UnrealProjects/DedicatedProject/Content/Asset/StarterBundle/ModularSci_Comm/Materials/MI_Trims_C_Yellow.uasset" 2418
"C:/UnrealProjects/DedicatedProject/Content/Asset/StarterBundle/ModularSci_Comm/Materials/MI_Trims_C_Yellow.uexp" 2419
"C:/UnrealProjects/DedicatedProject/Content/Asset/StarterBundle/ModularSci_Comm/Materials/MI_Trims_C_Dark2.uasset" 2420
"C:/UnrealProjects/DedicatedProject/Content/Asset/StarterBundle/ModularSci_Comm/Materials/MI_Trims_C_Dark2.uexp" 2421
"C:/UnrealProjects/DedicatedProject/Content/Asset/StarterBundle/ModularSciFiMats/Materials/Decals/Floor/MI_SquareFloor_A.uasset" 2422
"C:/UnrealProjects/DedicatedProject/Content/Asset/StarterBundle/ModularSciFiMats/Materials/Decals/Floor/MI_SquareFloor_A.uexp" 2423
"C:/UnrealProjects/DedicatedProject/Content/Asset/StarterBundle/ModularSci_Comm/Textures/Decals/Text/Words/T_Maintenance.uasset" 2424
"C:/UnrealProjects/DedicatedProject/Content/Asset/StarterBundle/ModularSci_Comm/Textures/Decals/Text/Words/T_Maintenance.uexp" 2425
"C:/UnrealProjects/DedicatedProject/Content/Asset/StarterBundle/ModularSci_Comm/Materials/Decals/Words/MI_Maintenance_Black.uasset" 2426
"C:/UnrealProjects/DedicatedProject/Content/Asset/StarterBundle/ModularSci_Comm/Materials/Decals/Words/MI_Maintenance_Black.uexp" 2427
"C:/UnrealProjects/DedicatedProject/Content/Asset/StarterBundle/ModularSciFiMats/Textures/Decals/Stripes/T_Stripe_E_M.uasset" 2428
"C:/UnrealProjects/DedicatedProject/Content/Asset/StarterBundle/ModularSciFiMats/Textures/Decals/Stripes/T_Stripe_E_M.uexp" 2429
"C:/UnrealProjects/DedicatedProject/Content/Asset/StarterBundle/ModularSciFiMats/Textures/Decals/Stripes/T_Stripe_E_Scr_OM.uasset" 2430
"C:/UnrealProjects/DedicatedProject/Content/Asset/StarterBundle/ModularSciFiMats/Textures/Decals/Stripes/T_Stripe_E_Scr_OM.uexp" 2431
"C:/UnrealProjects/DedicatedProject/Content/Asset/StarterBundle/ModularSciFiMats/Textures/Decals/Stripes/T_Stripe_E.uasset" 2432
"C:/UnrealProjects/DedicatedProject/Content/Asset/StarterBundle/ModularSciFiMats/Textures/Decals/Stripes/T_Stripe_E.uexp" 2433
"C:/UnrealProjects/DedicatedProject/Content/Asset/StarterBundle/ModularSciFiMats/Materials/Decals/Stripes/MI_Stripe_E_Scr.uasset" 2434
"C:/UnrealProjects/DedicatedProject/Content/Asset/StarterBundle/ModularSciFiMats/Materials/Decals/Stripes/MI_Stripe_E_Scr.uexp" 2435
"C:/UnrealProjects/DedicatedProject/Content/Asset/StarterBundle/ModularSci_Comm/Textures/Decals/Stripes/T_Stripe_D.uasset" 2436
"C:/UnrealProjects/DedicatedProject/Content/Asset/StarterBundle/ModularSci_Comm/Textures/Decals/Stripes/T_Stripe_D.uexp" 2437
"C:/UnrealProjects/DedicatedProject/Content/Asset/StarterBundle/ModularSci_Comm/Materials/Decals/Stripes/MI_Stripe_D2.uasset" 2438
"C:/UnrealProjects/DedicatedProject/Content/Asset/StarterBundle/ModularSci_Comm/Materials/Decals/Stripes/MI_Stripe_D2.uexp" 2439
"C:/UnrealProjects/DedicatedProject/Content/Asset/StarterBundle/ModularSci_Comm/Textures/Decals/Text/Words/T_Observation.uasset" 2440
"C:/UnrealProjects/DedicatedProject/Content/Asset/StarterBundle/ModularSci_Comm/Textures/Decals/Text/Words/T_Observation.uexp" 2441
"C:/UnrealProjects/DedicatedProject/Content/Asset/StarterBundle/ModularSci_Comm/Materials/Decals/Words/MI_Observation.uasset" 2442
"C:/UnrealProjects/DedicatedProject/Content/Asset/StarterBundle/ModularSci_Comm/Materials/Decals/Words/MI_Observation.uexp" 2443
"C:/UnrealProjects/DedicatedProject/Content/Asset/StarterBundle/ModularSci_Comm/Textures/Decals/Text/T_Text_5.uasset" 2444
"C:/UnrealProjects/DedicatedProject/Content/Asset/StarterBundle/ModularSci_Comm/Textures/Decals/Text/T_Text_5.uexp" 2445
"C:/UnrealProjects/DedicatedProject/Content/Asset/StarterBundle/ModularSci_Comm/Materials/Decals/Text/MI_Text_5b.uasset" 2446
"C:/UnrealProjects/DedicatedProject/Content/Asset/StarterBundle/ModularSci_Comm/Materials/Decals/Text/MI_Text_5b.uexp" 2447
"C:/UnrealProjects/DedicatedProject/Content/Asset/StarterBundle/ModularSci_Comm/Materials/MI_Trims_A_Black2.uasset" 2448
"C:/UnrealProjects/DedicatedProject/Content/Asset/StarterBundle/ModularSci_Comm/Materials/MI_Trims_A_Black2.uexp" 2449
"C:/UnrealProjects/DedicatedProject/Content/Asset/StarterBundle/ModularSci_Comm/Materials/MI_Trims_C_FloorBlack_Det2.uasset" 2450
"C:/UnrealProjects/DedicatedProject/Content/Asset/StarterBundle/ModularSci_Comm/Materials/MI_Trims_C_FloorBlack_Det2.uexp" 2451
"C:/UnrealProjects/DedicatedProject/Content/Asset/StarterBundle/ModularSci_Comm/Materials/MI_Trims_C_Dark3.uasset" 2452
"C:/UnrealProjects/DedicatedProject/Content/Asset/StarterBundle/ModularSci_Comm/Materials/MI_Trims_C_Dark3.uexp" 2453
"C:/UnrealProjects/DedicatedProject/Content/Asset/StarterBundle/ModularSci_Comm/Materials/MI_Solid_Black2.uasset" 2454
"C:/UnrealProjects/DedicatedProject/Content/Asset/StarterBundle/ModularSci_Comm/Materials/MI_Solid_Black2.uexp" 2455
"C:/UnrealProjects/DedicatedProject/Content/Asset/StarterBundle/ModularSciFiMats/Textures/Decals/Signs/T_WarningSign_OM.uasset" 2456
"C:/UnrealProjects/DedicatedProject/Content/Asset/StarterBundle/ModularSciFiMats/Textures/Decals/Signs/T_WarningSign_OM.uexp" 2457
"C:/UnrealProjects/DedicatedProject/Content/Asset/StarterBundle/ModularSciFiMats/Textures/Decals/Signs/T_DangerSign.uasset" 2458
"C:/UnrealProjects/DedicatedProject/Content/Asset/StarterBundle/ModularSciFiMats/Textures/Decals/Signs/T_DangerSign.uexp" 2459
"C:/UnrealProjects/DedicatedProject/Content/Asset/StarterBundle/ModularSciFiMats/Materials/Decals/Signs/MI_DangerSign.uasset" 2460
"C:/UnrealProjects/DedicatedProject/Content/Asset/StarterBundle/ModularSciFiMats/Materials/Decals/Signs/MI_DangerSign.uexp" 2461
"C:/UnrealProjects/DedicatedProject/Content/Asset/StarterBundle/ModularSciFiMats/Textures/Decals/Shapes/T_Square_AB_M.uasset" 2462
"C:/UnrealProjects/DedicatedProject/Content/Asset/StarterBundle/ModularSciFiMats/Textures/Decals/Shapes/T_Square_AB_M.uexp" 2463
"C:/UnrealProjects/DedicatedProject/Content/Asset/StarterBundle/ModularSciFiMats/Textures/Decals/Shapes/T_Square_A_Scr_OM.uasset" 2464
"C:/UnrealProjects/DedicatedProject/Content/Asset/StarterBundle/ModularSciFiMats/Textures/Decals/Shapes/T_Square_A_Scr_OM.uexp" 2465
"C:/UnrealProjects/DedicatedProject/Content/Asset/StarterBundle/ModularSciFiMats/Textures/Decals/Shapes/T_Square_A.uasset" 2466
"C:/UnrealProjects/DedicatedProject/Content/Asset/StarterBundle/ModularSciFiMats/Textures/Decals/Shapes/T_Square_A.uexp" 2467
"C:/UnrealProjects/DedicatedProject/Content/Asset/StarterBundle/ModularSciFiMats/Materials/Decals/Shapes/MI_Square_A_Scr.uasset" 2468
"C:/UnrealProjects/DedicatedProject/Content/Asset/StarterBundle/ModularSciFiMats/Materials/Decals/Shapes/MI_Square_A_Scr.uexp" 2469
"C:/UnrealProjects/DedicatedProject/Content/Asset/StarterBundle/ModularSciFiMats/Textures/Decals/Stripes/T_Stripe_A_Scr_OM.uasset" 2470
"C:/UnrealProjects/DedicatedProject/Content/Asset/StarterBundle/ModularSciFiMats/Textures/Decals/Stripes/T_Stripe_A_Scr_OM.uexp" 2471
"C:/UnrealProjects/DedicatedProject/Content/Asset/StarterBundle/ModularSciFiMats/Textures/Decals/Stripes/T_Stripe_A.uasset" 2472
"C:/UnrealProjects/DedicatedProject/Content/Asset/StarterBundle/ModularSciFiMats/Textures/Decals/Stripes/T_Stripe_A.uexp" 2473
"C:/UnrealProjects/DedicatedProject/Content/Asset/StarterBundle/ModularSciFiMats/Textures/Decals/Stripes/T_Stripe_A_M.uasset" 2474
"C:/UnrealProjects/DedicatedProject/Content/Asset/StarterBundle/ModularSciFiMats/Textures/Decals/Stripes/T_Stripe_A_M.uexp" 2475
"C:/UnrealProjects/DedicatedProject/Content/Asset/StarterBundle/ModularSciFiMats/Materials/Decals/Stripes/MI_Stripe_A.uasset" 2476
"C:/UnrealProjects/DedicatedProject/Content/Asset/StarterBundle/ModularSciFiMats/Materials/Decals/Stripes/MI_Stripe_A.uexp" 2477
"C:/UnrealProjects/DedicatedProject/Content/Asset/StarterBundle/ModularSciFiMats/Textures/Decals/Text/Words/T_Engineering.uasset" 2478
"C:/UnrealProjects/DedicatedProject/Content/Asset/StarterBundle/ModularSciFiMats/Textures/Decals/Text/Words/T_Engineering.uexp" 2479
"C:/UnrealProjects/DedicatedProject/Content/Asset/StarterBundle/ModularSciFiMats/Materials/Decals/Words/MI_Engineering.uasset" 2480
"C:/UnrealProjects/DedicatedProject/Content/Asset/StarterBundle/ModularSciFiMats/Materials/Decals/Words/MI_Engineering.uexp" 2481
"C:/UnrealProjects/DedicatedProject/Content/Asset/StarterBundle/ModularSci_Comm/Textures/Decals/Arrows/T_Arrow_F.ubulk" 2482
"C:/UnrealProjects/DedicatedProject/Content/Asset/StarterBundle/ModularSci_Comm/Textures/Decals/Arrows/T_Arrow_F.uasset" 2483
"C:/UnrealProjects/DedicatedProject/Content/Asset/StarterBundle/ModularSci_Comm/Textures/Decals/Arrows/T_Arrow_F.uexp" 2484
"C:/UnrealProjects/DedicatedProject/Content/Asset/StarterBundle/ModularSci_Comm/Materials/Decals/Arrows/MI_Arrow_F_White.uasset" 2485
"C:/UnrealProjects/DedicatedProject/Content/Asset/StarterBundle/ModularSci_Comm/Materials/Decals/Arrows/MI_Arrow_F_White.uexp" 2486
"C:/UnrealProjects/DedicatedProject/Content/Asset/StarterBundle/ModularSci_Comm/Textures/Decals/Text/T_Text_D.uasset" 2487
"C:/UnrealProjects/DedicatedProject/Content/Asset/StarterBundle/ModularSci_Comm/Textures/Decals/Text/T_Text_D.uexp" 2488
"C:/UnrealProjects/DedicatedProject/Content/Asset/StarterBundle/ModularSci_Comm/Materials/Decals/Text/MI_Text_D.uasset" 2489
"C:/UnrealProjects/DedicatedProject/Content/Asset/StarterBundle/ModularSci_Comm/Materials/Decals/Text/MI_Text_D.uexp" 2490
"C:/UnrealProjects/DedicatedProject/Content/Asset/StarterBundle/ModularSci_Comm/Textures/Decals/Normals/T_Indent_B_M.ubulk" 2491
"C:/UnrealProjects/DedicatedProject/Content/Asset/StarterBundle/ModularSci_Comm/Textures/Decals/Normals/T_Indent_B_M.uasset" 2492
"C:/UnrealProjects/DedicatedProject/Content/Asset/StarterBundle/ModularSci_Comm/Textures/Decals/Normals/T_Indent_B_M.uexp" 2493
"C:/UnrealProjects/DedicatedProject/Content/Asset/StarterBundle/ModularSci_Comm/Textures/Decals/Normals/T_Indent_B_occlusion.ubulk" 2494
"C:/UnrealProjects/DedicatedProject/Content/Asset/StarterBundle/ModularSci_Comm/Textures/Decals/Normals/T_Indent_B_occlusion.uasset" 2495
"C:/UnrealProjects/DedicatedProject/Content/Asset/StarterBundle/ModularSci_Comm/Textures/Decals/Normals/T_Indent_B_occlusion.uexp" 2496
"C:/UnrealProjects/DedicatedProject/Content/Asset/StarterBundle/ModularSci_Comm/Textures/Decals/Normals/T_LightDecal_A_EM.ubulk" 2497
"C:/UnrealProjects/DedicatedProject/Content/Asset/StarterBundle/ModularSci_Comm/Textures/Decals/Normals/T_LightDecal_A_EM.uasset" 2498
"C:/UnrealProjects/DedicatedProject/Content/Asset/StarterBundle/ModularSci_Comm/Textures/Decals/Normals/T_LightDecal_A_EM.uexp" 2499
"C:/UnrealProjects/DedicatedProject/Content/Asset/StarterBundle/ModularSci_Comm/Textures/Decals/Normals/T_Indent_B_normals.ubulk" 2500
"C:/UnrealProjects/DedicatedProject/Content/Asset/StarterBundle/ModularSci_Comm/Textures/Decals/Normals/T_Indent_B_normals.uasset" 2501
"C:/UnrealProjects/DedicatedProject/Content/Asset/StarterBundle/ModularSci_Comm/Textures/Decals/Normals/T_Indent_B_normals.uexp" 2502
"C:/UnrealProjects/DedicatedProject/Content/Asset/StarterBundle/ModularSci_Comm/Materials/Decals/Normals/M_Base_DecalNorm.uasset" 2503
"C:/UnrealProjects/DedicatedProject/Content/Asset/StarterBundle/ModularSci_Comm/Materials/Decals/Normals/M_Base_DecalNorm.uexp" 2504
"C:/UnrealProjects/DedicatedProject/Content/Asset/StarterBundle/ModularSci_Comm/Materials/Decals/Normals/MI_Indent_B.uasset" 2505
"C:/UnrealProjects/DedicatedProject/Content/Asset/StarterBundle/ModularSci_Comm/Materials/Decals/Normals/MI_Indent_B.uexp" 2506
"C:/UnrealProjects/DedicatedProject/Content/Asset/StarterBundle/ModularSci_Comm/Textures/Decals/Normals/T_LightDecal_A_occlusion.ubulk" 2507
"C:/UnrealProjects/DedicatedProject/Content/Asset/StarterBundle/ModularSci_Comm/Textures/Decals/Normals/T_LightDecal_A_occlusion.uasset" 2508
"C:/UnrealProjects/DedicatedProject/Content/Asset/StarterBundle/ModularSci_Comm/Textures/Decals/Normals/T_LightDecal_A_occlusion.uexp" 2509
"C:/UnrealProjects/DedicatedProject/Content/Asset/StarterBundle/ModularSci_Comm/Textures/Decals/Normals/T_LightDecal_A_M.ubulk" 2510
"C:/UnrealProjects/DedicatedProject/Content/Asset/StarterBundle/ModularSci_Comm/Textures/Decals/Normals/T_LightDecal_A_M.uasset" 2511
"C:/UnrealProjects/DedicatedProject/Content/Asset/StarterBundle/ModularSci_Comm/Textures/Decals/Normals/T_LightDecal_A_M.uexp" 2512
"C:/UnrealProjects/DedicatedProject/Content/Asset/StarterBundle/ModularSci_Comm/Textures/Decals/Normals/T_LightDecal_A_normals.ubulk" 2513
"C:/UnrealProjects/DedicatedProject/Content/Asset/StarterBundle/ModularSci_Comm/Textures/Decals/Normals/T_LightDecal_A_normals.uasset" 2514
"C:/UnrealProjects/DedicatedProject/Content/Asset/StarterBundle/ModularSci_Comm/Textures/Decals/Normals/T_LightDecal_A_normals.uexp" 2515
"C:/UnrealProjects/DedicatedProject/Content/Asset/StarterBundle/ModularSci_Comm/Materials/Decals/Normals/MI_Light_A_Red.uasset" 2516
"C:/UnrealProjects/DedicatedProject/Content/Asset/StarterBundle/ModularSci_Comm/Materials/Decals/Normals/MI_Light_A_Red.uexp" 2517
"C:/UnrealProjects/DedicatedProject/Content/Asset/StarterBundle/ModularSci_Comm/Textures/Decals/Arrows/T_Arrow_A.uasset" 2518
"C:/UnrealProjects/DedicatedProject/Content/Asset/StarterBundle/ModularSci_Comm/Textures/Decals/Arrows/T_Arrow_A.uexp" 2519
"C:/UnrealProjects/DedicatedProject/Content/Asset/StarterBundle/ModularSci_Comm/Materials/Decals/Arrows/MI_Arrow_A_Red.uasset" 2520
"C:/UnrealProjects/DedicatedProject/Content/Asset/StarterBundle/ModularSci_Comm/Materials/Decals/Arrows/MI_Arrow_A_Red.uexp" 2521
"C:/UnrealProjects/DedicatedProject/Content/Asset/StarterBundle/ModularSciFiMats/Textures/Decals/Text/T_Text_3.uasset" 2522
"C:/UnrealProjects/DedicatedProject/Content/Asset/StarterBundle/ModularSciFiMats/Textures/Decals/Text/T_Text_3.uexp" 2523
"C:/UnrealProjects/DedicatedProject/Content/Asset/StarterBundle/ModularSciFiMats/Materials/Decals/Text/MI_Text_3b.uasset" 2524
"C:/UnrealProjects/DedicatedProject/Content/Asset/StarterBundle/ModularSciFiMats/Materials/Decals/Text/MI_Text_3b.uexp" 2525
"C:/UnrealProjects/DedicatedProject/Content/Asset/StarterBundle/ModularSciFiMats/Textures/Decals/Shapes/T_Circle_C.uasset" 2526
"C:/UnrealProjects/DedicatedProject/Content/Asset/StarterBundle/ModularSciFiMats/Textures/Decals/Shapes/T_Circle_C.uexp" 2527
"C:/UnrealProjects/DedicatedProject/Content/Asset/StarterBundle/ModularSciFiMats/Textures/Decals/Shapes/T_Circle_ABC_M.uasset" 2528
"C:/UnrealProjects/DedicatedProject/Content/Asset/StarterBundle/ModularSciFiMats/Textures/Decals/Shapes/T_Circle_ABC_M.uexp" 2529
"C:/UnrealProjects/DedicatedProject/Content/Asset/StarterBundle/ModularSciFiMats/Materials/Decals/Shapes/MI_Circle_C.uasset" 2530
"C:/UnrealProjects/DedicatedProject/Content/Asset/StarterBundle/ModularSciFiMats/Materials/Decals/Shapes/MI_Circle_C.uexp" 2531
"C:/UnrealProjects/DedicatedProject/Content/Asset/StarterBundle/ModularSciFiMats/Textures/Decals/Arrows/T_Arrow_F.uasset" 2532
"C:/UnrealProjects/DedicatedProject/Content/Asset/StarterBundle/ModularSciFiMats/Textures/Decals/Arrows/T_Arrow_F.uexp" 2533
"C:/UnrealProjects/DedicatedProject/Content/Asset/StarterBundle/ModularSciFiMats/Materials/Decals/Arrows/MI_Arrow_F3.uasset" 2534
"C:/UnrealProjects/DedicatedProject/Content/Asset/StarterBundle/ModularSciFiMats/Materials/Decals/Arrows/MI_Arrow_F3.uexp" 2535
"C:/UnrealProjects/DedicatedProject/Content/Asset/StarterBundle/ModularSci_Comm/Textures/Decals/Text/Words/T_Deck.uasset" 2536
"C:/UnrealProjects/DedicatedProject/Content/Asset/StarterBundle/ModularSci_Comm/Textures/Decals/Text/Words/T_Deck.uexp" 2537
"C:/UnrealProjects/DedicatedProject/Content/Asset/StarterBundle/ModularSci_Comm/Materials/Decals/Words/MI_Deck_Black.uasset" 2538
"C:/UnrealProjects/DedicatedProject/Content/Asset/StarterBundle/ModularSci_Comm/Materials/Decals/Words/MI_Deck_Black.uexp" 2539
"C:/UnrealProjects/DedicatedProject/Content/Asset/StarterBundle/ModularSci_Comm/Materials/MI_Trims_C_Yellow2.uasset" 2540
"C:/UnrealProjects/DedicatedProject/Content/Asset/StarterBundle/ModularSci_Comm/Materials/MI_Trims_C_Yellow2.uexp" 2541
"C:/UnrealProjects/DedicatedProject/Content/Asset/StarterBundle/ModularSci_Comm/Materials/Decals/Text/MI_Text_Dash.uasset" 2542
"C:/UnrealProjects/DedicatedProject/Content/Asset/StarterBundle/ModularSci_Comm/Materials/Decals/Text/MI_Text_Dash.uexp" 2543
"C:/UnrealProjects/DedicatedProject/Content/Asset/StarterBundle/ModularSci_Comm/Materials/MI_Wall_Detail_A3.uasset" 2544
"C:/UnrealProjects/DedicatedProject/Content/Asset/StarterBundle/ModularSci_Comm/Materials/MI_Wall_Detail_A3.uexp" 2545
"C:/UnrealProjects/DedicatedProject/Content/Asset/StarterBundle/ModularSci_Comm/Materials/Decals/Arrows/MI_Arrow_F.uasset" 2546
"C:/UnrealProjects/DedicatedProject/Content/Asset/StarterBundle/ModularSci_Comm/Materials/Decals/Arrows/MI_Arrow_F.uexp" 2547
"C:/UnrealProjects/DedicatedProject/Content/Asset/StarterBundle/ModularScifiHallways/Textures/T_Wire_Tiling_AO.ubulk" 2548
"C:/UnrealProjects/DedicatedProject/Content/Asset/StarterBundle/ModularScifiHallways/Textures/T_Wire_Tiling_AO.uasset" 2549
"C:/UnrealProjects/DedicatedProject/Content/Asset/StarterBundle/ModularScifiHallways/Textures/T_Wire_Tiling_AO.uexp" 2550
"C:/UnrealProjects/DedicatedProject/Content/Asset/StarterBundle/ModularScifiHallways/Textures/T_Wire_Tiling_N.ubulk" 2551
"C:/UnrealProjects/DedicatedProject/Content/Asset/StarterBundle/ModularScifiHallways/Textures/T_Wire_Tiling_N.uasset" 2552
"C:/UnrealProjects/DedicatedProject/Content/Asset/StarterBundle/ModularScifiHallways/Textures/T_Wire_Tiling_N.uexp" 2553
"C:/UnrealProjects/DedicatedProject/Content/Asset/StarterBundle/ModularScifiHallways/Materials/M_Base_Wires_B.uasset" 2554
"C:/UnrealProjects/DedicatedProject/Content/Asset/StarterBundle/ModularScifiHallways/Materials/M_Base_Wires_B.uexp" 2555
"C:/UnrealProjects/DedicatedProject/Content/Asset/StarterBundle/ModularScifiHallways/Materials/MI_Wires_B.uasset" 2556
"C:/UnrealProjects/DedicatedProject/Content/Asset/StarterBundle/ModularScifiHallways/Materials/MI_Wires_B.uexp" 2557
"C:/UnrealProjects/DedicatedProject/Content/Asset/StarterBundle/ModularScifiHallways/Meshes/SM_FloorWire_A.ubulk" 2558
"C:/UnrealProjects/DedicatedProject/Content/Asset/StarterBundle/ModularScifiHallways/Meshes/SM_FloorWire_A.uasset" 2559
"C:/UnrealProjects/DedicatedProject/Content/Asset/StarterBundle/ModularScifiHallways/Meshes/SM_FloorWire_A.uexp" 2560
"C:/UnrealProjects/DedicatedProject/Content/Asset/StarterBundle/ModularSci_Comm/Textures/Decals/Text/Words/T_Command.uasset" 2561
"C:/UnrealProjects/DedicatedProject/Content/Asset/StarterBundle/ModularSci_Comm/Textures/Decals/Text/Words/T_Command.uexp" 2562
"C:/UnrealProjects/DedicatedProject/Content/Asset/StarterBundle/ModularSci_Comm/Materials/Decals/Words/MI_Command_Black.uasset" 2563
"C:/UnrealProjects/DedicatedProject/Content/Asset/StarterBundle/ModularSci_Comm/Materials/Decals/Words/MI_Command_Black.uexp" 2564
"C:/UnrealProjects/DedicatedProject/Content/Asset/StarterBundle/ModularSci_Comm/Materials/MI_Trims_C_LightGray_M.uasset" 2565
"C:/UnrealProjects/DedicatedProject/Content/Asset/StarterBundle/ModularSci_Comm/Materials/MI_Trims_C_LightGray_M.uexp" 2566
"C:/UnrealProjects/DedicatedProject/Content/Asset/StarterBundle/ModularSci_Comm/Materials/Decals/Stripes/MI_Stripe_D_White.uasset" 2567
"C:/UnrealProjects/DedicatedProject/Content/Asset/StarterBundle/ModularSci_Comm/Materials/Decals/Stripes/MI_Stripe_D_White.uexp" 2568
"C:/UnrealProjects/DedicatedProject/Content/Asset/StarterBundle/ModularSci_Comm/Textures/Decals/Signs/T_CautionTriangle_B.uasset" 2569
"C:/UnrealProjects/DedicatedProject/Content/Asset/StarterBundle/ModularSci_Comm/Textures/Decals/Signs/T_CautionTriangle_B.uexp" 2570
"C:/UnrealProjects/DedicatedProject/Content/Asset/StarterBundle/ModularSci_Comm/Materials/Decals/Signs/MI_CautionTriangle_B.uasset" 2571
"C:/UnrealProjects/DedicatedProject/Content/Asset/StarterBundle/ModularSci_Comm/Materials/Decals/Signs/MI_CautionTriangle_B.uexp" 2572
"C:/UnrealProjects/DedicatedProject/Content/Asset/StarterBundle/ModularSci_Comm/Textures/Decals/Text/T_Text_0.uasset" 2573
"C:/UnrealProjects/DedicatedProject/Content/Asset/StarterBundle/ModularSci_Comm/Textures/Decals/Text/T_Text_0.uexp" 2574
"C:/UnrealProjects/DedicatedProject/Content/Asset/StarterBundle/ModularSci_Comm/Materials/Decals/Text/MI_Text_0.uasset" 2575
"C:/UnrealProjects/DedicatedProject/Content/Asset/StarterBundle/ModularSci_Comm/Materials/Decals/Text/MI_Text_0.uexp" 2576
"C:/UnrealProjects/DedicatedProject/Content/Asset/StarterBundle/ModularSci_Comm/Textures/Decals/Text/T_Text_2.uasset" 2577
"C:/UnrealProjects/DedicatedProject/Content/Asset/StarterBundle/ModularSci_Comm/Textures/Decals/Text/T_Text_2.uexp" 2578
"C:/UnrealProjects/DedicatedProject/Content/Asset/StarterBundle/ModularSci_Comm/Materials/Decals/Text/MI_Text_2.uasset" 2579
"C:/UnrealProjects/DedicatedProject/Content/Asset/StarterBundle/ModularSci_Comm/Materials/Decals/Text/MI_Text_2.uexp" 2580
"C:/UnrealProjects/DedicatedProject/Content/Asset/StarterBundle/ModularSci_Comm/Textures/Decals/Text/T_Text_3.uasset" 2581
"C:/UnrealProjects/DedicatedProject/Content/Asset/StarterBundle/ModularSci_Comm/Textures/Decals/Text/T_Text_3.uexp" 2582
"C:/UnrealProjects/DedicatedProject/Content/Asset/StarterBundle/ModularSci_Comm/Materials/Decals/Text/MI_Text_3.uasset" 2583
"C:/UnrealProjects/DedicatedProject/Content/Asset/StarterBundle/ModularSci_Comm/Materials/Decals/Text/MI_Text_3.uexp" 2584
"C:/UnrealProjects/DedicatedProject/Content/Asset/StarterBundle/ModularSci_Comm/Materials/Decals/Text/MI_Text_5.uasset" 2585
"C:/UnrealProjects/DedicatedProject/Content/Asset/StarterBundle/ModularSci_Comm/Materials/Decals/Text/MI_Text_5.uexp" 2586
"C:/UnrealProjects/DedicatedProject/Content/Asset/StarterBundle/ModularSci_Comm/Materials/Decals/Normals/MI_Light_A.uasset" 2587
"C:/UnrealProjects/DedicatedProject/Content/Asset/StarterBundle/ModularSci_Comm/Materials/Decals/Normals/MI_Light_A.uexp" 2588
"C:/UnrealProjects/DedicatedProject/Content/Asset/StarterBundle/ModularSci_Comm/Meshes/SM_Wall_C.ubulk" 2589
"C:/UnrealProjects/DedicatedProject/Content/Asset/StarterBundle/ModularSci_Comm/Meshes/SM_Wall_C.uasset" 2590
"C:/UnrealProjects/DedicatedProject/Content/Asset/StarterBundle/ModularSci_Comm/Meshes/SM_Wall_C.uexp" 2591
"C:/UnrealProjects/DedicatedProject/Content/Asset/StarterBundle/ModularSci_Comm/Materials/Decals/Text/MI_Text_Dash2.uasset" 2592
"C:/UnrealProjects/DedicatedProject/Content/Asset/StarterBundle/ModularSci_Comm/Materials/Decals/Text/MI_Text_Dash2.uexp" 2593
"C:/UnrealProjects/DedicatedProject/Content/Asset/StarterBundle/ModularSci_Comm/Materials/Decals/Stripes/MI_Stripe_E.uasset" 2594
"C:/UnrealProjects/DedicatedProject/Content/Asset/StarterBundle/ModularSci_Comm/Materials/Decals/Stripes/MI_Stripe_E.uexp" 2595
"C:/UnrealProjects/DedicatedProject/Content/Asset/StarterBundle/ModularSciFiMats/Textures/Decals/Text/Words/T_Containment.uasset" 2596
"C:/UnrealProjects/DedicatedProject/Content/Asset/StarterBundle/ModularSciFiMats/Textures/Decals/Text/Words/T_Containment.uexp" 2597
"C:/UnrealProjects/DedicatedProject/Content/Asset/StarterBundle/ModularSciFiMats/Materials/Decals/Words/MI_Containment.uasset" 2598
"C:/UnrealProjects/DedicatedProject/Content/Asset/StarterBundle/ModularSciFiMats/Materials/Decals/Words/MI_Containment.uexp" 2599
"C:/UnrealProjects/DedicatedProject/Content/Asset/HomeMade/NodeEntry2-2/BP_CommonNode2-2-1.uasset" 2600
"C:/UnrealProjects/DedicatedProject/Content/Asset/HomeMade/NodeEntry2-2/BP_CommonNode2-2-1.uexp" 2601
"C:/UnrealProjects/DedicatedProject/Content/Asset/StarterBundle/ModularSci_Int/Textures/T_Hall_Doorway_Panel_N_normals.ubulk" 2602
"C:/UnrealProjects/DedicatedProject/Content/Asset/StarterBundle/ModularSci_Int/Textures/T_Hall_Doorway_Panel_N_normals.uasset" 2603
"C:/UnrealProjects/DedicatedProject/Content/Asset/StarterBundle/ModularSci_Int/Textures/T_Hall_Doorway_Panel_N_normals.uexp" 2604
"C:/UnrealProjects/DedicatedProject/Content/Asset/StarterBundle/ModularSci_Int/Textures/T_Hall_Doorway_Panel_M.ubulk" 2605
"C:/UnrealProjects/DedicatedProject/Content/Asset/StarterBundle/ModularSci_Int/Textures/T_Hall_Doorway_Panel_M.uasset" 2606
"C:/UnrealProjects/DedicatedProject/Content/Asset/StarterBundle/ModularSci_Int/Textures/T_Hall_Doorway_Panel_M.uexp" 2607
"C:/UnrealProjects/DedicatedProject/Content/Asset/StarterBundle/ModularSci_Int/Textures/T_Hall_Doorway_Panel_Diff.ubulk" 2608
"C:/UnrealProjects/DedicatedProject/Content/Asset/StarterBundle/ModularSci_Int/Textures/T_Hall_Doorway_Panel_Diff.uasset" 2609
"C:/UnrealProjects/DedicatedProject/Content/Asset/StarterBundle/ModularSci_Int/Textures/T_Hall_Doorway_Panel_Diff.uexp" 2610
"C:/UnrealProjects/DedicatedProject/Content/Asset/StarterBundle/ModularSci_Int/Materials/MI_Doorway_Panel.uasset" 2611
"C:/UnrealProjects/DedicatedProject/Content/Asset/StarterBundle/ModularSci_Int/Materials/MI_Doorway_Panel.uexp" 2612
"C:/UnrealProjects/DedicatedProject/Content/Asset/StarterBundle/ModularSci_Int/Meshes/SM_Hall_Doorway_Panel.ubulk" 2613
"C:/UnrealProjects/DedicatedProject/Content/Asset/StarterBundle/ModularSci_Int/Meshes/SM_Hall_Doorway_Panel.uasset" 2614
"C:/UnrealProjects/DedicatedProject/Content/Asset/StarterBundle/ModularSci_Int/Meshes/SM_Hall_Doorway_Panel.uexp" 2615
"C:/UnrealProjects/DedicatedProject/Content/Asset/StarterBundle/ModularSci_Int/Textures/T_Hall_Pipe_Handle_N_normals.ubulk" 2616
"C:/UnrealProjects/DedicatedProject/Content/Asset/StarterBundle/ModularSci_Int/Textures/T_Hall_Pipe_Handle_N_normals.uasset" 2617
"C:/UnrealProjects/DedicatedProject/Content/Asset/StarterBundle/ModularSci_Int/Textures/T_Hall_Pipe_Handle_N_normals.uexp" 2618
"C:/UnrealProjects/DedicatedProject/Content/Asset/StarterBundle/ModularSci_Int/Textures/T_Hall_Pipe_Handle_M.ubulk" 2619
"C:/UnrealProjects/DedicatedProject/Content/Asset/StarterBundle/ModularSci_Int/Textures/T_Hall_Pipe_Handle_M.uasset" 2620
"C:/UnrealProjects/DedicatedProject/Content/Asset/StarterBundle/ModularSci_Int/Textures/T_Hall_Pipe_Handle_M.uexp" 2621
"C:/UnrealProjects/DedicatedProject/Content/Asset/StarterBundle/ModularSci_Int/Textures/T_Hall_Pipe_Handle_Diff_b.ubulk" 2622
"C:/UnrealProjects/DedicatedProject/Content/Asset/StarterBundle/ModularSci_Int/Textures/T_Hall_Pipe_Handle_Diff_b.uasset" 2623
"C:/UnrealProjects/DedicatedProject/Content/Asset/StarterBundle/ModularSci_Int/Textures/T_Hall_Pipe_Handle_Diff_b.uexp" 2624
"C:/UnrealProjects/DedicatedProject/Content/Asset/StarterBundle/ModularSci_Int/Materials/MI_DoorwayPipes.uasset" 2625
"C:/UnrealProjects/DedicatedProject/Content/Asset/StarterBundle/ModularSci_Int/Materials/MI_DoorwayPipes.uexp" 2626
"C:/UnrealProjects/DedicatedProject/Content/Asset/StarterBundle/ModularSci_Int/Meshes/SM_Pipes_Doorway.ubulk" 2627
"C:/UnrealProjects/DedicatedProject/Content/Asset/StarterBundle/ModularSci_Int/Meshes/SM_Pipes_Doorway.uasset" 2628
"C:/UnrealProjects/DedicatedProject/Content/Asset/StarterBundle/ModularSci_Int/Meshes/SM_Pipes_Doorway.uexp" 2629
"C:/UnrealProjects/DedicatedProject/Content/Asset/HomeMade/NodeEntry2-1/BP_CommonNode2-1-1.uasset" 2630
"C:/UnrealProjects/DedicatedProject/Content/Asset/HomeMade/NodeEntry2-1/BP_CommonNode2-1-1.uexp" 2631
"C:/UnrealProjects/DedicatedProject/Content/Asset/StarterBundle/ModularScifiProps/Materials/MI_Reg_Glass_Dark2.uasset" 2632
"C:/UnrealProjects/DedicatedProject/Content/Asset/StarterBundle/ModularScifiProps/Materials/MI_Reg_Glass_Dark2.uexp" 2633
"C:/UnrealProjects/DedicatedProject/Content/Asset/StarterBundle/ModularScifiProps/Meshes/SM_GlassDoor_B.ubulk" 2634
"C:/UnrealProjects/DedicatedProject/Content/Asset/StarterBundle/ModularScifiProps/Meshes/SM_GlassDoor_B.uasset" 2635
"C:/UnrealProjects/DedicatedProject/Content/Asset/StarterBundle/ModularScifiProps/Meshes/SM_GlassDoor_B.uexp" 2636
"C:/UnrealProjects/DedicatedProject/Content/Asset/StarterBundle/ModularScifiProps/Meshes/SM_Wall_A_Glass.ubulk" 2637
"C:/UnrealProjects/DedicatedProject/Content/Asset/StarterBundle/ModularScifiProps/Meshes/SM_Wall_A_Glass.uasset" 2638
"C:/UnrealProjects/DedicatedProject/Content/Asset/StarterBundle/ModularScifiProps/Meshes/SM_Wall_A_Glass.uexp" 2639
"C:/UnrealProjects/DedicatedProject/Content/Asset/StarterBundle/ModularScifiProps/Meshes/SM_GlassDoor_A.ubulk" 2640
"C:/UnrealProjects/DedicatedProject/Content/Asset/StarterBundle/ModularScifiProps/Meshes/SM_GlassDoor_A.uasset" 2641
"C:/UnrealProjects/DedicatedProject/Content/Asset/StarterBundle/ModularScifiProps/Meshes/SM_GlassDoor_A.uexp" 2642
"C:/UnrealProjects/DedicatedProject/Content/Asset/HomeMade/NodeEntry1/BP_CommonNode1.uasset" 2643
"C:/UnrealProjects/DedicatedProject/Content/Asset/HomeMade/NodeEntry1/BP_CommonNode1.uexp" 2644
"../../../Engine/Content/EngineResources/DefaultTextureCube.uasset" 2645
"../../../Engine/Content/EngineResources/DefaultTextureCube.uexp" 2646
"../../../Engine/Content/EngineResources/DefaultVolumeTexture2D.uasset" 2647
"../../../Engine/Content/EngineResources/DefaultVolumeTexture2D.uexp" 2648
"../../../Engine/Content/EngineResources/DefaultVolumeTexture.uasset" 2649
"../../../Engine/Content/EngineResources/DefaultVolumeTexture.uexp" 2650
"../../../Engine/Content/Functions/Engine_MaterialFunctions02/WorldPositionOffset/CameraOffset.uasset" 2651
"../../../Engine/Content/Functions/Engine_MaterialFunctions02/WorldPositionOffset/CameraOffset.uexp" 2652
"../../../Engine/Plugins/Animation/ControlRig/Content/M_Manip.uasset" 2653
"../../../Engine/Plugins/Animation/ControlRig/Content/M_Manip.uexp" 2654
"../../../Engine/Plugins/Editor/SpeedTreeImporter/Content/SpeedTree9/game_wind_noise.ubulk" 2655
"../../../Engine/Plugins/Editor/SpeedTreeImporter/Content/SpeedTree9/game_wind_noise.uasset" 2656
"../../../Engine/Plugins/Editor/SpeedTreeImporter/Content/SpeedTree9/game_wind_noise.uexp" 2657
"../../../Engine/Plugins/Editor/SpeedTreeImporter/Content/SpeedTree9/UnpackDirection.uasset" 2658
"../../../Engine/Plugins/Editor/SpeedTreeImporter/Content/SpeedTree9/UnpackDirection.uexp" 2659
"../../../Engine/Content/Functions/Engine_MaterialFunctions02/ObjectLocalBounds.uasset" 2660
"../../../Engine/Content/Functions/Engine_MaterialFunctions02/ObjectLocalBounds.uexp" 2661
"../../../Engine/Content/Functions/Engine_MaterialFunctions02/Utility/BreakOutFloat3Components.uasset" 2662
"../../../Engine/Content/Functions/Engine_MaterialFunctions02/Utility/BreakOutFloat3Components.uexp" 2663
"../../../Engine/Content/Functions/Engine_MaterialFunctions02/UVs/BoundingBoxBased_0-1_UVW.uasset" 2664
"../../../Engine/Content/Functions/Engine_MaterialFunctions02/UVs/BoundingBoxBased_0-1_UVW.uexp" 2665
"../../../Engine/Content/Functions/Engine_MaterialFunctions02/Utility/VectorLength.uasset" 2666
"../../../Engine/Content/Functions/Engine_MaterialFunctions02/Utility/VectorLength.uexp" 2667
"../../../Engine/Plugins/Editor/SpeedTreeImporter/Content/SpeedTree9/UnpackInteger3.uasset" 2668
"../../../Engine/Plugins/Editor/SpeedTreeImporter/Content/SpeedTree9/UnpackInteger3.uexp" 2669
"../../../Engine/Plugins/Editor/SpeedTreeImporter/Content/SpeedTree9/SpeedTreeCameraFacing.uasset" 2670
"../../../Engine/Plugins/Editor/SpeedTreeImporter/Content/SpeedTree9/SpeedTreeCameraFacing.uexp" 2671
"../../../Engine/Content/Functions/Engine_MaterialFunctions02/WorldPositionOffset/ObjectScale.uasset" 2672
"../../../Engine/Content/Functions/Engine_MaterialFunctions02/WorldPositionOffset/ObjectScale.uexp" 2673
"../../../Engine/Content/Functions/Engine_MaterialFunctions02/SafeNormalize.uasset" 2674
"../../../Engine/Content/Functions/Engine_MaterialFunctions02/SafeNormalize.uexp" 2675
"../../../Engine/Plugins/Editor/SpeedTreeImporter/Content/SpeedTree9/SpeedTreeWindMotion.uasset" 2676
"../../../Engine/Plugins/Editor/SpeedTreeImporter/Content/SpeedTree9/SpeedTreeWindMotion.uexp" 2677
"../../../Engine/Plugins/Editor/SpeedTreeImporter/Content/SpeedTree9/SpeedTreeBranchMotion.uasset" 2678
"../../../Engine/Plugins/Editor/SpeedTreeImporter/Content/SpeedTree9/SpeedTreeBranchMotion.uexp" 2679
"../../../Engine/Plugins/Editor/SpeedTreeImporter/Content/SpeedTree9/SpeedTreeWind.uasset" 2680
"../../../Engine/Plugins/Editor/SpeedTreeImporter/Content/SpeedTree9/SpeedTreeWind.uexp" 2681
"../../../Engine/Plugins/Editor/SpeedTreeImporter/Content/SpeedTree9/EmptyNormal.uasset" 2682
"../../../Engine/Plugins/Editor/SpeedTreeImporter/Content/SpeedTree9/EmptyNormal.uexp" 2683
"../../../Engine/Plugins/Editor/SpeedTreeImporter/Content/SpeedTree9/Empty.uasset" 2684
"../../../Engine/Plugins/Editor/SpeedTreeImporter/Content/SpeedTree9/Empty.uexp" 2685
"../../../Engine/Plugins/Editor/SpeedTreeImporter/Content/SpeedTree9/SpeedTreeMaster.uasset" 2686
"../../../Engine/Plugins/Editor/SpeedTreeImporter/Content/SpeedTree9/SpeedTreeMaster.uexp" 2687
"../../../Engine/Plugins/Editor/SpeedTreeImporter/Content/SpeedTree9/SpeedTreeBillboard.uasset" 2688
"../../../Engine/Plugins/Editor/SpeedTreeImporter/Content/SpeedTree9/SpeedTreeBillboard.uexp" 2689
"../../../Engine/Plugins/Editor/SpeedTreeImporter/Content/SpeedTree9/SpeedTreeBillboardMaster.uasset" 2690
"../../../Engine/Plugins/Editor/SpeedTreeImporter/Content/SpeedTree9/SpeedTreeBillboardMaster.uexp" 2691
"../../../Engine/Plugins/Animation/ControlRig/Content/Controls/ControlRigXRayMaterial.uasset" 2692
"../../../Engine/Plugins/Animation/ControlRig/Content/Controls/ControlRigXRayMaterial.uexp" 2693
"../../../Engine/Plugins/Animation/ControlRig/Content/Controls/ControlRigGizmoMaterial.uasset" 2694
"../../../Engine/Plugins/Animation/ControlRig/Content/Controls/ControlRigGizmoMaterial.uexp" 2695
"../../../Engine/Content/EngineMaterials/RemoveSurfaceMaterial.uasset" 2696
"../../../Engine/Content/EngineMaterials/RemoveSurfaceMaterial.uexp" 2697
"../../../Engine/Content/EngineMaterials/DefaultCalibrationGrayscale.uasset" 2698
"../../../Engine/Content/EngineMaterials/DefaultCalibrationGrayscale.uexp" 2699
"../../../Engine/Content/EngineMaterials/PPM_DefaultCalibrationGrayscale.uasset" 2700
"../../../Engine/Content/EngineMaterials/PPM_DefaultCalibrationGrayscale.uexp" 2701
"../../../Engine/Content/EngineMaterials/DefaultCalibrationColor.uasset" 2702
"../../../Engine/Content/EngineMaterials/DefaultCalibrationColor.uexp" 2703
"../../../Engine/Content/EngineMaterials/PPM_DefaultCalibrationColor.uasset" 2704
"../../../Engine/Content/EngineMaterials/PPM_DefaultCalibrationColor.uexp" 2705
"../../../Engine/Content/EngineMaterials/PhAT_JointLimitMaterial.uasset" 2706
"../../../Engine/Content/EngineMaterials/PhAT_JointLimitMaterial.uexp" 2707
"../../../Engine/Content/EngineMaterials/NaniteHiddenSectionMaterial.uasset" 2708
"../../../Engine/Content/EngineMaterials/NaniteHiddenSectionMaterial.uexp" 2709
"../../../Engine/Content/EngineMaterials/InvalidLightmapSettings.ubulk" 2710
"../../../Engine/Content/EngineMaterials/InvalidLightmapSettings.uasset" 2711
"../../../Engine/Content/EngineMaterials/InvalidLightmapSettings.uexp" 2712
"../../../Engine/Content/EngineMaterials/M_InvalidLightmapSettings.uasset" 2713
"../../../Engine/Content/EngineMaterials/M_InvalidLightmapSettings.uexp" 2714
"../../../Engine/Content/EngineMaterials/GizmoMaterial.uasset" 2715
"../../../Engine/Content/EngineMaterials/GizmoMaterial.uexp" 2716
"../../../Engine/Content/EngineMaterials/BaseFlattenEmissiveMap_VT.uasset" 2717
"../../../Engine/Content/EngineMaterials/BaseFlattenEmissiveMap_VT.uexp" 2718
"../../../Engine/Content/EngineMaterials/BaseFlattenGrayscaleMap_VT.uasset" 2719
"../../../Engine/Content/EngineMaterials/BaseFlattenGrayscaleMap_VT.uexp" 2720
"../../../Engine/Content/EngineMaterials/BaseFlattenLinearColor_VT.uasset" 2721
"../../../Engine/Content/EngineMaterials/BaseFlattenLinearColor_VT.uexp" 2722
"../../../Engine/Content/EngineMaterials/Black_1x1_EXR_Texture_VT.uasset" 2723
"../../../Engine/Content/EngineMaterials/Black_1x1_EXR_Texture_VT.uexp" 2724
"../../../Engine/Content/EngineMaterials/BaseFlattenDiffuseMap_VT.uasset" 2725
"../../../Engine/Content/EngineMaterials/BaseFlattenDiffuseMap_VT.uexp" 2726
"../../../Engine/Content/EngineMaterials/BaseFlattenNormalMap_VT.uasset" 2727
"../../../Engine/Content/EngineMaterials/BaseFlattenNormalMap_VT.uexp" 2728
"../../../Engine/Content/EngineMaterials/FlattenMaterial_WS_Normal_VT.uasset" 2729
"../../../Engine/Content/EngineMaterials/FlattenMaterial_WS_Normal_VT.uexp" 2730
"../../../Engine/Content/EngineMaterials/FlattenMaterial_VT.uasset" 2731
"../../../Engine/Content/EngineMaterials/FlattenMaterial_VT.uexp" 2732
"../../../Engine/Content/EngineMaterials/BaseFlattenNormalMap.uasset" 2733
"../../../Engine/Content/EngineMaterials/BaseFlattenNormalMap.uexp" 2734
"../../../Engine/Content/EngineMaterials/BaseFlattenGrayscaleMap.uasset" 2735
"../../../Engine/Content/EngineMaterials/BaseFlattenGrayscaleMap.uexp" 2736
"../../../Engine/Content/EngineMaterials/BaseFlattenDiffuseMap.uasset" 2737
"../../../Engine/Content/EngineMaterials/BaseFlattenDiffuseMap.uexp" 2738
"../../../Engine/Content/Functions/Engine_MaterialFunctions02/PivotPainter2/Black_1x1_EXR_Texture.uasset" 2739
"../../../Engine/Content/Functions/Engine_MaterialFunctions02/PivotPainter2/Black_1x1_EXR_Texture.uexp" 2740
"../../../Engine/Content/EngineMaterials/BaseFlattenEmissiveMap.uasset" 2741
"../../../Engine/Content/EngineMaterials/BaseFlattenEmissiveMap.uexp" 2742
"../../../Engine/Content/EngineMaterials/BaseFlattenLinearColor.uasset" 2743
"../../../Engine/Content/EngineMaterials/BaseFlattenLinearColor.uexp" 2744
"../../../Engine/Content/EngineMaterials/FlattenMaterial.uasset" 2745
"../../../Engine/Content/EngineMaterials/FlattenMaterial.uexp" 2746
"../../../Engine/Content/EngineMaterials/DefaultWhiteGrid_Low.uasset" 2747
"../../../Engine/Content/EngineMaterials/DefaultWhiteGrid_Low.uexp" 2748
"../../../Engine/Content/EngineMaterials/EmissiveMeshMaterial.uasset" 2749
"../../../Engine/Content/EngineMaterials/EmissiveMeshMaterial.uexp" 2750
"../../../Engine/Content/EngineFonts/RobotoDistanceField.uasset" 2751
"../../../Engine/Content/EngineFonts/RobotoDistanceField.uexp" 2752
"../../../Engine/Content/EngineMaterials/DefaultTextMaterialOpaque.uasset" 2753
"../../../Engine/Content/EngineMaterials/DefaultTextMaterialOpaque.uexp" 2754
"../../../Engine/Content/EngineMaterials/DefaultDiffuse.ubulk" 2755
"../../../Engine/Content/EngineMaterials/DefaultDiffuse.uasset" 2756
"../../../Engine/Content/EngineMaterials/DefaultDiffuse.uexp" 2757
"../../../Engine/Content/Functions/Engine_MaterialFunctions02/Utility/BreakOutFloat2Components.uasset" 2758
"../../../Engine/Content/Functions/Engine_MaterialFunctions02/Utility/BreakOutFloat2Components.uexp" 2759
"../../../Engine/Content/EngineMaterials/DefaultPostProcessMaterial.uasset" 2760
"../../../Engine/Content/EngineMaterials/DefaultPostProcessMaterial.uexp" 2761
"../../../Engine/Content/EngineMaterials/DefaultLightFunctionMaterial.uasset" 2762
"../../../Engine/Content/EngineMaterials/DefaultLightFunctionMaterial.uexp" 2763
"../../../Engine/Content/EngineMaterials/DefaultDeferredDecalMaterial.uasset" 2764
"../../../Engine/Content/EngineMaterials/DefaultDeferredDecalMaterial.uexp" 2765
"../../../Engine/Content/Functions/Engine_MaterialFunctions02/Utility/CameraDirectionVector.uasset" 2766
"../../../Engine/Content/Functions/Engine_MaterialFunctions02/Utility/CameraDirectionVector.uexp" 2767
"../../../Engine/Content/EngineDebugMaterials/VolumeToRender.uasset" 2768
"../../../Engine/Content/EngineDebugMaterials/VolumeToRender.uexp" 2769
"../../../Engine/Content/EngineDebugMaterials/M_VolumeRenderSphereTracePP.uasset" 2770
"../../../Engine/Content/EngineDebugMaterials/M_VolumeRenderSphereTracePP.uexp" 2771
"../../../Engine/Content/EngineDebugMaterials/M_SimpleUnlitTranslucent.uasset" 2772
"../../../Engine/Content/EngineDebugMaterials/M_SimpleUnlitTranslucent.uexp" 2773
"../../../Engine/Content/EngineDebugMaterials/DebugMeshMaterial.uasset" 2774
"../../../Engine/Content/EngineDebugMaterials/DebugMeshMaterial.uexp" 2775
"../../../Engine/Content/EngineDebugMaterials/DebugEditorMaterial.uasset" 2776
"../../../Engine/Content/EngineDebugMaterials/DebugEditorMaterial.uexp" 2777
"../../../Engine/Plugins/Runtime/MeshModelingToolset/Content/Materials/M_DynamicMeshComponentVtxColor.uasset" 2778
"../../../Engine/Plugins/Runtime/MeshModelingToolset/Content/Materials/M_DynamicMeshComponentVtxColor.uexp" 2779
"../../../Engine/Plugins/Runtime/HairStrands/Content/Materials/HairMeshesDefaultMaterial.uasset" 2780
"../../../Engine/Plugins/Runtime/HairStrands/Content/Materials/HairMeshesDefaultMaterial.uexp" 2781
"../../../Engine/Plugins/Runtime/HairStrands/Content/Materials/HairDefaultMaterial.uasset" 2782
"../../../Engine/Plugins/Runtime/HairStrands/Content/Materials/HairDefaultMaterial.uexp" 2783
"../../../Engine/Plugins/Runtime/HairStrands/Content/Materials/HairGroupColors.uasset" 2784
"../../../Engine/Plugins/Runtime/HairStrands/Content/Materials/HairGroupColors.uexp" 2785
"../../../Engine/Content/Functions/Engine_MaterialFunctions02/Utility/MakeFloat2.uasset" 2786
"../../../Engine/Content/Functions/Engine_MaterialFunctions02/Utility/MakeFloat2.uexp" 2787
"../../../Engine/Content/Functions/Engine_MaterialFunctions02/Utility/MakeFloat3.uasset" 2788
"../../../Engine/Content/Functions/Engine_MaterialFunctions02/Utility/MakeFloat3.uexp" 2789
"../../../Engine/Content/EngineMaterials/HairColorMap.uasset" 2790
"../../../Engine/Content/EngineMaterials/HairColorMap.uexp" 2791
"../../../Engine/Content/EngineMaterials/HairDebugColor.uasset" 2792
"../../../Engine/Content/EngineMaterials/HairDebugColor.uexp" 2793
"../../../Engine/Plugins/Runtime/HairStrands/Content/Materials/HairDebugMaterial.uasset" 2794
"../../../Engine/Plugins/Runtime/HairStrands/Content/Materials/HairDebugMaterial.uexp" 2795
"../../../Engine/Plugins/Runtime/HairStrands/Content/Materials/HairCardsDefaultMaterial.uasset" 2796
"../../../Engine/Plugins/Runtime/HairStrands/Content/Materials/HairCardsDefaultMaterial.uexp" 2797
"../../../Engine/Plugins/Interchange/Assets/Content/Functions/MX_UsdPreviewSurface.uasset" 2798
"../../../Engine/Plugins/Interchange/Assets/Content/Functions/MX_UsdPreviewSurface.uexp" 2799
"../../../Engine/Plugins/Interchange/Assets/Content/Functions/MX_UniformEDF.uasset" 2800
"../../../Engine/Plugins/Interchange/Assets/Content/Functions/MX_UniformEDF.uexp" 2801
"../../../Engine/Plugins/Interchange/Assets/Content/Functions/MX_TranslucentBSDF.uasset" 2802
"../../../Engine/Plugins/Interchange/Assets/Content/Functions/MX_TranslucentBSDF.uexp" 2803
"../../../Engine/Plugins/Interchange/Assets/Content/Functions/MX_ThinFilmBSDF.uasset" 2804
"../../../Engine/Plugins/Interchange/Assets/Content/Functions/MX_ThinFilmBSDF.uexp" 2805
"../../../Engine/Plugins/Interchange/Assets/Content/Functions/MX_SurfaceUnlit.uasset" 2806
"../../../Engine/Plugins/Interchange/Assets/Content/Functions/MX_SurfaceUnlit.uexp" 2807
"../../../Engine/Plugins/Interchange/Assets/Content/Functions/MX_Surface.uasset" 2808
"../../../Engine/Plugins/Interchange/Assets/Content/Functions/MX_Surface.uexp" 2809
"../../../Engine/Plugins/Interchange/Assets/Content/Functions/MX_SubsurfaceBSDF.uasset" 2810
"../../../Engine/Plugins/Interchange/Assets/Content/Functions/MX_SubsurfaceBSDF.uexp" 2811
"../../../Engine/Plugins/Interchange/Assets/Content/Functions/MX_SheenBSDF.uasset" 2812
"../../../Engine/Plugins/Interchange/Assets/Content/Functions/MX_SheenBSDF.uexp" 2813
"../../../Engine/Plugins/Interchange/Assets/Content/Functions/MX_OrenNayarBSDF.uasset" 2814
"../../../Engine/Plugins/Interchange/Assets/Content/Functions/MX_OrenNayarBSDF.uexp" 2815
"../../../Engine/Plugins/Interchange/Assets/Content/Utilities/New_LUT.uasset" 2816
"../../../Engine/Plugins/Interchange/Assets/Content/Utilities/New_LUT.uexp" 2817
"../../../Engine/Content/Functions/Engine_MaterialFunctions03/Math/RemapValueRange.uasset" 2818
"../../../Engine/Content/Functions/Engine_MaterialFunctions03/Math/RemapValueRange.uexp" 2819
"../../../Engine/Plugins/Interchange/Assets/Content/Functions/MF_Iridescence.uasset" 2820
"../../../Engine/Plugins/Interchange/Assets/Content/Functions/MF_Iridescence.uexp" 2821
"../../../Engine/Plugins/Interchange/Assets/Content/Functions/MX_StandardSurface.uasset" 2822
"../../../Engine/Plugins/Interchange/Assets/Content/Functions/MX_StandardSurface.uexp" 2823
"../../../Engine/Plugins/Interchange/Assets/Content/Functions/MX_TransmissionSurface.uasset" 2824
"../../../Engine/Plugins/Interchange/Assets/Content/Functions/MX_TransmissionSurface.uexp" 2825
"../../../Engine/Plugins/Interchange/Assets/Content/Functions/MX_OpenPBR_Translucent.uasset" 2826
"../../../Engine/Plugins/Interchange/Assets/Content/Functions/MX_OpenPBR_Translucent.uexp" 2827
"../../../Engine/Plugins/Interchange/Assets/Content/Functions/MX_OpenPBR_Opaque.uasset" 2828
"../../../Engine/Plugins/Interchange/Assets/Content/Functions/MX_OpenPBR_Opaque.uexp" 2829
"../../../Engine/Plugins/Interchange/Assets/Content/Functions/MX_MeasuredEDF.uasset" 2830
"../../../Engine/Plugins/Interchange/Assets/Content/Functions/MX_MeasuredEDF.uexp" 2831
"../../../Engine/Plugins/Interchange/Assets/Content/Functions/MX_GeneralizedSchlickBSDF.uasset" 2832
"../../../Engine/Plugins/Interchange/Assets/Content/Functions/MX_GeneralizedSchlickBSDF.uexp" 2833
"../../../Engine/Plugins/Interchange/Assets/Content/Functions/MX_DielectricBSDF.uasset" 2834
"../../../Engine/Plugins/Interchange/Assets/Content/Functions/MX_DielectricBSDF.uexp" 2835
"../../../Engine/Plugins/Interchange/Assets/Content/Functions/MX_ConicalEDF.uasset" 2836
"../../../Engine/Plugins/Interchange/Assets/Content/Functions/MX_ConicalEDF.uexp" 2837
"../../../Engine/Plugins/Interchange/Assets/Content/Functions/MX_ConductorBSDF.uasset" 2838
"../../../Engine/Plugins/Interchange/Assets/Content/Functions/MX_ConductorBSDF.uexp" 2839
"../../../Engine/Plugins/Interchange/Assets/Content/Functions/MX_BurleyDiffuseBSDF.uasset" 2840
"../../../Engine/Plugins/Interchange/Assets/Content/Functions/MX_BurleyDiffuseBSDF.uexp" 2841
"../../../Engine/Plugins/Interchange/Assets/Content/Functions/MX_AnisotropicVDF.uasset" 2842
"../../../Engine/Plugins/Interchange/Assets/Content/Functions/MX_AnisotropicVDF.uexp" 2843
"../../../Engine/Plugins/Interchange/Assets/Content/Functions/MX_AbsorptionVDF.uasset" 2844
"../../../Engine/Plugins/Interchange/Assets/Content/Functions/MX_AbsorptionVDF.uexp" 2845
"../../../Engine/Content/Functions/Engine_MaterialFunctions01/Shading/PowerToRoughness.uasset" 2846
"../../../Engine/Content/Functions/Engine_MaterialFunctions01/Shading/PowerToRoughness.uexp" 2847
"../../../Engine/Content/Functions/Engine_MaterialFunctions01/Shading/ConvertFromDiffSpec.uasset" 2848
"../../../Engine/Content/Functions/Engine_MaterialFunctions01/Shading/ConvertFromDiffSpec.uexp" 2849
"../../../Engine/Content/EngineMaterials/Substrate/Volume/SubstrateSimpleVolumeLUT3D.uasset" 2850
"../../../Engine/Content/EngineMaterials/Substrate/Volume/SubstrateSimpleVolumeLUT3D.uexp" 2851
"../../../Engine/Content/EngineMaterials/Substrate/Volume/SubstrateSimpleVolumeEnvLUT3D.uasset" 2852
"../../../Engine/Content/EngineMaterials/Substrate/Volume/SubstrateSimpleVolumeEnvLUT3D.uexp" 2853
"../../../Engine/Content/EngineMeshes/Sphere.ubulk" 2854
"../../../Engine/Content/EngineMeshes/Sphere.uasset" 2855
"../../../Engine/Content/EngineMeshes/Sphere.uexp" 2856
"../../../Engine/Plugins/NNE/NNEDenoiser/Content/NNEDTOM_Output_Default.uasset" 2857
"../../../Engine/Plugins/NNE/NNEDenoiser/Content/NNEDTOM_Output_Default.uexp" 2858
"../../../Engine/Plugins/NNE/NNEDenoiser/Content/NNEDTOM_Output_Alpha.uasset" 2859
"../../../Engine/Plugins/NNE/NNEDenoiser/Content/NNEDTOM_Output_Alpha.uexp" 2860
"../../../Engine/Plugins/NNE/NNEDenoiser/Content/NNEDTIM_ColorAlbedoNormal_Default.uasset" 2861
"../../../Engine/Plugins/NNE/NNEDenoiser/Content/NNEDTIM_ColorAlbedoNormal_Default.uexp" 2862
"../../../Engine/Plugins/NNE/NNEDenoiser/Content/NNEDTIM_ColorAlbedoNormal_Alpha.uasset" 2863
"../../../Engine/Plugins/NNE/NNEDenoiser/Content/NNEDTIM_ColorAlbedoNormal_Alpha.uexp" 2864
"../../../Engine/Plugins/NNE/NNEDenoiser/Content/NNEDOM_Output_Default.uasset" 2865
"../../../Engine/Plugins/NNE/NNEDenoiser/Content/NNEDOM_Output_Default.uexp" 2866
"../../../Engine/Plugins/NNE/NNEDenoiser/Content/NNEDOM_Output_Alpha.uasset" 2867
"../../../Engine/Plugins/NNE/NNEDenoiser/Content/NNEDOM_Output_Alpha.uexp" 2868
"../../../Engine/Plugins/NNE/NNEDenoiser/Content/NNEDIM_HighQuality_Default.uasset" 2869
"../../../Engine/Plugins/NNE/NNEDenoiser/Content/NNEDIM_HighQuality_Default.uexp" 2870
"../../../Engine/Plugins/NNE/NNEDenoiser/Content/NNEDIM_HighQuality_Alpha.uasset" 2871
"../../../Engine/Plugins/NNE/NNEDenoiser/Content/NNEDIM_HighQuality_Alpha.uexp" 2872
"../../../Engine/Plugins/NNE/NNEDenoiser/Content/NNEDIM_ColorAlbedoNormal_Default.uasset" 2873
"../../../Engine/Plugins/NNE/NNEDenoiser/Content/NNEDIM_ColorAlbedoNormal_Default.uexp" 2874
"../../../Engine/Plugins/NNE/NNEDenoiser/Content/NNEDIM_ColorAlbedoNormal_Alpha.uasset" 2875
"../../../Engine/Plugins/NNE/NNEDenoiser/Content/NNEDIM_ColorAlbedoNormal_Alpha.uexp" 2876
"../../../Engine/Plugins/Media/MediaPlate/Content/SM_MediaPlateScreen.ubulk" 2877
"../../../Engine/Plugins/Media/MediaPlate/Content/SM_MediaPlateScreen.uasset" 2878
"../../../Engine/Plugins/Media/MediaPlate/Content/SM_MediaPlateScreen.uexp" 2879
"../../../Engine/Plugins/2D/Paper2D/Content/DefaultSpriteMaterial.uasset" 2880
"../../../Engine/Plugins/2D/Paper2D/Content/DefaultSpriteMaterial.uexp" 2881
"../../../Engine/Plugins/2D/Paper2D/Content/OpaqueUnlitSpriteMaterial.uasset" 2882
"../../../Engine/Plugins/2D/Paper2D/Content/OpaqueUnlitSpriteMaterial.uexp" 2883
"../../../Engine/Plugins/2D/Paper2D/Content/MaskedUnlitSpriteMaterial.uasset" 2884
"../../../Engine/Plugins/2D/Paper2D/Content/MaskedUnlitSpriteMaterial.uexp" 2885
"../../../Engine/Content/EngineMaterials/DefaultMaterial.uasset" 2886
"../../../Engine/Content/EngineMaterials/DefaultMaterial.uexp" 2887
"../../../Engine/Content/BasicShapes/Sphere.ubulk" 2888
"../../../Engine/Content/BasicShapes/Sphere.uasset" 2889
"../../../Engine/Content/BasicShapes/Sphere.uexp" 2890
"../../../Engine/Content/BasicShapes/Plane.ubulk" 2891
"../../../Engine/Content/BasicShapes/Plane.uasset" 2892
"../../../Engine/Content/BasicShapes/Plane.uexp" 2893
"../../../Engine/Content/BasicShapes/Cylinder.ubulk" 2894
"../../../Engine/Content/BasicShapes/Cylinder.uasset" 2895
"../../../Engine/Content/BasicShapes/Cylinder.uexp" 2896
"../../../Engine/Content/BasicShapes/Cone.ubulk" 2897
"../../../Engine/Content/BasicShapes/Cone.uasset" 2898
"../../../Engine/Content/BasicShapes/Cone.uexp" 2899
"../../../Engine/Content/Animation/DefaultAnimCurveCompressionSettings.uasset" 2900
"../../../Engine/Content/Animation/DefaultAnimCurveCompressionSettings.uexp" 2901
"../../../Engine/Content/Animation/DefaultVariableFrameStrippingSettings.uasset" 2902
"../../../Engine/Content/Animation/DefaultVariableFrameStrippingSettings.uexp" 2903
"../../../Engine/Content/Animation/DefaultAnimBoneCompressionSettings.uasset" 2904
"../../../Engine/Content/Animation/DefaultAnimBoneCompressionSettings.uexp" 2905
"C:/UnrealProjects/DedicatedProject/Content/Characters/Mannequin_UE4/Meshes/SK_Mannequin_Skeleton.uasset" 2906
"C:/UnrealProjects/DedicatedProject/Content/Characters/Mannequin_UE4/Meshes/SK_Mannequin_Skeleton.uexp" 2907
"C:/UnrealProjects/DedicatedProject/Content/Retargetting/Anim_SciFi_ToiletMech_Attack3.uasset" 2908
"C:/UnrealProjects/DedicatedProject/Content/Retargetting/Anim_SciFi_ToiletMech_Attack3.uexp" 2909
"C:/UnrealProjects/DedicatedProject/Content/Retargetting/SK_Mannequin_Skeleton_BasicAttack_Montage.uasset" 2910
"C:/UnrealProjects/DedicatedProject/Content/Retargetting/SK_Mannequin_Skeleton_BasicAttack_Montage.uexp" 2911
"C:/UnrealProjects/DedicatedProject/Content/DataTable/DT_ToiletMechStats.uasset" 2912
"C:/UnrealProjects/DedicatedProject/Content/DataTable/DT_ToiletMechStats.uexp" 2913
"C:/UnrealProjects/DedicatedProject/Content/DataTable/DT_SkillDataTable.uasset" 2914
"C:/UnrealProjects/DedicatedProject/Content/DataTable/DT_SkillDataTable.uexp" 2915
"C:/UnrealProjects/DedicatedProject/Content/DataTable/DT_CharacterStats.uasset" 2916
"C:/UnrealProjects/DedicatedProject/Content/DataTable/DT_CharacterStats.uexp" 2917
"C:/UnrealProjects/DedicatedProject/Content/Fab/SciFi_ToiletMech/Mesh/SKEL_SciFi_ToiletMech_Skeleton.uasset" 2918
"C:/UnrealProjects/DedicatedProject/Content/Fab/SciFi_ToiletMech/Mesh/SKEL_SciFi_ToiletMech_Skeleton.uexp" 2919
"C:/UnrealProjects/DedicatedProject/Content/Fab/SciFi_ToiletMech/Animation/Anim_SciFi_ToiletMech_Idle2.uasset" 2920
"C:/UnrealProjects/DedicatedProject/Content/Fab/SciFi_ToiletMech/Animation/Anim_SciFi_ToiletMech_Idle2.uexp" 2921
"C:/UnrealProjects/DedicatedProject/Content/Retargetting/MM_Jump.uasset" 2922
"C:/UnrealProjects/DedicatedProject/Content/Retargetting/MM_Jump.uexp" 2923
"C:/UnrealProjects/DedicatedProject/Content/Fab/SciFi_ToiletMech/Animation/Anim_SciFi_ToiletMech_Run.uasset" 2924
"C:/UnrealProjects/DedicatedProject/Content/Fab/SciFi_ToiletMech/Animation/Anim_SciFi_ToiletMech_Run.uexp" 2925
"C:/UnrealProjects/DedicatedProject/Content/Retargetting/MM_T_Pose.uasset" 2926
"C:/UnrealProjects/DedicatedProject/Content/Retargetting/MM_T_Pose.uexp" 2927
"C:/UnrealProjects/DedicatedProject/Content/Fab/SciFi_ToiletMech/Animation/Anim_SciFi_ToiletMech_JumpEnd.uasset" 2928
"C:/UnrealProjects/DedicatedProject/Content/Fab/SciFi_ToiletMech/Animation/Anim_SciFi_ToiletMech_JumpEnd.uexp" 2929
"C:/UnrealProjects/DedicatedProject/Content/Fab/SciFi_ToiletMech/Animation/Anim_SciFi_ToiletMech_JumpStart.uasset" 2930
"C:/UnrealProjects/DedicatedProject/Content/Fab/SciFi_ToiletMech/Animation/Anim_SciFi_ToiletMech_JumpStart.uexp" 2931
"C:/UnrealProjects/DedicatedProject/Content/Fab/SciFi_ToiletMech/Animation/Anim_SciFi_ToiletMech_JumpLoop.uasset" 2932
"C:/UnrealProjects/DedicatedProject/Content/Fab/SciFi_ToiletMech/Animation/Anim_SciFi_ToiletMech_JumpLoop.uexp" 2933
"C:/UnrealProjects/DedicatedProject/Content/BluePrints/AB_ToiletAnimBlueprint.uasset" 2934
"C:/UnrealProjects/DedicatedProject/Content/BluePrints/AB_ToiletAnimBlueprint.uexp" 2935
"../../../Engine/Plugins/Animation/ControlRig/Content/Controls/ControlRig_Wedge_solid.ubulk" 2936
"../../../Engine/Plugins/Animation/ControlRig/Content/Controls/ControlRig_Wedge_solid.uasset" 2937
"../../../Engine/Plugins/Animation/ControlRig/Content/Controls/ControlRig_Wedge_solid.uexp" 2938
"../../../Engine/Plugins/Animation/ControlRig/Content/Controls/ControlRig_Wedge_3mm.ubulk" 2939
"../../../Engine/Plugins/Animation/ControlRig/Content/Controls/ControlRig_Wedge_3mm.uasset" 2940
"../../../Engine/Plugins/Animation/ControlRig/Content/Controls/ControlRig_Wedge_3mm.uexp" 2941
"../../../Engine/Plugins/Animation/ControlRig/Content/Controls/ControlRig_Wedge_1mm.ubulk" 2942
"../../../Engine/Plugins/Animation/ControlRig/Content/Controls/ControlRig_Wedge_1mm.uasset" 2943
"../../../Engine/Plugins/Animation/ControlRig/Content/Controls/ControlRig_Wedge_1mm.uexp" 2944
"../../../Engine/Plugins/Animation/ControlRig/Content/Controls/ControlRig_Triangle_solid.ubulk" 2945
"../../../Engine/Plugins/Animation/ControlRig/Content/Controls/ControlRig_Triangle_solid.uasset" 2946
"../../../Engine/Plugins/Animation/ControlRig/Content/Controls/ControlRig_Triangle_solid.uexp" 2947
"../../../Engine/Plugins/Animation/ControlRig/Content/Controls/ControlRig_Triangle_3mm.ubulk" 2948
"../../../Engine/Plugins/Animation/ControlRig/Content/Controls/ControlRig_Triangle_3mm.uasset" 2949
"../../../Engine/Plugins/Animation/ControlRig/Content/Controls/ControlRig_Triangle_3mm.uexp" 2950
"../../../Engine/Plugins/Animation/ControlRig/Content/Controls/ControlRig_Triangle_1mm.ubulk" 2951
"../../../Engine/Plugins/Animation/ControlRig/Content/Controls/ControlRig_Triangle_1mm.uasset" 2952
"../../../Engine/Plugins/Animation/ControlRig/Content/Controls/ControlRig_Triangle_1mm.uexp" 2953
"../../../Engine/Plugins/Animation/ControlRig/Content/Controls/ControlRig_Star4_solid.ubulk" 2954
"../../../Engine/Plugins/Animation/ControlRig/Content/Controls/ControlRig_Star4_solid.uasset" 2955
"../../../Engine/Plugins/Animation/ControlRig/Content/Controls/ControlRig_Star4_solid.uexp" 2956
"../../../Engine/Plugins/Animation/ControlRig/Content/Controls/ControlRig_Star4_3mm.ubulk" 2957
"../../../Engine/Plugins/Animation/ControlRig/Content/Controls/ControlRig_Star4_3mm.uasset" 2958
"../../../Engine/Plugins/Animation/ControlRig/Content/Controls/ControlRig_Star4_3mm.uexp" 2959
"../../../Engine/Plugins/Animation/ControlRig/Content/Controls/ControlRig_Star4_1mm.ubulk" 2960
"../../../Engine/Plugins/Animation/ControlRig/Content/Controls/ControlRig_Star4_1mm.uasset" 2961
"../../../Engine/Plugins/Animation/ControlRig/Content/Controls/ControlRig_Star4_1mm.uexp" 2962
"../../../Engine/Plugins/Animation/ControlRig/Content/Controls/ControlRig_Square_solid.ubulk" 2963
"../../../Engine/Plugins/Animation/ControlRig/Content/Controls/ControlRig_Square_solid.uasset" 2964
"../../../Engine/Plugins/Animation/ControlRig/Content/Controls/ControlRig_Square_solid.uexp" 2965
"../../../Engine/Plugins/Animation/ControlRig/Content/Controls/ControlRig_Square_3mm.ubulk" 2966
"../../../Engine/Plugins/Animation/ControlRig/Content/Controls/ControlRig_Square_3mm.uasset" 2967
"../../../Engine/Plugins/Animation/ControlRig/Content/Controls/ControlRig_Square_3mm.uexp" 2968
"../../../Engine/Plugins/Animation/ControlRig/Content/Controls/ControlRig_Square_1mm.ubulk" 2969
"../../../Engine/Plugins/Animation/ControlRig/Content/Controls/ControlRig_Square_1mm.uasset" 2970
"../../../Engine/Plugins/Animation/ControlRig/Content/Controls/ControlRig_Square_1mm.uexp" 2971
"../../../Engine/Plugins/Animation/ControlRig/Content/Controls/ControlRig_Sphere_solid.ubulk" 2972
"../../../Engine/Plugins/Animation/ControlRig/Content/Controls/ControlRig_Sphere_solid.uasset" 2973
"../../../Engine/Plugins/Animation/ControlRig/Content/Controls/ControlRig_Sphere_solid.uexp" 2974
"../../../Engine/Plugins/Animation/ControlRig/Content/Controls/ControlRig_Sphere_3mm.ubulk" 2975
"../../../Engine/Plugins/Animation/ControlRig/Content/Controls/ControlRig_Sphere_3mm.uasset" 2976
"../../../Engine/Plugins/Animation/ControlRig/Content/Controls/ControlRig_Sphere_3mm.uexp" 2977
"../../../Engine/Plugins/Animation/ControlRig/Content/Controls/ControlRig_Sphere_1mm.ubulk" 2978
"../../../Engine/Plugins/Animation/ControlRig/Content/Controls/ControlRig_Sphere_1mm.uasset" 2979
"../../../Engine/Plugins/Animation/ControlRig/Content/Controls/ControlRig_Sphere_1mm.uexp" 2980
"../../../Engine/Plugins/Animation/ControlRig/Content/Controls/ControlRig_RoundedTriangle_solid.ubulk" 2981
"../../../Engine/Plugins/Animation/ControlRig/Content/Controls/ControlRig_RoundedTriangle_solid.uasset" 2982
"../../../Engine/Plugins/Animation/ControlRig/Content/Controls/ControlRig_RoundedTriangle_solid.uexp" 2983
"../../../Engine/Plugins/Animation/ControlRig/Content/Controls/ControlRig_RoundedTriangle_3mm.ubulk" 2984
"../../../Engine/Plugins/Animation/ControlRig/Content/Controls/ControlRig_RoundedTriangle_3mm.uasset" 2985
"../../../Engine/Plugins/Animation/ControlRig/Content/Controls/ControlRig_RoundedTriangle_3mm.uexp" 2986
"../../../Engine/Plugins/Animation/ControlRig/Content/Controls/ControlRig_RoundedTriangle_1mm.ubulk" 2987
"../../../Engine/Plugins/Animation/ControlRig/Content/Controls/ControlRig_RoundedTriangle_1mm.uasset" 2988
"../../../Engine/Plugins/Animation/ControlRig/Content/Controls/ControlRig_RoundedTriangle_1mm.uexp" 2989
"../../../Engine/Plugins/Animation/ControlRig/Content/Controls/ControlRig_RoundedSquare_solid.ubulk" 2990
"../../../Engine/Plugins/Animation/ControlRig/Content/Controls/ControlRig_RoundedSquare_solid.uasset" 2991
"../../../Engine/Plugins/Animation/ControlRig/Content/Controls/ControlRig_RoundedSquare_solid.uexp" 2992
"../../../Engine/Plugins/Animation/ControlRig/Content/Controls/ControlRig_RoundedSquare_3mm.ubulk" 2993
"../../../Engine/Plugins/Animation/ControlRig/Content/Controls/ControlRig_RoundedSquare_3mm.uasset" 2994
"../../../Engine/Plugins/Animation/ControlRig/Content/Controls/ControlRig_RoundedSquare_3mm.uexp" 2995
"../../../Engine/Plugins/Animation/ControlRig/Content/Controls/ControlRig_RoundedSquare_1mm.ubulk" 2996
"../../../Engine/Plugins/Animation/ControlRig/Content/Controls/ControlRig_RoundedSquare_1mm.uasset" 2997
"../../../Engine/Plugins/Animation/ControlRig/Content/Controls/ControlRig_RoundedSquare_1mm.uexp" 2998
"../../../Engine/Plugins/Animation/ControlRig/Content/Controls/ControlRig_QuarterCircle_solid.ubulk" 2999
"../../../Engine/Plugins/Animation/ControlRig/Content/Controls/ControlRig_QuarterCircle_solid.uasset" 3000
"../../../Engine/Plugins/Animation/ControlRig/Content/Controls/ControlRig_QuarterCircle_solid.uexp" 3001
"../../../Engine/Plugins/Animation/ControlRig/Content/Controls/ControlRig_QuarterCircle_3mm.ubulk" 3002
"../../../Engine/Plugins/Animation/ControlRig/Content/Controls/ControlRig_QuarterCircle_3mm.uasset" 3003
"../../../Engine/Plugins/Animation/ControlRig/Content/Controls/ControlRig_QuarterCircle_3mm.uexp" 3004
"../../../Engine/Plugins/Animation/ControlRig/Content/Controls/ControlRig_QuarterCircle_1mm.ubulk" 3005
"../../../Engine/Plugins/Animation/ControlRig/Content/Controls/ControlRig_QuarterCircle_1mm.uasset" 3006
"../../../Engine/Plugins/Animation/ControlRig/Content/Controls/ControlRig_QuarterCircle_1mm.uexp" 3007
"../../../Engine/Plugins/Animation/ControlRig/Content/Controls/ControlRig_Pyramid_solid.ubulk" 3008
"../../../Engine/Plugins/Animation/ControlRig/Content/Controls/ControlRig_Pyramid_solid.uasset" 3009
"../../../Engine/Plugins/Animation/ControlRig/Content/Controls/ControlRig_Pyramid_solid.uexp" 3010
"../../../Engine/Plugins/Animation/ControlRig/Content/Controls/ControlRig_Pyramid_3mm.ubulk" 3011
"../../../Engine/Plugins/Animation/ControlRig/Content/Controls/ControlRig_Pyramid_3mm.uasset" 3012
"../../../Engine/Plugins/Animation/ControlRig/Content/Controls/ControlRig_Pyramid_3mm.uexp" 3013
"../../../Engine/Plugins/Animation/ControlRig/Content/Controls/ControlRig_Pyramid_1mm.ubulk" 3014
"../../../Engine/Plugins/Animation/ControlRig/Content/Controls/ControlRig_Pyramid_1mm.uasset" 3015
"../../../Engine/Plugins/Animation/ControlRig/Content/Controls/ControlRig_Pyramid_1mm.uexp" 3016
"../../../Engine/Plugins/Animation/ControlRig/Content/Controls/ControlRig_Octagon_solid.ubulk" 3017
"../../../Engine/Plugins/Animation/ControlRig/Content/Controls/ControlRig_Octagon_solid.uasset" 3018
"../../../Engine/Plugins/Animation/ControlRig/Content/Controls/ControlRig_Octagon_solid.uexp" 3019
"../../../Engine/Plugins/Animation/ControlRig/Content/Controls/ControlRig_Octagon_3mm.ubulk" 3020
"../../../Engine/Plugins/Animation/ControlRig/Content/Controls/ControlRig_Octagon_3mm.uasset" 3021
"../../../Engine/Plugins/Animation/ControlRig/Content/Controls/ControlRig_Octagon_3mm.uexp" 3022
"../../../Engine/Plugins/Animation/ControlRig/Content/Controls/ControlRig_Octagon_1mm.ubulk" 3023
"../../../Engine/Plugins/Animation/ControlRig/Content/Controls/ControlRig_Octagon_1mm.uasset" 3024
"../../../Engine/Plugins/Animation/ControlRig/Content/Controls/ControlRig_Octagon_1mm.uexp" 3025
"../../../Engine/Plugins/Animation/ControlRig/Content/Controls/ControlRig_Hexagon_solid.ubulk" 3026
"../../../Engine/Plugins/Animation/ControlRig/Content/Controls/ControlRig_Hexagon_solid.uasset" 3027
"../../../Engine/Plugins/Animation/ControlRig/Content/Controls/ControlRig_Hexagon_solid.uexp" 3028
"../../../Engine/Plugins/Animation/ControlRig/Content/Controls/ControlRig_Hexagon_3mm.ubulk" 3029
"../../../Engine/Plugins/Animation/ControlRig/Content/Controls/ControlRig_Hexagon_3mm.uasset" 3030
"../../../Engine/Plugins/Animation/ControlRig/Content/Controls/ControlRig_Hexagon_3mm.uexp" 3031
"../../../Engine/Plugins/Animation/ControlRig/Content/Controls/ControlRig_Hexagon_1mm.ubulk" 3032
"../../../Engine/Plugins/Animation/ControlRig/Content/Controls/ControlRig_Hexagon_1mm.uasset" 3033
"../../../Engine/Plugins/Animation/ControlRig/Content/Controls/ControlRig_Hexagon_1mm.uexp" 3034
"../../../Engine/Plugins/Animation/ControlRig/Content/Controls/ControlRig_HalfCircle_solid.ubulk" 3035
"../../../Engine/Plugins/Animation/ControlRig/Content/Controls/ControlRig_HalfCircle_solid.uasset" 3036
"../../../Engine/Plugins/Animation/ControlRig/Content/Controls/ControlRig_HalfCircle_solid.uexp" 3037
"../../../Engine/Plugins/Animation/ControlRig/Content/Controls/ControlRig_HalfCircle_3mm.ubulk" 3038
"../../../Engine/Plugins/Animation/ControlRig/Content/Controls/ControlRig_HalfCircle_3mm.uasset" 3039
"../../../Engine/Plugins/Animation/ControlRig/Content/Controls/ControlRig_HalfCircle_3mm.uexp" 3040
"../../../Engine/Plugins/Animation/ControlRig/Content/Controls/ControlRig_HalfCircle_1mm.ubulk" 3041
"../../../Engine/Plugins/Animation/ControlRig/Content/Controls/ControlRig_HalfCircle_1mm.uasset" 3042
"../../../Engine/Plugins/Animation/ControlRig/Content/Controls/ControlRig_HalfCircle_1mm.uexp" 3043
"../../../Engine/Plugins/Animation/ControlRig/Content/Controls/ControlRig_Diamond_solid.ubulk" 3044
"../../../Engine/Plugins/Animation/ControlRig/Content/Controls/ControlRig_Diamond_solid.uasset" 3045
"../../../Engine/Plugins/Animation/ControlRig/Content/Controls/ControlRig_Diamond_solid.uexp" 3046
"../../../Engine/Plugins/Animation/ControlRig/Content/Controls/ControlRig_Diamond_3mm.ubulk" 3047
"../../../Engine/Plugins/Animation/ControlRig/Content/Controls/ControlRig_Diamond_3mm.uasset" 3048
"../../../Engine/Plugins/Animation/ControlRig/Content/Controls/ControlRig_Diamond_3mm.uexp" 3049
"../../../Engine/Plugins/Animation/ControlRig/Content/Controls/ControlRig_Diamond_1mm.ubulk" 3050
"../../../Engine/Plugins/Animation/ControlRig/Content/Controls/ControlRig_Diamond_1mm.uasset" 3051
"../../../Engine/Plugins/Animation/ControlRig/Content/Controls/ControlRig_Diamond_1mm.uexp" 3052
"../../../Engine/Plugins/Animation/ControlRig/Content/Controls/ControlRig_Circle_solid.ubulk" 3053
"../../../Engine/Plugins/Animation/ControlRig/Content/Controls/ControlRig_Circle_solid.uasset" 3054
"../../../Engine/Plugins/Animation/ControlRig/Content/Controls/ControlRig_Circle_solid.uexp" 3055
"../../../Engine/Plugins/Animation/ControlRig/Content/Controls/ControlRig_Circle_3mm.ubulk" 3056
"../../../Engine/Plugins/Animation/ControlRig/Content/Controls/ControlRig_Circle_3mm.uasset" 3057
"../../../Engine/Plugins/Animation/ControlRig/Content/Controls/ControlRig_Circle_3mm.uexp" 3058
"../../../Engine/Plugins/Animation/ControlRig/Content/Controls/ControlRig_Circle_1mm.ubulk" 3059
"../../../Engine/Plugins/Animation/ControlRig/Content/Controls/ControlRig_Circle_1mm.uasset" 3060
"../../../Engine/Plugins/Animation/ControlRig/Content/Controls/ControlRig_Circle_1mm.uexp" 3061
"../../../Engine/Plugins/Animation/ControlRig/Content/Controls/ControlRig_Box_solid.ubulk" 3062
"../../../Engine/Plugins/Animation/ControlRig/Content/Controls/ControlRig_Box_solid.uasset" 3063
"../../../Engine/Plugins/Animation/ControlRig/Content/Controls/ControlRig_Box_solid.uexp" 3064
"../../../Engine/Plugins/Animation/ControlRig/Content/Controls/ControlRig_Box_3mm.ubulk" 3065
"../../../Engine/Plugins/Animation/ControlRig/Content/Controls/ControlRig_Box_3mm.uasset" 3066
"../../../Engine/Plugins/Animation/ControlRig/Content/Controls/ControlRig_Box_3mm.uexp" 3067
"../../../Engine/Plugins/Animation/ControlRig/Content/Controls/ControlRig_Box_1mm.ubulk" 3068
"../../../Engine/Plugins/Animation/ControlRig/Content/Controls/ControlRig_Box_1mm.uasset" 3069
"../../../Engine/Plugins/Animation/ControlRig/Content/Controls/ControlRig_Box_1mm.uexp" 3070
"../../../Engine/Plugins/Animation/ControlRig/Content/Controls/ControlRig_Arrow_solid.ubulk" 3071
"../../../Engine/Plugins/Animation/ControlRig/Content/Controls/ControlRig_Arrow_solid.uasset" 3072
"../../../Engine/Plugins/Animation/ControlRig/Content/Controls/ControlRig_Arrow_solid.uexp" 3073
"../../../Engine/Plugins/Animation/ControlRig/Content/Controls/ControlRig_Arrow_3mm.ubulk" 3074
"../../../Engine/Plugins/Animation/ControlRig/Content/Controls/ControlRig_Arrow_3mm.uasset" 3075
"../../../Engine/Plugins/Animation/ControlRig/Content/Controls/ControlRig_Arrow_3mm.uexp" 3076
"../../../Engine/Plugins/Animation/ControlRig/Content/Controls/ControlRig_Arrow_1mm.ubulk" 3077
"../../../Engine/Plugins/Animation/ControlRig/Content/Controls/ControlRig_Arrow_1mm.uasset" 3078
"../../../Engine/Plugins/Animation/ControlRig/Content/Controls/ControlRig_Arrow_1mm.uexp" 3079
"../../../Engine/Plugins/Animation/ControlRig/Content/Controls/ControlRig_Arrow4_solid.ubulk" 3080
"../../../Engine/Plugins/Animation/ControlRig/Content/Controls/ControlRig_Arrow4_solid.uasset" 3081
"../../../Engine/Plugins/Animation/ControlRig/Content/Controls/ControlRig_Arrow4_solid.uexp" 3082
"../../../Engine/Plugins/Animation/ControlRig/Content/Controls/ControlRig_Arrow4_3mm.ubulk" 3083
"../../../Engine/Plugins/Animation/ControlRig/Content/Controls/ControlRig_Arrow4_3mm.uasset" 3084
"../../../Engine/Plugins/Animation/ControlRig/Content/Controls/ControlRig_Arrow4_3mm.uexp" 3085
"../../../Engine/Plugins/Animation/ControlRig/Content/Controls/ControlRig_Arrow4_1mm.ubulk" 3086
"../../../Engine/Plugins/Animation/ControlRig/Content/Controls/ControlRig_Arrow4_1mm.uasset" 3087
"../../../Engine/Plugins/Animation/ControlRig/Content/Controls/ControlRig_Arrow4_1mm.uexp" 3088
"../../../Engine/Plugins/Animation/ControlRig/Content/Controls/ControlRig_Arrow2_solid.ubulk" 3089
"../../../Engine/Plugins/Animation/ControlRig/Content/Controls/ControlRig_Arrow2_solid.uasset" 3090
"../../../Engine/Plugins/Animation/ControlRig/Content/Controls/ControlRig_Arrow2_solid.uexp" 3091
"../../../Engine/Plugins/Animation/ControlRig/Content/Controls/ControlRig_Arrow2_3mm.ubulk" 3092
"../../../Engine/Plugins/Animation/ControlRig/Content/Controls/ControlRig_Arrow2_3mm.uasset" 3093
"../../../Engine/Plugins/Animation/ControlRig/Content/Controls/ControlRig_Arrow2_3mm.uexp" 3094
"../../../Engine/Plugins/Animation/ControlRig/Content/Controls/ControlRig_Arrow2_1mm.ubulk" 3095
"../../../Engine/Plugins/Animation/ControlRig/Content/Controls/ControlRig_Arrow2_1mm.uasset" 3096
"../../../Engine/Plugins/Animation/ControlRig/Content/Controls/ControlRig_Arrow2_1mm.uexp" 3097
"../../../Engine/Content/EngineResources/WhiteSquareTexture.uasset" 3098
"../../../Engine/Content/EngineResources/WhiteSquareTexture.uexp" 3099
"../../../Engine/Content/EngineMaterials/Widget3DPassThrough.uasset" 3100
"../../../Engine/Content/EngineMaterials/Widget3DPassThrough.uexp" 3101
"../../../Engine/Content/EngineMaterials/Widget3DPassThrough_Translucent.uasset" 3102
"../../../Engine/Content/EngineMaterials/Widget3DPassThrough_Translucent.uexp" 3103
"../../../Engine/Content/EngineMaterials/Widget3DPassThrough_Translucent_OneSided.uasset" 3104
"../../../Engine/Content/EngineMaterials/Widget3DPassThrough_Translucent_OneSided.uexp" 3105
"../../../Engine/Content/EngineMaterials/Widget3DPassThrough_Opaque.uasset" 3106
"../../../Engine/Content/EngineMaterials/Widget3DPassThrough_Opaque.uexp" 3107
"../../../Engine/Content/EngineMaterials/Widget3DPassThrough_Opaque_OneSided.uasset" 3108
"../../../Engine/Content/EngineMaterials/Widget3DPassThrough_Opaque_OneSided.uexp" 3109
"../../../Engine/Content/EngineMaterials/Widget3DPassThrough_Masked_OneSided.uasset" 3110
"../../../Engine/Content/EngineMaterials/Widget3DPassThrough_Masked_OneSided.uexp" 3111
"../../../Engine/Content/EngineMaterials/Widget3DPassThrough_Masked.uasset" 3112
"../../../Engine/Content/EngineMaterials/Widget3DPassThrough_Masked.uexp" 3113
"../../../Engine/Content/EngineMaterials/WeightMapPlaceholderTexture.uasset" 3114
"../../../Engine/Content/EngineMaterials/WeightMapPlaceholderTexture.uexp" 3115
"../../../Engine/Content/EngineMaterials/WeightMapArrayPlaceholderTexture.uasset" 3116
"../../../Engine/Content/EngineMaterials/WeightMapArrayPlaceholderTexture.uexp" 3117
"../../../Engine/Content/Functions/Engine_MaterialFunctions02/Texturing/CustomRotator.uasset" 3118
"../../../Engine/Content/Functions/Engine_MaterialFunctions02/Texturing/CustomRotator.uexp" 3119
"../../../Engine/Content/Functions/Engine_MaterialFunctions01/Texturing/ScaleUVsByCenter.uasset" 3120
"../../../Engine/Content/Functions/Engine_MaterialFunctions01/Texturing/ScaleUVsByCenter.uexp" 3121
"../../../Engine/Plugins/Runtime/AudioWidgets/Content/AudioMaterialSlate/Functions/MF_SingleLine_Smooth.uasset" 3122
"../../../Engine/Plugins/Runtime/AudioWidgets/Content/AudioMaterialSlate/Functions/MF_SingleLine_Smooth.uexp" 3123
"../../../Engine/Plugins/Runtime/AudioWidgets/Content/AudioMaterialSlate/Functions/MF_AngleGradient.uasset" 3124
"../../../Engine/Plugins/Runtime/AudioWidgets/Content/AudioMaterialSlate/Functions/MF_AngleGradient.uexp" 3125
"../../../Engine/Plugins/Runtime/AudioWidgets/Content/AudioMaterialSlate/Functions/MF_SingleLine.uasset" 3126
"../../../Engine/Plugins/Runtime/AudioWidgets/Content/AudioMaterialSlate/Functions/MF_SingleLine.uexp" 3127
"../../../Engine/Content/Functions/Engine_MaterialFunctions01/Gradient/SphereGradient-2D.uasset" 3128
"../../../Engine/Content/Functions/Engine_MaterialFunctions01/Gradient/SphereGradient-2D.uexp" 3129
"../../../Engine/Plugins/Runtime/AudioWidgets/Content/AudioMaterialSlate/M_AudioMaterialToggleButton.uasset" 3130
"../../../Engine/Plugins/Runtime/AudioWidgets/Content/AudioMaterialSlate/M_AudioMaterialToggleButton.uexp" 3131
"../../../Engine/Plugins/Runtime/AudioWidgets/Content/AudioMaterialSlate/MI_AudioMaterialToggleButton.uasset" 3132
"../../../Engine/Plugins/Runtime/AudioWidgets/Content/AudioMaterialSlate/MI_AudioMaterialToggleButton.uexp" 3133
"../../../Engine/Content/Functions/Engine_MaterialFunctions01/Gradient/GeneratedRoundRect.uasset" 3134
"../../../Engine/Content/Functions/Engine_MaterialFunctions01/Gradient/GeneratedRoundRect.uexp" 3135
"../../../Engine/Plugins/Runtime/AudioWidgets/Content/AudioMaterialSlate/M_AudioMaterialRoundedSlider.uasset" 3136
"../../../Engine/Plugins/Runtime/AudioWidgets/Content/AudioMaterialSlate/M_AudioMaterialRoundedSlider.uexp" 3137
"../../../Engine/Plugins/Runtime/AudioWidgets/Content/AudioMaterialSlate/MI_AudioMaterialRoundedSlider.uasset" 3138
"../../../Engine/Plugins/Runtime/AudioWidgets/Content/AudioMaterialSlate/MI_AudioMaterialRoundedSlider.uexp" 3139
"../../../Engine/Plugins/Runtime/AudioWidgets/Content/AudioMaterialSlate/Functions/MF_Lines.uasset" 3140
"../../../Engine/Plugins/Runtime/AudioWidgets/Content/AudioMaterialSlate/Functions/MF_Lines.uexp" 3141
"../../../Engine/Content/Functions/Engine_MaterialFunctions02/Lerp_3Color.uasset" 3142
"../../../Engine/Content/Functions/Engine_MaterialFunctions02/Lerp_3Color.uexp" 3143
"../../../Engine/Plugins/Runtime/AudioWidgets/Content/AudioMaterialSlate/M_AudioMaterialMeter.uasset" 3144
"../../../Engine/Plugins/Runtime/AudioWidgets/Content/AudioMaterialSlate/M_AudioMaterialMeter.uexp" 3145
"../../../Engine/Plugins/Runtime/AudioWidgets/Content/AudioMaterialSlate/MI_AudioMaterialMeter.uasset" 3146
"../../../Engine/Plugins/Runtime/AudioWidgets/Content/AudioMaterialSlate/MI_AudioMaterialMeter.uexp" 3147
"../../../Engine/Plugins/Runtime/AudioWidgets/Content/AudioMaterialSlate/M_AudioMaterialKnob.uasset" 3148
"../../../Engine/Plugins/Runtime/AudioWidgets/Content/AudioMaterialSlate/M_AudioMaterialKnob.uexp" 3149
"../../../Engine/Plugins/Runtime/AudioWidgets/Content/AudioMaterialSlate/MI_AudioMaterialKnob.uasset" 3150
"../../../Engine/Plugins/Runtime/AudioWidgets/Content/AudioMaterialSlate/MI_AudioMaterialKnob.uexp" 3151
"../../../Engine/Plugins/Runtime/AudioWidgets/Content/AudioMaterialSlate/Functions/MF_DotOutlined.uasset" 3152
"../../../Engine/Plugins/Runtime/AudioWidgets/Content/AudioMaterialSlate/Functions/MF_DotOutlined.uexp" 3153
"../../../Engine/Plugins/Runtime/AudioWidgets/Content/AudioMaterialSlate/M_AudioMaterialEnvelope_ADSR.uasset" 3154
"../../../Engine/Plugins/Runtime/AudioWidgets/Content/AudioMaterialSlate/M_AudioMaterialEnvelope_ADSR.uexp" 3155
"../../../Engine/Plugins/Runtime/AudioWidgets/Content/AudioMaterialSlate/MI_AudioMaterialEnvelope_ADSR.uasset" 3156
"../../../Engine/Plugins/Runtime/AudioWidgets/Content/AudioMaterialSlate/MI_AudioMaterialEnvelope_ADSR.uexp" 3157
"../../../Engine/Plugins/Interchange/Assets/Content/gltf/Textures/T_White_srgb.uasset" 3158
"../../../Engine/Plugins/Interchange/Assets/Content/gltf/Textures/T_White_srgb.uexp" 3159
"../../../Engine/Plugins/Interchange/Assets/Content/gltf/MaterialFunctions/MF_BaseColor.uasset" 3160
"../../../Engine/Plugins/Interchange/Assets/Content/gltf/MaterialFunctions/MF_BaseColor.uexp" 3161
"../../../Engine/Plugins/Interchange/Assets/Content/gltf/MaterialFunctions/MF_RotateV2.uasset" 3162
"../../../Engine/Plugins/Interchange/Assets/Content/gltf/MaterialFunctions/MF_RotateV2.uexp" 3163
"../../../Engine/Plugins/Interchange/Assets/Content/gltf/MaterialFunctions/MF_TransformUVs.uasset" 3164
"../../../Engine/Plugins/Interchange/Assets/Content/gltf/MaterialFunctions/MF_TransformUVs.uexp" 3165
"../../../Engine/Plugins/Interchange/Assets/Content/gltf/MaterialBodies/MF_Unlit_Body.uasset" 3166
"../../../Engine/Plugins/Interchange/Assets/Content/gltf/MaterialBodies/MF_Unlit_Body.uexp" 3167
"../../../Engine/Plugins/Interchange/Assets/Content/gltf/M_Unlit.uasset" 3168
"../../../Engine/Plugins/Interchange/Assets/Content/gltf/M_Unlit.uexp" 3169
"../../../Engine/Plugins/Interchange/Assets/Content/gltf/MaterialInstances/MI_Unlit_Opaque_DS.uasset" 3170
"../../../Engine/Plugins/Interchange/Assets/Content/gltf/MaterialInstances/MI_Unlit_Opaque_DS.uexp" 3171
"../../../Engine/Plugins/Interchange/Assets/Content/gltf/MaterialInstances/MI_Unlit_Opaque.uasset" 3172
"../../../Engine/Plugins/Interchange/Assets/Content/gltf/MaterialInstances/MI_Unlit_Opaque.uexp" 3173
"../../../Engine/Plugins/Interchange/Assets/Content/gltf/MaterialInstances/MI_Unlit_Mask_DS.uasset" 3174
"../../../Engine/Plugins/Interchange/Assets/Content/gltf/MaterialInstances/MI_Unlit_Mask_DS.uexp" 3175
"../../../Engine/Plugins/Interchange/Assets/Content/gltf/MaterialInstances/MI_Unlit_Mask.uasset" 3176
"../../../Engine/Plugins/Interchange/Assets/Content/gltf/MaterialInstances/MI_Unlit_Mask.uexp" 3177
"../../../Engine/Plugins/Interchange/Assets/Content/gltf/MaterialInstances/MI_Unlit_Blend_DS.uasset" 3178
"../../../Engine/Plugins/Interchange/Assets/Content/gltf/MaterialInstances/MI_Unlit_Blend_DS.uexp" 3179
"../../../Engine/Plugins/Interchange/Assets/Content/gltf/MaterialInstances/MI_Unlit_Blend.uasset" 3180
"../../../Engine/Plugins/Interchange/Assets/Content/gltf/MaterialInstances/MI_Unlit_Blend.uexp" 3181
"../../../Engine/Content/Functions/Engine_MaterialFunctions02/Math/Transform3x3Matrix.uasset" 3182
"../../../Engine/Content/Functions/Engine_MaterialFunctions02/Math/Transform3x3Matrix.uexp" 3183
"../../../Engine/Content/EngineMaterials/Good64x64TilingNoiseHighFreq.uasset" 3184
"../../../Engine/Content/EngineMaterials/Good64x64TilingNoiseHighFreq.uexp" 3185
"../../../Engine/Content/Functions/Engine_MaterialFunctions02/Texturing/ScreenAlignedPixelToPixelUVs.uasset" 3186
"../../../Engine/Content/Functions/Engine_MaterialFunctions02/Texturing/ScreenAlignedPixelToPixelUVs.uexp" 3187
"../../../Engine/Plugins/Interchange/Assets/Content/gltf/MaterialFunctions/MF_Temporal_Blur.uasset" 3188
"../../../Engine/Plugins/Interchange/Assets/Content/gltf/MaterialFunctions/MF_Temporal_Blur.uexp" 3189
"../../../Engine/Plugins/Interchange/Assets/Content/gltf/MaterialFunctions/MF_Specular.uasset" 3190
"../../../Engine/Plugins/Interchange/Assets/Content/gltf/MaterialFunctions/MF_Specular.uexp" 3191
"../../../Engine/Plugins/Interchange/Assets/Content/gltf/Textures/T_Anisotropy_Direction_Linear.uasset" 3192
"../../../Engine/Plugins/Interchange/Assets/Content/gltf/Textures/T_Anisotropy_Direction_Linear.uexp" 3193
"../../../Engine/Plugins/Interchange/Assets/Content/gltf/MaterialFunctions/MF_SpecularAnisotropy.uasset" 3194
"../../../Engine/Plugins/Interchange/Assets/Content/gltf/MaterialFunctions/MF_SpecularAnisotropy.uexp" 3195
"../../../Engine/Plugins/Interchange/Assets/Content/gltf/Textures/T_White_Linear.uasset" 3196
"../../../Engine/Plugins/Interchange/Assets/Content/gltf/Textures/T_White_Linear.uexp" 3197
"../../../Engine/Plugins/Interchange/Assets/Content/gltf/MaterialFunctions/MF_MetallicRoughness.uasset" 3198
"../../../Engine/Plugins/Interchange/Assets/Content/gltf/MaterialFunctions/MF_MetallicRoughness.uexp" 3199
"../../../Engine/Plugins/Interchange/Assets/Content/gltf/Textures/T_Generic_N.uasset" 3200
"../../../Engine/Plugins/Interchange/Assets/Content/gltf/Textures/T_Generic_N.uexp" 3201
"../../../Engine/Plugins/Interchange/Assets/Content/gltf/MaterialFunctions/MF_ScaleNormal.uasset" 3202
"../../../Engine/Plugins/Interchange/Assets/Content/gltf/MaterialFunctions/MF_ScaleNormal.uexp" 3203
"../../../Engine/Plugins/Interchange/Assets/Content/gltf/MaterialFunctions/MF_Fresnel_DS.uasset" 3204
"../../../Engine/Plugins/Interchange/Assets/Content/gltf/MaterialFunctions/MF_Fresnel_DS.uexp" 3205
"../../../Engine/Plugins/Interchange/Assets/Content/gltf/MaterialFunctions/MF_Iridescence.uasset" 3206
"../../../Engine/Plugins/Interchange/Assets/Content/gltf/MaterialFunctions/MF_Iridescence.uexp" 3207
"../../../Engine/Plugins/Interchange/Assets/Content/gltf/MaterialFunctions/MF_Occlusion.uasset" 3208
"../../../Engine/Plugins/Interchange/Assets/Content/gltf/MaterialFunctions/MF_Occlusion.uexp" 3209
"../../../Engine/Plugins/Interchange/Assets/Content/gltf/MaterialFunctions/MF_IOR.uasset" 3210
"../../../Engine/Plugins/Interchange/Assets/Content/gltf/MaterialFunctions/MF_IOR.uexp" 3211
"../../../Engine/Plugins/Interchange/Assets/Content/gltf/MaterialFunctions/MF_Transmission.uasset" 3212
"../../../Engine/Plugins/Interchange/Assets/Content/gltf/MaterialFunctions/MF_Transmission.uexp" 3213
"../../../Engine/Plugins/Interchange/Assets/Content/gltf/MaterialFunctions/MF_RotateNormals_TS.uasset" 3214
"../../../Engine/Plugins/Interchange/Assets/Content/gltf/MaterialFunctions/MF_RotateNormals_TS.uexp" 3215
"../../../Engine/Plugins/Interchange/Assets/Content/gltf/MaterialFunctions/MF_Normals.uasset" 3216
"../../../Engine/Plugins/Interchange/Assets/Content/gltf/MaterialFunctions/MF_Normals.uexp" 3217
"../../../Engine/Plugins/Interchange/Assets/Content/gltf/MaterialBodies/MF_Transmission_Body.uasset" 3218
"../../../Engine/Plugins/Interchange/Assets/Content/gltf/MaterialBodies/MF_Transmission_Body.uexp" 3219
"../../../Engine/Plugins/Interchange/Assets/Content/gltf/M_Transmission.uasset" 3220
"../../../Engine/Plugins/Interchange/Assets/Content/gltf/M_Transmission.uexp" 3221
"../../../Engine/Plugins/Interchange/Assets/Content/gltf/MaterialInstances/MI_Transmission_DS.uasset" 3222
"../../../Engine/Plugins/Interchange/Assets/Content/gltf/MaterialInstances/MI_Transmission_DS.uexp" 3223
"../../../Engine/Plugins/Interchange/Assets/Content/gltf/MaterialInstances/MI_Transmission.uasset" 3224
"../../../Engine/Plugins/Interchange/Assets/Content/gltf/MaterialInstances/MI_Transmission.uexp" 3225
"../../../Engine/Content/Functions/Engine_MaterialFunctions02/Math/AddComponents.uasset" 3226
"../../../Engine/Content/Functions/Engine_MaterialFunctions02/Math/AddComponents.uexp" 3227
"../../../Engine/Plugins/Interchange/Assets/Content/gltf/MaterialFunctions/MF_DiffuseSpecGloss.uasset" 3228
"../../../Engine/Plugins/Interchange/Assets/Content/gltf/MaterialFunctions/MF_DiffuseSpecGloss.uexp" 3229
"../../../Engine/Plugins/Interchange/Assets/Content/gltf/MaterialFunctions/MF_Emissive.uasset" 3230
"../../../Engine/Plugins/Interchange/Assets/Content/gltf/MaterialFunctions/MF_Emissive.uexp" 3231
"../../../Engine/Plugins/Interchange/Assets/Content/gltf/MaterialFunctions/MF_PerceivedBrightness.uasset" 3232
"../../../Engine/Plugins/Interchange/Assets/Content/gltf/MaterialFunctions/MF_PerceivedBrightness.uexp" 3233
"../../../Engine/Plugins/Interchange/Assets/Content/gltf/MaterialFunctions/MF_SpecGlossToMetalRoughness.uasset" 3234
"../../../Engine/Plugins/Interchange/Assets/Content/gltf/MaterialFunctions/MF_SpecGlossToMetalRoughness.uexp" 3235
"../../../Engine/Plugins/Interchange/Assets/Content/gltf/MaterialFunctions/MF_MaxComponentValue.uasset" 3236
"../../../Engine/Plugins/Interchange/Assets/Content/gltf/MaterialFunctions/MF_MaxComponentValue.uexp" 3237
"../../../Engine/Plugins/Interchange/Assets/Content/gltf/MaterialBodies/MF_SpecularGlossiness_Body.uasset" 3238
"../../../Engine/Plugins/Interchange/Assets/Content/gltf/MaterialBodies/MF_SpecularGlossiness_Body.uexp" 3239
"../../../Engine/Plugins/Interchange/Assets/Content/gltf/M_SpecularGlossiness.uasset" 3240
"../../../Engine/Plugins/Interchange/Assets/Content/gltf/M_SpecularGlossiness.uexp" 3241
"../../../Engine/Plugins/Interchange/Assets/Content/gltf/MaterialInstances/MI_SpecularGlossiness_Opaque_DS.uasset" 3242
"../../../Engine/Plugins/Interchange/Assets/Content/gltf/MaterialInstances/MI_SpecularGlossiness_Opaque_DS.uexp" 3243
"../../../Engine/Plugins/Interchange/Assets/Content/gltf/MaterialInstances/MI_SpecularGlossiness_Opaque.uasset" 3244
"../../../Engine/Plugins/Interchange/Assets/Content/gltf/MaterialInstances/MI_SpecularGlossiness_Opaque.uexp" 3245
"../../../Engine/Plugins/Interchange/Assets/Content/gltf/MaterialInstances/MI_SpecularGlossiness_Mask_DS.uasset" 3246
"../../../Engine/Plugins/Interchange/Assets/Content/gltf/MaterialInstances/MI_SpecularGlossiness_Mask_DS.uexp" 3247
"../../../Engine/Plugins/Interchange/Assets/Content/gltf/MaterialInstances/MI_SpecularGlossiness_Mask.uasset" 3248
"../../../Engine/Plugins/Interchange/Assets/Content/gltf/MaterialInstances/MI_SpecularGlossiness_Mask.uexp" 3249
"../../../Engine/Plugins/Interchange/Assets/Content/gltf/MaterialInstances/MI_SpecularGlossiness_Blend_DS.uasset" 3250
"../../../Engine/Plugins/Interchange/Assets/Content/gltf/MaterialInstances/MI_SpecularGlossiness_Blend_DS.uexp" 3251
"../../../Engine/Plugins/Interchange/Assets/Content/gltf/MaterialInstances/MI_SpecularGlossiness_Blend.uasset" 3252
"../../../Engine/Plugins/Interchange/Assets/Content/gltf/MaterialInstances/MI_SpecularGlossiness_Blend.uexp" 3253
"../../../Engine/Plugins/Interchange/Assets/Content/gltf/MaterialFunctions/MF_Sheen.uasset" 3254
"../../../Engine/Plugins/Interchange/Assets/Content/gltf/MaterialFunctions/MF_Sheen.uexp" 3255
"../../../Engine/Plugins/Interchange/Assets/Content/gltf/MaterialBodies/MF_Sheen_Body.uasset" 3256
"../../../Engine/Plugins/Interchange/Assets/Content/gltf/MaterialBodies/MF_Sheen_Body.uexp" 3257
"../../../Engine/Plugins/Interchange/Assets/Content/gltf/M_Sheen.uasset" 3258
"../../../Engine/Plugins/Interchange/Assets/Content/gltf/M_Sheen.uexp" 3259
"../../../Engine/Plugins/Interchange/Assets/Content/gltf/MaterialInstances/MI_Sheen_Opaque_DS.uasset" 3260
"../../../Engine/Plugins/Interchange/Assets/Content/gltf/MaterialInstances/MI_Sheen_Opaque_DS.uexp" 3261
"../../../Engine/Plugins/Interchange/Assets/Content/gltf/MaterialInstances/MI_Sheen_Opaque.uasset" 3262
"../../../Engine/Plugins/Interchange/Assets/Content/gltf/MaterialInstances/MI_Sheen_Opaque.uexp" 3263
"../../../Engine/Plugins/Interchange/Assets/Content/gltf/MaterialInstances/MI_Sheen_Mask_DS.uasset" 3264
"../../../Engine/Plugins/Interchange/Assets/Content/gltf/MaterialInstances/MI_Sheen_Mask_DS.uexp" 3265
"../../../Engine/Plugins/Interchange/Assets/Content/gltf/MaterialInstances/MI_Sheen_Mask.uasset" 3266
"../../../Engine/Plugins/Interchange/Assets/Content/gltf/MaterialInstances/MI_Sheen_Mask.uexp" 3267
"../../../Engine/Plugins/Interchange/Assets/Content/gltf/MaterialInstances/MI_Sheen_Blend_DS.uasset" 3268
"../../../Engine/Plugins/Interchange/Assets/Content/gltf/MaterialInstances/MI_Sheen_Blend_DS.uexp" 3269
"../../../Engine/Plugins/Interchange/Assets/Content/gltf/MaterialInstances/MI_Sheen_Blend.uasset" 3270
"../../../Engine/Plugins/Interchange/Assets/Content/gltf/MaterialInstances/MI_Sheen_Blend.uexp" 3271
"../../../Engine/Plugins/Interchange/Assets/Content/gltf/MaterialBodies/MF_Default_Body.uasset" 3272
"../../../Engine/Plugins/Interchange/Assets/Content/gltf/MaterialBodies/MF_Default_Body.uexp" 3273
"../../../Engine/Plugins/Interchange/Assets/Content/gltf/M_Default.uasset" 3274
"../../../Engine/Plugins/Interchange/Assets/Content/gltf/M_Default.uexp" 3275
"../../../Engine/Plugins/Interchange/Assets/Content/gltf/MaterialInstances/MI_Default_Opaque_DS.uasset" 3276
"../../../Engine/Plugins/Interchange/Assets/Content/gltf/MaterialInstances/MI_Default_Opaque_DS.uexp" 3277
"../../../Engine/Plugins/Interchange/Assets/Content/gltf/MaterialInstances/MI_Default_Mask_DS.uasset" 3278
"../../../Engine/Plugins/Interchange/Assets/Content/gltf/MaterialInstances/MI_Default_Mask_DS.uexp" 3279
"../../../Engine/Plugins/Interchange/Assets/Content/gltf/MaterialInstances/MI_Default_Mask.uasset" 3280
"../../../Engine/Plugins/Interchange/Assets/Content/gltf/MaterialInstances/MI_Default_Mask.uexp" 3281
"../../../Engine/Plugins/Interchange/Assets/Content/gltf/MaterialInstances/MI_Default_Blend_DS.uasset" 3282
"../../../Engine/Plugins/Interchange/Assets/Content/gltf/MaterialInstances/MI_Default_Blend_DS.uexp" 3283
"../../../Engine/Plugins/Interchange/Assets/Content/gltf/MaterialInstances/MI_Default_Blend.uasset" 3284
"../../../Engine/Plugins/Interchange/Assets/Content/gltf/MaterialInstances/MI_Default_Blend.uexp" 3285
"../../../Engine/Content/Functions/Engine_MaterialFunctions01/Texturing/FlattenNormal.uasset" 3286
"../../../Engine/Content/Functions/Engine_MaterialFunctions01/Texturing/FlattenNormal.uexp" 3287
"../../../Engine/Plugins/Interchange/Assets/Content/gltf/MaterialFunctions/MF_Clearcoat.uasset" 3288
"../../../Engine/Plugins/Interchange/Assets/Content/gltf/MaterialFunctions/MF_Clearcoat.uexp" 3289
"../../../Engine/Plugins/Interchange/Assets/Content/gltf/MaterialBodies/MF_ClearCoat_Body.uasset" 3290
"../../../Engine/Plugins/Interchange/Assets/Content/gltf/MaterialBodies/MF_ClearCoat_Body.uexp" 3291
"../../../Engine/Plugins/Interchange/Assets/Content/gltf/M_ClearCoat.uasset" 3292
"../../../Engine/Plugins/Interchange/Assets/Content/gltf/M_ClearCoat.uexp" 3293
"../../../Engine/Plugins/Interchange/Assets/Content/gltf/MaterialInstances/MI_ClearCoat_Opaque_DS.uasset" 3294
"../../../Engine/Plugins/Interchange/Assets/Content/gltf/MaterialInstances/MI_ClearCoat_Opaque_DS.uexp" 3295
"../../../Engine/Plugins/Interchange/Assets/Content/gltf/MaterialInstances/MI_ClearCoat_Opaque.uasset" 3296
"../../../Engine/Plugins/Interchange/Assets/Content/gltf/MaterialInstances/MI_ClearCoat_Opaque.uexp" 3297
"../../../Engine/Plugins/Interchange/Assets/Content/gltf/MaterialInstances/MI_ClearCoat_Mask_DS.uasset" 3298
"../../../Engine/Plugins/Interchange/Assets/Content/gltf/MaterialInstances/MI_ClearCoat_Mask_DS.uexp" 3299
"../../../Engine/Plugins/Interchange/Assets/Content/gltf/MaterialInstances/MI_ClearCoat_Mask.uasset" 3300
"../../../Engine/Plugins/Interchange/Assets/Content/gltf/MaterialInstances/MI_ClearCoat_Mask.uexp" 3301
"../../../Engine/Plugins/Interchange/Assets/Content/gltf/MaterialInstances/MI_ClearCoat_Blend_DS.uasset" 3302
"../../../Engine/Plugins/Interchange/Assets/Content/gltf/MaterialInstances/MI_ClearCoat_Blend_DS.uexp" 3303
"../../../Engine/Plugins/Interchange/Assets/Content/gltf/MaterialInstances/MI_ClearCoat_Blend.uasset" 3304
"../../../Engine/Plugins/Interchange/Assets/Content/gltf/MaterialInstances/MI_ClearCoat_Blend.uexp" 3305
"../../../Engine/Content/EngineSky/VolumetricClouds/T_CloudMask.ubulk" 3306
"../../../Engine/Content/EngineSky/VolumetricClouds/T_CloudMask.uasset" 3307
"../../../Engine/Content/EngineSky/VolumetricClouds/T_CloudMask.uexp" 3308
"../../../Engine/Content/EngineSky/VolumetricClouds/VT_Lightning.uasset" 3309
"../../../Engine/Content/EngineSky/VolumetricClouds/VT_Lightning.uexp" 3310
"../../../Engine/Content/EngineSky/VolumetricClouds/T_Profile_08.ubulk" 3311
"../../../Engine/Content/EngineSky/VolumetricClouds/T_Profile_08.uasset" 3312
"../../../Engine/Content/EngineSky/VolumetricClouds/T_Profile_08.uexp" 3313
"../../../Engine/Content/Functions/Engine_MaterialFunctions02/Utility/MakeFloat4.uasset" 3314
"../../../Engine/Content/Functions/Engine_MaterialFunctions02/Utility/MakeFloat4.uexp" 3315
"../../../Engine/Content/Functions/Engine_MaterialFunctions01/Units/Km-to-Cm.uasset" 3316
"../../../Engine/Content/Functions/Engine_MaterialFunctions01/Units/Km-to-Cm.uexp" 3317
"../../../Engine/Content/Functions/Engine_MaterialFunctions02/Utility/BreakOutFloat4Components.uasset" 3318
"../../../Engine/Content/Functions/Engine_MaterialFunctions02/Utility/BreakOutFloat4Components.uexp" 3319
"../../../Engine/Content/EngineSky/VolumetricClouds/T_CloudPattern.ubulk" 3320
"../../../Engine/Content/EngineSky/VolumetricClouds/T_CloudPattern.uasset" 3321
"../../../Engine/Content/EngineSky/VolumetricClouds/T_CloudPattern.uexp" 3322
"../../../Engine/Content/EngineSky/VolumetricClouds/VT_PerlinWorley_Balanced.uasset" 3323
"../../../Engine/Content/EngineSky/VolumetricClouds/VT_PerlinWorley_Balanced.uexp" 3324
"../../../Engine/Content/EngineSky/VolumetricClouds/m_SimpleVolumetricCloud.uasset" 3325
"../../../Engine/Content/EngineSky/VolumetricClouds/m_SimpleVolumetricCloud.uexp" 3326
"../../../Engine/Content/EngineSky/VolumetricClouds/m_SimpleVolumetricCloud_Inst.uasset" 3327
"../../../Engine/Content/EngineSky/VolumetricClouds/m_SimpleVolumetricCloud_Inst.uexp" 3328
"../../../Engine/Content/EngineMaterials/Substrate/GLints2/AGlintTex2dArray2.uasset" 3329
"../../../Engine/Content/EngineMaterials/Substrate/GLints2/AGlintTex2dArray2.uexp" 3330
"../../../Engine/Content/EngineMaterials/Substrate/GLints/AGlintTex2dArray.uasset" 3331
"../../../Engine/Content/EngineMaterials/Substrate/GLints/AGlintTex2dArray.uexp" 3332
"../../../Engine/Content/ArtTools/RenderToTexture/Meshes/S_1_Unit_Plane.ubulk" 3333
"../../../Engine/Content/ArtTools/RenderToTexture/Meshes/S_1_Unit_Plane.uasset" 3334
"../../../Engine/Content/ArtTools/RenderToTexture/Meshes/S_1_Unit_Plane.uexp" 3335
"C:/UnrealProjects/DedicatedProject/Content/Fab/SciFi_ToiletMech/Animation/Anim_SciFi_ToiletMech_Attack4.uasset" 3336
"C:/UnrealProjects/DedicatedProject/Content/Fab/SciFi_ToiletMech/Animation/Anim_SciFi_ToiletMech_Attack4.uexp" 3337
"C:/UnrealProjects/DedicatedProject/Content/Fab/SciFi_ToiletMech/Animation/Anim_SciFi_ToiletMech_Attack1.uasset" 3338
"C:/UnrealProjects/DedicatedProject/Content/Fab/SciFi_ToiletMech/Animation/Anim_SciFi_ToiletMech_Attack1.uexp" 3339
"C:/UnrealProjects/DedicatedProject/Content/Fab/SciFi_ToiletMech/Animation/Anim_SciFi_ToiletMech_Attack5.uasset" 3340
"C:/UnrealProjects/DedicatedProject/Content/Fab/SciFi_ToiletMech/Animation/Anim_SciFi_ToiletMech_Attack5.uexp" 3341
"C:/UnrealProjects/DedicatedProject/Content/Fab/SciFi_ToiletMech/Animation/SKEL_SciFi_ToiletMech_Skeleton_Montage.uasset" 3342
"C:/UnrealProjects/DedicatedProject/Content/Fab/SciFi_ToiletMech/Animation/SKEL_SciFi_ToiletMech_Skeleton_Montage.uexp" 3343
"C:/UnrealProjects/DedicatedProject/Content/Fab/SciFi_ToiletMech/Animation/Anim_SciFi_ToiletMech_KnockEnd.uasset" 3344
"C:/UnrealProjects/DedicatedProject/Content/Fab/SciFi_ToiletMech/Animation/Anim_SciFi_ToiletMech_KnockEnd.uexp" 3345
"C:/UnrealProjects/DedicatedProject/Content/Fab/SciFi_ToiletMech/Animation/Anim_SciFi_ToiletMech_KnockStart.uasset" 3346
"C:/UnrealProjects/DedicatedProject/Content/Fab/SciFi_ToiletMech/Animation/Anim_SciFi_ToiletMech_KnockStart.uexp" 3347
"C:/UnrealProjects/DedicatedProject/Content/Fab/SciFi_ToiletMech/Animation/Anim_SciFi_ToiletMech_KnockLoop.uasset" 3348
"C:/UnrealProjects/DedicatedProject/Content/Fab/SciFi_ToiletMech/Animation/Anim_SciFi_ToiletMech_KnockLoop.uexp" 3349
"C:/UnrealProjects/DedicatedProject/Content/Fab/SciFi_ToiletMech/Animation/Anim_SciFi_ToiletMech_Stun_Montage.uasset" 3350
"C:/UnrealProjects/DedicatedProject/Content/Fab/SciFi_ToiletMech/Animation/Anim_SciFi_ToiletMech_Stun_Montage.uexp" 3351
"C:/UnrealProjects/DedicatedProject/Content/Asset/Item/Granade/Granade22_texture_0.ubulk" 3352
"C:/UnrealProjects/DedicatedProject/Content/Asset/Item/Granade/Granade22_texture_0.uasset" 3353
"C:/UnrealProjects/DedicatedProject/Content/Asset/Item/Granade/Granade22_texture_0.uexp" 3354
"../../../Engine/Plugins/Interchange/Assets/Content/gltf/MaterialInstances/MI_Default_Opaque.uasset" 3355
"../../../Engine/Plugins/Interchange/Assets/Content/gltf/MaterialInstances/MI_Default_Opaque.uexp" 3356
"C:/UnrealProjects/DedicatedProject/Content/Asset/Item/Granade/Granade_texture_Em.ubulk" 3357
"C:/UnrealProjects/DedicatedProject/Content/Asset/Item/Granade/Granade_texture_Em.uasset" 3358
"C:/UnrealProjects/DedicatedProject/Content/Asset/Item/Granade/Granade_texture_Em.uexp" 3359
"C:/UnrealProjects/DedicatedProject/Content/Asset/Item/Granade/Granade_material_0.uasset" 3360
"C:/UnrealProjects/DedicatedProject/Content/Asset/Item/Granade/Granade_material_0.uexp" 3361
"C:/UnrealProjects/DedicatedProject/Content/Asset/Item/Granade/Granade.ubulk" 3362
"C:/UnrealProjects/DedicatedProject/Content/Asset/Item/Granade/Granade.uasset" 3363
"C:/UnrealProjects/DedicatedProject/Content/Asset/Item/Granade/Granade.uexp" 3364
"C:/UnrealProjects/DedicatedProject/Content/Fab/SciFi_ToiletMech/Mesh/Phy_SciFi_ToiletMech_PhysicsAsset.uasset" 3365
"C:/UnrealProjects/DedicatedProject/Content/Fab/SciFi_ToiletMech/Mesh/Phy_SciFi_ToiletMech_PhysicsAsset.uexp" 3366
"C:/UnrealProjects/DedicatedProject/Content/Fab/SciFi_ToiletMech/Texture/Skin4/T_SciFi_ToiletMech_Body_Emissive_Skin4.ubulk" 3367
"C:/UnrealProjects/DedicatedProject/Content/Fab/SciFi_ToiletMech/Texture/Skin4/T_SciFi_ToiletMech_Body_Emissive_Skin4.uasset" 3368
"C:/UnrealProjects/DedicatedProject/Content/Fab/SciFi_ToiletMech/Texture/Skin4/T_SciFi_ToiletMech_Body_Emissive_Skin4.uexp" 3369
"C:/UnrealProjects/DedicatedProject/Content/Fab/SciFi_ToiletMech/Texture/Skin4/T_SciFi_ToiletMech_Body_BaseColor_Skin4.ubulk" 3370
"C:/UnrealProjects/DedicatedProject/Content/Fab/SciFi_ToiletMech/Texture/Skin4/T_SciFi_ToiletMech_Body_BaseColor_Skin4.uasset" 3371
"C:/UnrealProjects/DedicatedProject/Content/Fab/SciFi_ToiletMech/Texture/Skin4/T_SciFi_ToiletMech_Body_BaseColor_Skin4.uexp" 3372
"C:/UnrealProjects/DedicatedProject/Content/Fab/SciFi_ToiletMech/Texture/Skin1/T_SciFi_ToiletMech_Body_Normal_Skin1.ubulk" 3373
"C:/UnrealProjects/DedicatedProject/Content/Fab/SciFi_ToiletMech/Texture/Skin1/T_SciFi_ToiletMech_Body_Normal_Skin1.uasset" 3374
"C:/UnrealProjects/DedicatedProject/Content/Fab/SciFi_ToiletMech/Texture/Skin1/T_SciFi_ToiletMech_Body_Normal_Skin1.uexp" 3375
"C:/UnrealProjects/DedicatedProject/Content/Fab/SciFi_ToiletMech/Texture/Skin1/T_SciFi_ToiletMech_Body_AO_Skin1.ubulk" 3376
"C:/UnrealProjects/DedicatedProject/Content/Fab/SciFi_ToiletMech/Texture/Skin1/T_SciFi_ToiletMech_Body_AO_Skin1.uasset" 3377
"C:/UnrealProjects/DedicatedProject/Content/Fab/SciFi_ToiletMech/Texture/Skin1/T_SciFi_ToiletMech_Body_AO_Skin1.uexp" 3378
"C:/UnrealProjects/DedicatedProject/Content/Fab/SciFi_ToiletMech/Texture/Skin4/T_SciFi_ToiletMech_Body_MetallRough_Skin4.ubulk" 3379
"C:/UnrealProjects/DedicatedProject/Content/Fab/SciFi_ToiletMech/Texture/Skin4/T_SciFi_ToiletMech_Body_MetallRough_Skin4.uasset" 3380
"C:/UnrealProjects/DedicatedProject/Content/Fab/SciFi_ToiletMech/Texture/Skin4/T_SciFi_ToiletMech_Body_MetallRough_Skin4.uexp" 3381
"C:/UnrealProjects/DedicatedProject/Content/Fab/SciFi_ToiletMech/Materials/M_SciFi_ToiletMech_Body_Skin4.uasset" 3382
"C:/UnrealProjects/DedicatedProject/Content/Fab/SciFi_ToiletMech/Materials/M_SciFi_ToiletMech_Body_Skin4.uexp" 3383
"C:/UnrealProjects/DedicatedProject/Content/Fab/SciFi_ToiletMech/Materials/MI_SciFi_ToiletMech_Body_Skin4_Inst.uasset" 3384
"C:/UnrealProjects/DedicatedProject/Content/Fab/SciFi_ToiletMech/Materials/MI_SciFi_ToiletMech_Body_Skin4_Inst.uexp" 3385
"C:/UnrealProjects/DedicatedProject/Content/Fab/SciFi_ToiletMech/Texture/Skin4/T_SciFi_ToiletMech_Toilet_Emissive_Skin4.ubulk" 3386
"C:/UnrealProjects/DedicatedProject/Content/Fab/SciFi_ToiletMech/Texture/Skin4/T_SciFi_ToiletMech_Toilet_Emissive_Skin4.uasset" 3387
"C:/UnrealProjects/DedicatedProject/Content/Fab/SciFi_ToiletMech/Texture/Skin4/T_SciFi_ToiletMech_Toilet_Emissive_Skin4.uexp" 3388
"C:/UnrealProjects/DedicatedProject/Content/Fab/SciFi_ToiletMech/Texture/Skin4/T_SciFi_ToiletMech_Toilet_BaseColor_Skin4.ubulk" 3389
"C:/UnrealProjects/DedicatedProject/Content/Fab/SciFi_ToiletMech/Texture/Skin4/T_SciFi_ToiletMech_Toilet_BaseColor_Skin4.uasset" 3390
"C:/UnrealProjects/DedicatedProject/Content/Fab/SciFi_ToiletMech/Texture/Skin4/T_SciFi_ToiletMech_Toilet_BaseColor_Skin4.uexp" 3391
"C:/UnrealProjects/DedicatedProject/Content/Fab/SciFi_ToiletMech/Texture/Skin1/T_SciFi_ToiletMech_Toilet_AO_Skin1.ubulk" 3392
"C:/UnrealProjects/DedicatedProject/Content/Fab/SciFi_ToiletMech/Texture/Skin1/T_SciFi_ToiletMech_Toilet_AO_Skin1.uasset" 3393
"C:/UnrealProjects/DedicatedProject/Content/Fab/SciFi_ToiletMech/Texture/Skin1/T_SciFi_ToiletMech_Toilet_AO_Skin1.uexp" 3394
"C:/UnrealProjects/DedicatedProject/Content/Fab/SciFi_ToiletMech/Texture/Skin4/T_SciFi_ToiletMech_Toilet_MetallRough_Skin4.ubulk" 3395
"C:/UnrealProjects/DedicatedProject/Content/Fab/SciFi_ToiletMech/Texture/Skin4/T_SciFi_ToiletMech_Toilet_MetallRough_Skin4.uasset" 3396
"C:/UnrealProjects/DedicatedProject/Content/Fab/SciFi_ToiletMech/Texture/Skin4/T_SciFi_ToiletMech_Toilet_MetallRough_Skin4.uexp" 3397
"C:/UnrealProjects/DedicatedProject/Content/Fab/SciFi_ToiletMech/Texture/Skin1/T_SciFi_ToiletMech_Toilet_Normal_Skin1.ubulk" 3398
"C:/UnrealProjects/DedicatedProject/Content/Fab/SciFi_ToiletMech/Texture/Skin1/T_SciFi_ToiletMech_Toilet_Normal_Skin1.uasset" 3399
"C:/UnrealProjects/DedicatedProject/Content/Fab/SciFi_ToiletMech/Texture/Skin1/T_SciFi_ToiletMech_Toilet_Normal_Skin1.uexp" 3400
"C:/UnrealProjects/DedicatedProject/Content/Fab/SciFi_ToiletMech/Materials/M_SciFi_ToiletMech_Toilet_Skin4.uasset" 3401
"C:/UnrealProjects/DedicatedProject/Content/Fab/SciFi_ToiletMech/Materials/M_SciFi_ToiletMech_Toilet_Skin4.uexp" 3402
"C:/UnrealProjects/DedicatedProject/Content/Fab/SciFi_ToiletMech/Materials/MI_SciFi_ToiletMech_Toilet_Skin4_Inst.uasset" 3403
"C:/UnrealProjects/DedicatedProject/Content/Fab/SciFi_ToiletMech/Materials/MI_SciFi_ToiletMech_Toilet_Skin4_Inst.uexp" 3404
"C:/UnrealProjects/DedicatedProject/Content/Fab/SciFi_ToiletMech/Mesh/SK_SciFi_ToiletMech_Skin4.uasset" 3405
"C:/UnrealProjects/DedicatedProject/Content/Fab/SciFi_ToiletMech/Mesh/SK_SciFi_ToiletMech_Skin4.uexp" 3406
"../../../Engine/Plugins/NNE/NNEDenoiser/Content/NNE_oidn2-3-0_rt_hdr_calb_cnrm_large__dyn__fp16_opset11_ForwardAlpha.uasset" 3407
"../../../Engine/Plugins/NNE/NNEDenoiser/Content/NNE_oidn2-3-0_rt_hdr_calb_cnrm_large__dyn__fp16_opset11_ForwardAlpha.uexp" 3408
"../../../Engine/Plugins/NNE/NNEDenoiser/Content/NNE_oidn2-3-0_rt_hdr_calb_cnrm_large__dyn__fp16_opset11_DenoiseAlpha.uasset" 3409
"../../../Engine/Plugins/NNE/NNEDenoiser/Content/NNE_oidn2-3-0_rt_hdr_calb_cnrm_large__dyn__fp16_opset11_DenoiseAlpha.uexp" 3410
"../../../Engine/Plugins/NNE/NNEDenoiser/Content/NNE_oidn2-3-0_rt_hdr_alb_nrm__dyn__fp16_opset11_ForwardAlpha.uasset" 3411
"../../../Engine/Plugins/NNE/NNEDenoiser/Content/NNE_oidn2-3-0_rt_hdr_alb_nrm__dyn__fp16_opset11_ForwardAlpha.uexp" 3412
"../../../Engine/Plugins/NNE/NNEDenoiser/Content/NNE_oidn2-3-0_rt_hdr_alb_nrm__dyn__fp16_opset11_DenoiseAlpha.uasset" 3413
"../../../Engine/Plugins/NNE/NNEDenoiser/Content/NNE_oidn2-3-0_rt_hdr_alb_nrm__dyn__fp16_opset11_DenoiseAlpha.uexp" 3414
"../../../Engine/Plugins/NNE/NNEDenoiser/Content/NNE_oidn2-3-0_rt_hdr_alb_nrm_small__dyn__fp16_opset11_ForwardAlpha.uasset" 3415
"../../../Engine/Plugins/NNE/NNEDenoiser/Content/NNE_oidn2-3-0_rt_hdr_alb_nrm_small__dyn__fp16_opset11_ForwardAlpha.uexp" 3416
"../../../Engine/Plugins/NNE/NNEDenoiser/Content/NNE_oidn2-3-0_rt_hdr_alb_nrm_small__dyn__fp16_opset11_DenoiseAlpha.uasset" 3417
"../../../Engine/Plugins/NNE/NNEDenoiser/Content/NNE_oidn2-3-0_rt_hdr_alb_nrm_small__dyn__fp16_opset11_DenoiseAlpha.uexp" 3418
"C:/UnrealProjects/DedicatedProject/Content/Inputs/IA_ItemSlot1.uasset" 3419
"C:/UnrealProjects/DedicatedProject/Content/Inputs/IA_ItemSlot1.uexp" 3420
"C:/UnrealProjects/DedicatedProject/Content/Inputs/IA_ItemSlot4.uasset" 3421
"C:/UnrealProjects/DedicatedProject/Content/Inputs/IA_ItemSlot4.uexp" 3422
"C:/UnrealProjects/DedicatedProject/Content/Inputs/IA_ItemSlot2.uasset" 3423
"C:/UnrealProjects/DedicatedProject/Content/Inputs/IA_ItemSlot2.uexp" 3424
"C:/UnrealProjects/DedicatedProject/Content/Inputs/IA_ItemSlot5.uasset" 3425
"C:/UnrealProjects/DedicatedProject/Content/Inputs/IA_ItemSlot5.uexp" 3426
"C:/UnrealProjects/DedicatedProject/Content/Inputs/IA_ItemSlot3.uasset" 3427
"C:/UnrealProjects/DedicatedProject/Content/Inputs/IA_ItemSlot3.uexp" 3428
"C:/UnrealProjects/DedicatedProject/Content/Inputs/IA_ItemSlot6.uasset" 3429
"C:/UnrealProjects/DedicatedProject/Content/Inputs/IA_ItemSlot6.uexp" 3430
"C:/UnrealProjects/DedicatedProject/Content/Inputs/IMC_Inventory.uasset" 3431
"C:/UnrealProjects/DedicatedProject/Content/Inputs/IMC_Inventory.uexp" 3432
"../../../Engine/Plugins/Animation/DeformerGraph/Content/Deformers/DG_LinearBlendSkin_Morph_Cloth_RecomputeNormals.uasset" 3433
"../../../Engine/Plugins/Animation/DeformerGraph/Content/Deformers/DG_LinearBlendSkin_Morph_Cloth_RecomputeNormals.uexp" 3434
"../../../Engine/Plugins/Animation/DeformerGraph/Content/Deformers/DG_LinearBlendSkin_Morph_Cloth.uasset" 3435
"../../../Engine/Plugins/Animation/DeformerGraph/Content/Deformers/DG_LinearBlendSkin_Morph_Cloth.uexp" 3436
"../../../Engine/Plugins/Animation/DeformerGraph/Content/DeformerFunctions/DG_Function_LinearBlendSkin_Morph_Cloth_PositionOnly.uasset" 3437
"../../../Engine/Plugins/Animation/DeformerGraph/Content/DeformerFunctions/DG_Function_LinearBlendSkin_Morph_Cloth_PositionOnly.uexp" 3438
"../../../Engine/Plugins/Animation/DeformerGraph/Content/DeformerFunctions/DG_Function_LinearBlendSkin_Morph_Cloth.uasset" 3439
"../../../Engine/Plugins/Animation/DeformerGraph/Content/DeformerFunctions/DG_Function_LinearBlendSkin_Morph_Cloth.uexp" 3440
"../../../Engine/Plugins/Animation/DeformerGraph/Content/DeformerFunctions/DG_Function_ComputeNormalsTangents.uasset" 3441
"../../../Engine/Plugins/Animation/DeformerGraph/Content/DeformerFunctions/DG_Function_ComputeNormalsTangents.uexp" 3442
"../../../Engine/Content/Functions/Engine_MaterialFunctions02/SplitComponents.uasset" 3443
"../../../Engine/Content/Functions/Engine_MaterialFunctions02/SplitComponents.uexp" 3444
"../../../Engine/Content/EngineResources/LandscapeVisibilityLayerInfo.uasset" 3445
"../../../Engine/Content/EngineResources/LandscapeVisibilityLayerInfo.uexp" 3446
"C:/UnrealProjects/DedicatedProject/Content/BluePrints/UI/WB_InventorySlot.uasset" 3447
"C:/UnrealProjects/DedicatedProject/Content/BluePrints/UI/WB_InventorySlot.uexp" 3448
"C:/UnrealProjects/DedicatedProject/Content/Asset/UI/Inventory_Item_Space.uasset" 3449
"C:/UnrealProjects/DedicatedProject/Content/Asset/UI/Inventory_Item_Space.uexp" 3450
"C:/UnrealProjects/DedicatedProject/Content/BluePrints/UI/WB_Inventory.uasset" 3451
"C:/UnrealProjects/DedicatedProject/Content/BluePrints/UI/WB_Inventory.uexp" 3452
"C:/UnrealProjects/DedicatedProject/Content/BluePrints/UI/WB_HPbar.uasset" 3453
"C:/UnrealProjects/DedicatedProject/Content/BluePrints/UI/WB_HPbar.uexp" 3454
"C:/UnrealProjects/DedicatedProject/Content/Asset/UI/Fuel_Hologram.uasset" 3455
"C:/UnrealProjects/DedicatedProject/Content/Asset/UI/Fuel_Hologram.uexp" 3456
"C:/UnrealProjects/DedicatedProject/Content/BluePrints/UI/WB_FuelWidget.uasset" 3457
"C:/UnrealProjects/DedicatedProject/Content/BluePrints/UI/WB_FuelWidget.uexp" 3458
"../../../Engine/Plugins/NNE/NNEDenoiser/Content/NNED_Oidn2-3_HighQuality_Alpha.uasset" 3459
"../../../Engine/Plugins/NNE/NNEDenoiser/Content/NNED_Oidn2-3_HighQuality_Alpha.uexp" 3460
"../../../Engine/Plugins/NNE/NNEDenoiser/Content/NNED_Oidn2-3_HighQuality.uasset" 3461
"../../../Engine/Plugins/NNE/NNEDenoiser/Content/NNED_Oidn2-3_HighQuality.uexp" 3462
"../../../Engine/Plugins/NNE/NNEDenoiser/Content/NNED_Oidn2-3_Fast_Alpha.uasset" 3463
"../../../Engine/Plugins/NNE/NNEDenoiser/Content/NNED_Oidn2-3_Fast_Alpha.uexp" 3464
"../../../Engine/Plugins/NNE/NNEDenoiser/Content/NNED_Oidn2-3_Fast.uasset" 3465
"../../../Engine/Plugins/NNE/NNEDenoiser/Content/NNED_Oidn2-3_Fast.uexp" 3466
"../../../Engine/Plugins/NNE/NNEDenoiser/Content/NNED_Oidn2-3_Balanced_Alpha.uasset" 3467
"../../../Engine/Plugins/NNE/NNEDenoiser/Content/NNED_Oidn2-3_Balanced_Alpha.uexp" 3468
"../../../Engine/Plugins/NNE/NNEDenoiser/Content/NNED_Oidn2-3_Balanced.uasset" 3469
"../../../Engine/Plugins/NNE/NNEDenoiser/Content/NNED_Oidn2-3_Balanced.uexp" 3470
"../../../Engine/Plugins/NNE/NNEDenoiser/Content/NNEDT_Oidn2-3_Balanced_Alpha.uasset" 3471
"../../../Engine/Plugins/NNE/NNEDenoiser/Content/NNEDT_Oidn2-3_Balanced_Alpha.uexp" 3472
"../../../Engine/Plugins/NNE/NNEDenoiser/Content/NNEDT_Oidn2-3_Balanced.uasset" 3473
"../../../Engine/Plugins/NNE/NNEDenoiser/Content/NNEDT_Oidn2-3_Balanced.uexp" 3474
"../../../Engine/Content/EngineMaterials/BlendFunc_DefBlend.uasset" 3475
"../../../Engine/Content/EngineMaterials/BlendFunc_DefBlend.uexp" 3476
"../../../Engine/Content/OpenWorldTemplate/LandscapeMaterial/T_GridChecker_A.ubulk" 3477
"../../../Engine/Content/OpenWorldTemplate/LandscapeMaterial/T_GridChecker_A.uasset" 3478
"../../../Engine/Content/OpenWorldTemplate/LandscapeMaterial/T_GridChecker_A.uexp" 3479
"../../../Engine/Content/EngineMaterials/BlendFunc_DefBase.uasset" 3480
"../../../Engine/Content/EngineMaterials/BlendFunc_DefBase.uexp" 3481
"../../../Engine/Content/Functions/Engine_MaterialFunctions03/Blends/Blend_Overlay.uasset" 3482
"../../../Engine/Content/Functions/Engine_MaterialFunctions03/Blends/Blend_Overlay.uexp" 3483
"../../../Engine/Content/Functions/Engine_MaterialFunctions01/Gradient/LinearGradient.uasset" 3484
"../../../Engine/Content/Functions/Engine_MaterialFunctions01/Gradient/LinearGradient.uexp" 3485
"../../../Engine/Content/Functions/Engine_MaterialFunctions01/ImageAdjustment/CheapContrast.uasset" 3486
"../../../Engine/Content/Functions/Engine_MaterialFunctions01/ImageAdjustment/CheapContrast.uexp" 3487
"../../../Engine/Content/OpenWorldTemplate/LandscapeMaterial/MF_ProcGrid.uasset" 3488
"../../../Engine/Content/OpenWorldTemplate/LandscapeMaterial/MF_ProcGrid.uexp" 3489
"../../../Engine/Content/OpenWorldTemplate/LandscapeMaterial/M_ProcGrid.uasset" 3490
"../../../Engine/Content/OpenWorldTemplate/LandscapeMaterial/M_ProcGrid.uexp" 3491
"../../../Engine/Content/OpenWorldTemplate/LandscapeMaterial/MI_ProcGrid.uasset" 3492
"../../../Engine/Content/OpenWorldTemplate/LandscapeMaterial/MI_ProcGrid.uexp" 3493
"../../../Engine/Content/EngineSky/T_Sky_Stars.ubulk" 3494
"../../../Engine/Content/EngineSky/T_Sky_Stars.uasset" 3495
"../../../Engine/Content/EngineSky/T_Sky_Stars.uexp" 3496
"../../../Engine/Content/EngineSky/T_Sky_Clouds_M.ubulk" 3497
"../../../Engine/Content/EngineSky/T_Sky_Clouds_M.uasset" 3498
"../../../Engine/Content/EngineSky/T_Sky_Clouds_M.uexp" 3499
"../../../Engine/Content/EngineSky/T_Sky_Blue.ubulk" 3500
"../../../Engine/Content/EngineSky/T_Sky_Blue.uasset" 3501
"../../../Engine/Content/EngineSky/T_Sky_Blue.uexp" 3502
"../../../Engine/Content/EngineSky/M_Sky_Panning_Clouds2.uasset" 3503
"../../../Engine/Content/EngineSky/M_Sky_Panning_Clouds2.uexp" 3504
"../../../Engine/Content/EngineSky/SM_SkySphere.ubulk" 3505
"../../../Engine/Content/EngineSky/SM_SkySphere.uasset" 3506
"../../../Engine/Content/EngineSky/SM_SkySphere.uexp" 3507
"../../../Engine/Content/MapTemplates/SM_Template_Map_Floor.ubulk" 3508
"../../../Engine/Content/MapTemplates/SM_Template_Map_Floor.uasset" 3509
"../../../Engine/Content/MapTemplates/SM_Template_Map_Floor.uexp" 3510
"C:/UnrealProjects/DedicatedProject/Content/BluePrints/MainMenu/Widget/WB_SessionItemRenderer1.uasset" 3511
"C:/UnrealProjects/DedicatedProject/Content/BluePrints/MainMenu/Widget/WB_SessionItemRenderer1.uexp" 3512
"C:/UnrealProjects/DedicatedProject/Content/BluePrints/MainMenu/Widget/WB_FindSessions1.uasset" 3513
"C:/UnrealProjects/DedicatedProject/Content/BluePrints/MainMenu/Widget/WB_FindSessions1.uexp" 3514
"C:/UnrealProjects/DedicatedProject/Content/BluePrints/MainMenu/Widget/WB_CreateSession.uasset" 3515
"C:/UnrealProjects/DedicatedProject/Content/BluePrints/MainMenu/Widget/WB_CreateSession.uexp" 3516
"C:/UnrealProjects/DedicatedProject/Content/BluePrints/MainMenu/Widget/WB_MainMenu.uasset" 3517
"C:/UnrealProjects/DedicatedProject/Content/BluePrints/MainMenu/Widget/WB_MainMenu.uexp" 3518
"C:/UnrealProjects/DedicatedProject/Content/BluePrints/MainMenu/BP_MainMenuPawn.uasset" 3519
"C:/UnrealProjects/DedicatedProject/Content/BluePrints/MainMenu/BP_MainMenuPawn.uexp" 3520
"C:/UnrealProjects/DedicatedProject/Content/BluePrints/MainMenu/BP_MainMenuGameMode.uasset" 3521
"C:/UnrealProjects/DedicatedProject/Content/BluePrints/MainMenu/BP_MainMenuGameMode.uexp" 3522
"../../../Engine/Content/EngineSky/M_SimpleSkyDome.uasset" 3523
"../../../Engine/Content/EngineSky/M_SimpleSkyDome.uexp" 3524
"C:/UnrealProjects/DedicatedProject/Content/Maps/MainMenu.uexp" 3525
"C:/UnrealProjects/DedicatedProject/Content/Maps/MainMenu.umap" 3526
"C:/UnrealProjects/DedicatedProject/Content/Maps/InGameMap1.uexp" 3527
"C:/UnrealProjects/DedicatedProject/Content/Maps/InGameMap1.umap" 3528
"../../../Engine/Content/BasicShapes/Cube.ubulk" 3529
"../../../Engine/Content/BasicShapes/Cube.uasset" 3530
"../../../Engine/Content/BasicShapes/Cube.uexp" 3531
"../../../Engine/Content/BasicShapes/BasicShapeMaterial.uasset" 3532
"../../../Engine/Content/BasicShapes/BasicShapeMaterial.uexp" 3533
"C:/UnrealProjects/DedicatedProject/Content/Maps/Lobby.uexp" 3534
"C:/UnrealProjects/DedicatedProject/Content/Maps/Lobby.umap" 3535
