"../../../Engine/Plugins/Animation/ACLPlugin/Content/ACLAnimCurveCompressionSettings.uasset" 0
"../../../Engine/Plugins/Animation/ACLPlugin/Content/ACLAnimCurveCompressionSettings.uexp" 1
"../../../Engine/Plugins/Animation/ACLPlugin/Content/ACLAnimBoneCompressionSettings.uasset" 2
"../../../Engine/Plugins/Animation/ACLPlugin/Content/ACLAnimBoneCompressionSettings.uexp" 3
"../../../Engine/Plugins/2D/Paper2D/Content/PlaceholderTextures/DummySpriteTexture.uasset" 4
"../../../Engine/Plugins/2D/Paper2D/Content/PlaceholderTextures/DummySpriteTexture.uexp" 5
"../../../Engine/Plugins/2D/Paper2D/Content/DummySprite.uasset" 6
"../../../Engine/Plugins/2D/Paper2D/Content/DummySprite.uexp" 7
"../../../Engine/Plugins/2D/Paper2D/Content/DefaultPaperTerrainMaterial.uasset" 8
"../../../Engine/Plugins/2D/Paper2D/Content/DefaultPaperTerrainMaterial.uexp" 9
"F:/unreal/DedicatedProject/Content/AI/BB_PECharacter.uasset" 10
"F:/unreal/DedicatedProject/Content/AI/BB_PECharacter.uexp" 11
"F:/unreal/DedicatedProject/Content/AI/BT_PECharacter.uasset" 12
"F:/unreal/DedicatedProject/Content/AI/BT_PECharacter.uexp" 13
"../../../Engine/Plugins/Interchange/Runtime/Content/Pipelines/DefaultTexturePipeline.uasset" 14
"../../../Engine/Plugins/Interchange/Runtime/Content/Pipelines/DefaultTexturePipeline.uexp" 15
"../../../Engine/Plugins/Interchange/Runtime/Content/Pipelines/DefaultSceneLevelPipeline.uasset" 16
"../../../Engine/Plugins/Interchange/Runtime/Content/Pipelines/DefaultSceneLevelPipeline.uexp" 17
"../../../Engine/Plugins/Interchange/Runtime/Content/Pipelines/DefaultSceneAssetsPipeline.uasset" 18
"../../../Engine/Plugins/Interchange/Runtime/Content/Pipelines/DefaultSceneAssetsPipeline.uexp" 19
"../../../Engine/Plugins/Interchange/Runtime/Content/Pipelines/DefaultMaterialXPipeline.uasset" 20
"../../../Engine/Plugins/Interchange/Runtime/Content/Pipelines/DefaultMaterialXPipeline.uexp" 21
"../../../Engine/Plugins/Interchange/Runtime/Content/Pipelines/DefaultMaterialPipeline.uasset" 22
"../../../Engine/Plugins/Interchange/Runtime/Content/Pipelines/DefaultMaterialPipeline.uexp" 23
"../../../Engine/Plugins/Interchange/Runtime/Content/Pipelines/DefaultGLTFSceneAssetsPipeline.uasset" 24
"../../../Engine/Plugins/Interchange/Runtime/Content/Pipelines/DefaultGLTFSceneAssetsPipeline.uexp" 25
"../../../Engine/Plugins/Interchange/Runtime/Content/Pipelines/DefaultGLTFPipeline.uasset" 26
"../../../Engine/Plugins/Interchange/Runtime/Content/Pipelines/DefaultGLTFPipeline.uexp" 27
"../../../Engine/Plugins/Interchange/Runtime/Content/Pipelines/DefaultGLTFAssetsPipeline.uasset" 28
"../../../Engine/Plugins/Interchange/Runtime/Content/Pipelines/DefaultGLTFAssetsPipeline.uexp" 29
"../../../Engine/Plugins/Interchange/Runtime/Content/Pipelines/DefaultAssetsPipeline.uasset" 30
"../../../Engine/Plugins/Interchange/Runtime/Content/Pipelines/DefaultAssetsPipeline.uexp" 31
"../../../Engine/Plugins/Animation/ControlRig/Content/Controls/DefaultGizmoLibraryNormalized.uasset" 32
"../../../Engine/Plugins/Animation/ControlRig/Content/Controls/DefaultGizmoLibraryNormalized.uexp" 33
"../../../Engine/Content/EngineSounds/Master.uasset" 34
"../../../Engine/Content/EngineSounds/Master.uexp" 35
"../../../Engine/Content/EngineMaterials/DefaultPhysicalMaterial.uasset" 36
"../../../Engine/Content/EngineMaterials/DefaultPhysicalMaterial.uexp" 37
"../../../Engine/Content/EngineMaterials/DefaultDestructiblePhysicalMaterial.uasset" 38
"../../../Engine/Content/EngineMaterials/DefaultDestructiblePhysicalMaterial.uexp" 39
"../../../Engine/Content/EngineFonts/Faces/RobotoLight.uexp" 40
"../../../Engine/Content/EngineFonts/Faces/RobotoLight.uasset" 41
"../../../Engine/Content/EngineFonts/Faces/RobotoLight.ufont" 42
"../../../Engine/Content/EngineFonts/Faces/RobotoBold.uexp" 43
"../../../Engine/Content/EngineFonts/Faces/RobotoBold.uasset" 44
"../../../Engine/Content/EngineFonts/Faces/RobotoBold.ufont" 45
"../../../Engine/Content/EngineFonts/Faces/RobotoRegular.uexp" 46
"../../../Engine/Content/EngineFonts/Faces/RobotoRegular.uasset" 47
"../../../Engine/Content/EngineFonts/Faces/RobotoRegular.ufont" 48
"../../../Engine/Content/EngineFonts/Faces/DroidSansFallback.uexp" 49
"../../../Engine/Content/EngineFonts/Faces/DroidSansFallback.uasset" 50
"../../../Engine/Content/EngineFonts/Faces/DroidSansFallback.ufont" 51
"../../../Engine/Content/EngineFonts/Faces/RobotoItalic.uexp" 52
"../../../Engine/Content/EngineFonts/Faces/RobotoItalic.uasset" 53
"../../../Engine/Content/EngineFonts/Faces/RobotoItalic.ufont" 54
"../../../Engine/Content/EngineFonts/Faces/RobotoBoldItalic.uexp" 55
"../../../Engine/Content/EngineFonts/Faces/RobotoBoldItalic.uasset" 56
"../../../Engine/Content/EngineFonts/Faces/RobotoBoldItalic.ufont" 57
"../../../Engine/Content/Animation/DefaultRecorderBoneCompression.uasset" 58
"../../../Engine/Content/Animation/DefaultRecorderBoneCompression.uexp" 59
"../../../Engine/Content/MobileResources/HUD/VirtualJoystick_Background.uasset" 60
"../../../Engine/Content/MobileResources/HUD/VirtualJoystick_Background.uexp" 61
"../../../Engine/Content/MobileResources/HUD/VirtualJoystick_Thumb.uasset" 62
"../../../Engine/Content/MobileResources/HUD/VirtualJoystick_Thumb.uexp" 63
"../../../Engine/Content/MobileResources/HUD/DefaultVirtualJoysticks.uasset" 64
"../../../Engine/Content/MobileResources/HUD/DefaultVirtualJoysticks.uexp" 65
"../../../Engine/Content/EditorResources/S_Actor.uasset" 66
"../../../Engine/Content/EditorResources/S_Actor.uexp" 67
"../../../Engine/Content/Animation/DefaultAnimCurveCompressionSettings.uasset" 68
"../../../Engine/Content/Animation/DefaultAnimCurveCompressionSettings.uexp" 69
"../../../Engine/Content/Animation/DefaultVariableFrameStrippingSettings.uasset" 70
"../../../Engine/Content/Animation/DefaultVariableFrameStrippingSettings.uexp" 71
"../../../Engine/Content/Animation/DefaultAnimBoneCompressionSettings.uasset" 72
"../../../Engine/Content/Animation/DefaultAnimBoneCompressionSettings.uexp" 73
"F:/unreal/DedicatedProject/Content/Characters/Mannequin_UE4/Meshes/SK_Mannequin_Skeleton.uasset" 74
"F:/unreal/DedicatedProject/Content/Characters/Mannequin_UE4/Meshes/SK_Mannequin_Skeleton.uexp" 75
"F:/unreal/DedicatedProject/Content/Retargetting/MF_Idle.uasset" 76
"F:/unreal/DedicatedProject/Content/Retargetting/MF_Idle.uexp" 77
"F:/unreal/DedicatedProject/Content/Retargetting/MM_Jump.uasset" 78
"F:/unreal/DedicatedProject/Content/Retargetting/MM_Jump.uexp" 79
"F:/unreal/DedicatedProject/Content/Retargetting/MM_T_Pose.uasset" 80
"F:/unreal/DedicatedProject/Content/Retargetting/MM_T_Pose.uexp" 81
"F:/unreal/DedicatedProject/Content/Retargetting/MM_Run_Fwd.uasset" 82
"F:/unreal/DedicatedProject/Content/Retargetting/MM_Run_Fwd.uexp" 83
"F:/unreal/DedicatedProject/Content/Retargetting/MM_Fall_Loop.uasset" 84
"F:/unreal/DedicatedProject/Content/Retargetting/MM_Fall_Loop.uexp" 85
"F:/unreal/DedicatedProject/Content/Retargetting/MF_Walk_Fwd.uasset" 86
"F:/unreal/DedicatedProject/Content/Retargetting/MF_Walk_Fwd.uexp" 87
"F:/unreal/DedicatedProject/Content/BluePrints/AB_AnimBlueprint.uasset" 88
"F:/unreal/DedicatedProject/Content/BluePrints/AB_AnimBlueprint.uexp" 89
"F:/unreal/DedicatedProject/Content/Inputs/IA_Turn.uasset" 90
"F:/unreal/DedicatedProject/Content/Inputs/IA_Turn.uexp" 91
"F:/unreal/DedicatedProject/Content/Inputs/IA_PlayerJump.uasset" 92
"F:/unreal/DedicatedProject/Content/Inputs/IA_PlayerJump.uexp" 93
"F:/unreal/DedicatedProject/Content/Inputs/IA_LookUp.uasset" 94
"F:/unreal/DedicatedProject/Content/Inputs/IA_LookUp.uexp" 95
"F:/unreal/DedicatedProject/Content/Inputs/IA_Sprint.uasset" 96
"F:/unreal/DedicatedProject/Content/Inputs/IA_Sprint.uexp" 97
"F:/unreal/DedicatedProject/Content/BluePrints/DT_CharacterStats.uasset" 98
"F:/unreal/DedicatedProject/Content/BluePrints/DT_CharacterStats.uexp" 99
"F:/unreal/DedicatedProject/Content/Inputs/IA_PlayerMove.uasset" 100
"F:/unreal/DedicatedProject/Content/Inputs/IA_PlayerMove.uexp" 101
"F:/unreal/DedicatedProject/Content/Inputs/IMC_ProjectPlayer.uasset" 102
"F:/unreal/DedicatedProject/Content/Inputs/IMC_ProjectPlayer.uexp" 103
"F:/unreal/DedicatedProject/Content/BluePrints/BP_ProjectPlayer.uasset" 104
"F:/unreal/DedicatedProject/Content/BluePrints/BP_ProjectPlayer.uexp" 105
"../../../Engine/Plugins/Runtime/AudioWidgets/Content/Resources/ScrubHandleDown_Clamped.uasset" 106
"../../../Engine/Plugins/Runtime/AudioWidgets/Content/Resources/ScrubHandleDown_Clamped.uexp" 107
"../../../Engine/Content/EngineResources/GradientTexture0.uasset" 108
"../../../Engine/Content/EngineResources/GradientTexture0.uexp" 109
"../../../Engine/Content/EngineResources/DefaultTexture.uasset" 110
"../../../Engine/Content/EngineResources/DefaultTexture.uexp" 111
"../../../Engine/Content/EngineResources/Black.uasset" 112
"../../../Engine/Content/EngineResources/Black.uexp" 113
"../../../Engine/Content/EngineMaterials/PreintegratedSkinBRDF.uasset" 114
"../../../Engine/Content/EngineMaterials/PreintegratedSkinBRDF.uexp" 115
"../../../Engine/Content/EngineMaterials/MiniFont.uasset" 116
"../../../Engine/Content/EngineMaterials/MiniFont.uexp" 117
"../../../Engine/Content/EngineMaterials/FastBlueNoise_vec2_128x128x64.uasset" 118
"../../../Engine/Content/EngineMaterials/FastBlueNoise_vec2_128x128x64.uexp" 119
"../../../Engine/Content/EngineMaterials/FastBlueNoise_scalar_128x128x64.uasset" 120
"../../../Engine/Content/EngineMaterials/FastBlueNoise_scalar_128x128x64.uexp" 121
"../../../Engine/Content/EngineMaterials/DefaultWhiteGrid.uasset" 122
"../../../Engine/Content/EngineMaterials/DefaultWhiteGrid.uexp" 123
"../../../Engine/Content/EngineMaterials/DefaultBokeh.uasset" 124
"../../../Engine/Content/EngineMaterials/DefaultBokeh.uexp" 125
"../../../Engine/Content/EngineMaterials/DefaultBloomKernel.uasset" 126
"../../../Engine/Content/EngineMaterials/DefaultBloomKernel.uexp" 127
"../../../Engine/Content/EngineDamageTypes/DmgTypeBP_Environmental.uasset" 128
"../../../Engine/Content/EngineDamageTypes/DmgTypeBP_Environmental.uexp" 129
"../../../Engine/Content/EditorResources/S_TriggerSphere.uasset" 130
"../../../Engine/Content/EditorResources/S_TriggerSphere.uexp" 131
"../../../Engine/Content/EditorResources/S_TriggerCapsule.uasset" 132
"../../../Engine/Content/EditorResources/S_TriggerCapsule.uexp" 133
"../../../Engine/Content/EditorResources/S_TriggerBox.uasset" 134
"../../../Engine/Content/EditorResources/S_TriggerBox.uexp" 135
"../../../Engine/Content/EditorResources/S_Trigger.uasset" 136
"../../../Engine/Content/EditorResources/S_Trigger.uexp" 137
"../../../Engine/Content/EditorResources/S_Terrain.uasset" 138
"../../../Engine/Content/EditorResources/S_Terrain.uexp" 139
"../../../Engine/Content/EditorResources/S_Solver.uasset" 140
"../../../Engine/Content/EditorResources/S_Solver.uexp" 141
"../../../Engine/Content/EditorResources/S_BoxReflectionCapture.uasset" 142
"../../../Engine/Content/EditorResources/S_BoxReflectionCapture.uexp" 143
"../../../Engine/Content/EditorResources/EmptyActor.uasset" 144
"../../../Engine/Content/EditorResources/EmptyActor.uexp" 145
"../../../Engine/Content/EditorResources/BSPVertex.uasset" 146
"../../../Engine/Content/EditorResources/BSPVertex.uexp" 147
"../../../Engine/Content/EditorLandscapeResources/DefaultAlphaTexture.uasset" 148
"../../../Engine/Content/EditorLandscapeResources/DefaultAlphaTexture.uexp" 149
"../../../Engine/Content/EngineMaterials/T_Default_Material_Grid_M.uasset" 150
"../../../Engine/Content/EngineMaterials/T_Default_Material_Grid_M.uexp" 151
"../../../Engine/Content/EngineMaterials/T_Default_Material_Grid_N.uasset" 152
"../../../Engine/Content/EngineMaterials/T_Default_Material_Grid_N.uexp" 153
"../../../Engine/Content/Functions/Engine_MaterialFunctions01/Opacity/CameraDepthFade.uasset" 154
"../../../Engine/Content/Functions/Engine_MaterialFunctions01/Opacity/CameraDepthFade.uexp" 155
"../../../Engine/Content/EngineMaterials/WorldGridMaterial.uasset" 156
"../../../Engine/Content/EngineMaterials/WorldGridMaterial.uexp" 157
"../../../Engine/Content/BasicShapes/Plane.uasset" 158
"../../../Engine/Content/BasicShapes/Plane.uexp" 159
"../../../Engine/Content/BasicShapes/BasicShapeMaterial.uasset" 160
"../../../Engine/Content/BasicShapes/BasicShapeMaterial.uexp" 161
"F:/unreal/DedicatedProject/Content/Asset/HomeMade/BP_Test4.uasset" 162
"F:/unreal/DedicatedProject/Content/Asset/HomeMade/BP_Test4.uexp" 163
"F:/unreal/DedicatedProject/Content/Asset/HomeMade/BP_Test3.uasset" 164
"F:/unreal/DedicatedProject/Content/Asset/HomeMade/BP_Test3.uexp" 165
"F:/unreal/DedicatedProject/Content/Asset/HomeMade/BP_Test2_1.uasset" 166
"F:/unreal/DedicatedProject/Content/Asset/HomeMade/BP_Test2_1.uexp" 167
"F:/unreal/DedicatedProject/Content/Asset/HomeMade/BP_Test1.uasset" 168
"F:/unreal/DedicatedProject/Content/Asset/HomeMade/BP_Test1.uexp" 169
"F:/unreal/DedicatedProject/Content/Asset/StarterBundle/ModularSci_Comm/Materials/M_Base_SolidLight.uasset" 170
"F:/unreal/DedicatedProject/Content/Asset/StarterBundle/ModularSci_Comm/Materials/M_Base_SolidLight.uexp" 171
"F:/unreal/DedicatedProject/Content/Asset/StarterBundle/ModularSci_Comm/Materials/MI_Light_White.uasset" 172
"F:/unreal/DedicatedProject/Content/Asset/StarterBundle/ModularSci_Comm/Materials/MI_Light_White.uexp" 173
"F:/unreal/DedicatedProject/Content/Asset/StarterBundle/ModularSci_Comm/Textures/Base/T_Base.uasset" 174
"F:/unreal/DedicatedProject/Content/Asset/StarterBundle/ModularSci_Comm/Textures/Base/T_Base.uexp" 175
"F:/unreal/DedicatedProject/Content/Asset/StarterBundle/ModularSci_Comm/Textures/T_Metal_Brushed_N.uasset" 176
"F:/unreal/DedicatedProject/Content/Asset/StarterBundle/ModularSci_Comm/Textures/T_Metal_Brushed_N.uexp" 177
"../../../Engine/Content/EngineDebugMaterials/HeatmapGradient.uasset" 178
"../../../Engine/Content/EngineDebugMaterials/HeatmapGradient.uexp" 179
"../../../Engine/Content/Functions/Engine_MaterialFunctions01/ImageAdjustment/CheapContrast_RGB.uasset" 180
"../../../Engine/Content/Functions/Engine_MaterialFunctions01/ImageAdjustment/CheapContrast_RGB.uexp" 181
"F:/unreal/DedicatedProject/Content/Asset/StarterBundle/ModularSci_Comm/Textures/T_Trims_C_normals.uasset" 182
"F:/unreal/DedicatedProject/Content/Asset/StarterBundle/ModularSci_Comm/Textures/T_Trims_C_normals.uexp" 183
"F:/unreal/DedicatedProject/Content/Asset/StarterBundle/ModularSci_Comm/Textures/T_Metal_Brushed_M.uasset" 184
"F:/unreal/DedicatedProject/Content/Asset/StarterBundle/ModularSci_Comm/Textures/T_Metal_Brushed_M.uexp" 185
"F:/unreal/DedicatedProject/Content/Asset/StarterBundle/ModularSci_Comm/Textures/T_Trim_C_diffuse.uasset" 186
"F:/unreal/DedicatedProject/Content/Asset/StarterBundle/ModularSci_Comm/Textures/T_Trim_C_diffuse.uexp" 187
"F:/unreal/DedicatedProject/Content/Asset/StarterBundle/ModularSci_Comm/Textures/T_Trim_EdgeMask.uasset" 188
"F:/unreal/DedicatedProject/Content/Asset/StarterBundle/ModularSci_Comm/Textures/T_Trim_EdgeMask.uexp" 189
"F:/unreal/DedicatedProject/Content/Asset/StarterBundle/ModularSci_Comm/Materials/M_Base_Trim.uasset" 190
"F:/unreal/DedicatedProject/Content/Asset/StarterBundle/ModularSci_Comm/Materials/M_Base_Trim.uexp" 191
"F:/unreal/DedicatedProject/Content/Asset/StarterBundle/ModularSci_Comm/Materials/MI_Trims_C_Light.uasset" 192
"F:/unreal/DedicatedProject/Content/Asset/StarterBundle/ModularSci_Comm/Materials/MI_Trims_C_Light.uexp" 193
"F:/unreal/DedicatedProject/Content/Asset/StarterBundle/ModularSci_Comm/Textures/Base/T_Base_Dirt_2.uasset" 194
"F:/unreal/DedicatedProject/Content/Asset/StarterBundle/ModularSci_Comm/Textures/Base/T_Base_Dirt_2.uexp" 195
"F:/unreal/DedicatedProject/Content/Asset/StarterBundle/ModularSci_Comm/Materials/MI_Trims_C_FloorBlack.uasset" 196
"F:/unreal/DedicatedProject/Content/Asset/StarterBundle/ModularSci_Comm/Materials/MI_Trims_C_FloorBlack.uexp" 197
"F:/unreal/DedicatedProject/Content/Asset/StarterBundle/ModularSci_Comm/Meshes/SM_Wall_Border_B.uasset" 198
"F:/unreal/DedicatedProject/Content/Asset/StarterBundle/ModularSci_Comm/Meshes/SM_Wall_Border_B.uexp" 199
"F:/unreal/DedicatedProject/Content/Asset/StarterBundle/ModularScifiProps/Textures/T_Metal_Brushed_M.uasset" 200
"F:/unreal/DedicatedProject/Content/Asset/StarterBundle/ModularScifiProps/Textures/T_Metal_Brushed_M.uexp" 201
"F:/unreal/DedicatedProject/Content/Asset/StarterBundle/ModularScifiProps/Textures/T_Metal_Scratches_M.uasset" 202
"F:/unreal/DedicatedProject/Content/Asset/StarterBundle/ModularScifiProps/Textures/T_Metal_Scratches_M.uexp" 203
"F:/unreal/DedicatedProject/Content/Asset/StarterBundle/ModularScifiProps/Textures/T_Metal_Brushed_N.uasset" 204
"F:/unreal/DedicatedProject/Content/Asset/StarterBundle/ModularScifiProps/Textures/T_Metal_Brushed_N.uexp" 205
"F:/unreal/DedicatedProject/Content/Asset/StarterBundle/ModularScifiProps/Materials/M_SolidColor_Base.uasset" 206
"F:/unreal/DedicatedProject/Content/Asset/StarterBundle/ModularScifiProps/Materials/M_SolidColor_Base.uexp" 207
"F:/unreal/DedicatedProject/Content/Asset/StarterBundle/ModularScifiProps/Materials/MI_Coaster.uasset" 208
"F:/unreal/DedicatedProject/Content/Asset/StarterBundle/ModularScifiProps/Materials/MI_Coaster.uexp" 209
"F:/unreal/DedicatedProject/Content/Asset/StarterBundle/ModularScifiProps/Meshes/SM_Coaster.uasset" 210
"F:/unreal/DedicatedProject/Content/Asset/StarterBundle/ModularScifiProps/Meshes/SM_Coaster.uexp" 211
"F:/unreal/DedicatedProject/Content/Asset/StarterBundle/ModularSci_Comm/Materials/MI_Trims_C_Gray_Dirt.uasset" 212
"F:/unreal/DedicatedProject/Content/Asset/StarterBundle/ModularSci_Comm/Materials/MI_Trims_C_Gray_Dirt.uexp" 213
"F:/unreal/DedicatedProject/Content/Asset/StarterBundle/ModularSci_Comm/Textures/Decals/Normals/T_Indent_G_normals.uasset" 214
"F:/unreal/DedicatedProject/Content/Asset/StarterBundle/ModularSci_Comm/Textures/Decals/Normals/T_Indent_G_normals.uexp" 215
"F:/unreal/DedicatedProject/Content/Asset/StarterBundle/ModularSci_Comm/Materials/MI_Trims_C_FloorBlack_Det.uasset" 216
"F:/unreal/DedicatedProject/Content/Asset/StarterBundle/ModularSci_Comm/Materials/MI_Trims_C_FloorBlack_Det.uexp" 217
"F:/unreal/DedicatedProject/Content/Asset/StarterBundle/ModularSci_Comm/Materials/MI_Trims_C_LightGray.uasset" 218
"F:/unreal/DedicatedProject/Content/Asset/StarterBundle/ModularSci_Comm/Materials/MI_Trims_C_LightGray.uexp" 219
"F:/unreal/DedicatedProject/Content/Asset/StarterBundle/ModularSci_Comm/Textures/T_Hexagon.uasset" 220
"F:/unreal/DedicatedProject/Content/Asset/StarterBundle/ModularSci_Comm/Textures/T_Hexagon.uexp" 221
"F:/unreal/DedicatedProject/Content/Asset/StarterBundle/ModularSci_Comm/Textures/T_Metal_Scratches_M.uasset" 222
"F:/unreal/DedicatedProject/Content/Asset/StarterBundle/ModularSci_Comm/Textures/T_Metal_Scratches_M.uexp" 223
"F:/unreal/DedicatedProject/Content/Asset/StarterBundle/ModularSci_Comm/Materials/M_SolidColor_Base.uasset" 224
"F:/unreal/DedicatedProject/Content/Asset/StarterBundle/ModularSci_Comm/Materials/M_SolidColor_Base.uexp" 225
"F:/unreal/DedicatedProject/Content/Asset/StarterBundle/ModularSci_Comm/Materials/MI_Solid_Black.uasset" 226
"F:/unreal/DedicatedProject/Content/Asset/StarterBundle/ModularSci_Comm/Materials/MI_Solid_Black.uexp" 227
"F:/unreal/DedicatedProject/Content/Asset/StarterBundle/ModularSci_Comm/Meshes/SM_Floor_Window_C.uasset" 228
"F:/unreal/DedicatedProject/Content/Asset/StarterBundle/ModularSci_Comm/Meshes/SM_Floor_Window_C.uexp" 229
"F:/unreal/DedicatedProject/Content/Asset/StarterBundle/ModularSci_Comm/Meshes/SM_Floor_Window_D.uasset" 230
"F:/unreal/DedicatedProject/Content/Asset/StarterBundle/ModularSci_Comm/Meshes/SM_Floor_Window_D.uexp" 231
"F:/unreal/DedicatedProject/Content/Asset/StarterBundle/ModularScifiProps/Textures/T_CardReader_N_normals.uasset" 232
"F:/unreal/DedicatedProject/Content/Asset/StarterBundle/ModularScifiProps/Textures/T_CardReader_N_normals.uexp" 233
"F:/unreal/DedicatedProject/Content/Asset/StarterBundle/ModularScifiProps/Textures/T_CardReader_M.uasset" 234
"F:/unreal/DedicatedProject/Content/Asset/StarterBundle/ModularScifiProps/Textures/T_CardReader_M.uexp" 235
"F:/unreal/DedicatedProject/Content/Asset/StarterBundle/ModularScifiProps/Textures/T_CardReader_Diff.uasset" 236
"F:/unreal/DedicatedProject/Content/Asset/StarterBundle/ModularScifiProps/Textures/T_CardReader_Diff.uexp" 237
"F:/unreal/DedicatedProject/Content/Asset/StarterBundle/ModularScifiProps/Textures/T_LampEmissive.uasset" 238
"F:/unreal/DedicatedProject/Content/Asset/StarterBundle/ModularScifiProps/Textures/T_LampEmissive.uexp" 239
"F:/unreal/DedicatedProject/Content/Asset/StarterBundle/ModularScifiProps/Materials/M_Base_3C.uasset" 240
"F:/unreal/DedicatedProject/Content/Asset/StarterBundle/ModularScifiProps/Materials/M_Base_3C.uexp" 241
"F:/unreal/DedicatedProject/Content/Asset/StarterBundle/ModularScifiProps/Textures/T_AccessCard_M.uasset" 242
"F:/unreal/DedicatedProject/Content/Asset/StarterBundle/ModularScifiProps/Textures/T_AccessCard_M.uexp" 243
"F:/unreal/DedicatedProject/Content/Asset/StarterBundle/ModularScifiProps/Textures/T_AccessCard.uasset" 244
"F:/unreal/DedicatedProject/Content/Asset/StarterBundle/ModularScifiProps/Textures/T_AccessCard.uexp" 245
"F:/unreal/DedicatedProject/Content/Asset/StarterBundle/ModularScifiProps/Materials/MI_AccessCard.uasset" 246
"F:/unreal/DedicatedProject/Content/Asset/StarterBundle/ModularScifiProps/Materials/MI_AccessCard.uexp" 247
"F:/unreal/DedicatedProject/Content/Asset/StarterBundle/ModularScifiProps/Meshes/SM_AccessCard.uasset" 248
"F:/unreal/DedicatedProject/Content/Asset/StarterBundle/ModularScifiProps/Meshes/SM_AccessCard.uexp" 249
"F:/unreal/DedicatedProject/Content/Asset/StarterBundle/ModularSciFiMats/Textures/T_Metal_Brushed_M.uasset" 250
"F:/unreal/DedicatedProject/Content/Asset/StarterBundle/ModularSciFiMats/Textures/T_Metal_Brushed_M.uexp" 251
"F:/unreal/DedicatedProject/Content/Asset/StarterBundle/ModularSciFiMats/Textures/T_Wall_E_normals.uasset" 252
"F:/unreal/DedicatedProject/Content/Asset/StarterBundle/ModularSciFiMats/Textures/T_Wall_E_normals.uexp" 253
"F:/unreal/DedicatedProject/Content/Asset/StarterBundle/ModularSciFiMats/Textures/T_Wall_E_diff.uasset" 254
"F:/unreal/DedicatedProject/Content/Asset/StarterBundle/ModularSciFiMats/Textures/T_Wall_E_diff.uexp" 255
"F:/unreal/DedicatedProject/Content/Asset/StarterBundle/ModularSciFiMats/Textures/T_Metal_Brushed_N.uasset" 256
"F:/unreal/DedicatedProject/Content/Asset/StarterBundle/ModularSciFiMats/Textures/T_Metal_Brushed_N.uexp" 257
"F:/unreal/DedicatedProject/Content/Asset/StarterBundle/ModularSciFiMats/Textures/T_Wall_E_M.uasset" 258
"F:/unreal/DedicatedProject/Content/Asset/StarterBundle/ModularSciFiMats/Textures/T_Wall_E_M.uexp" 259
"F:/unreal/DedicatedProject/Content/Asset/StarterBundle/ModularSciFiMats/Materials/M_Base_3C.uasset" 260
"F:/unreal/DedicatedProject/Content/Asset/StarterBundle/ModularSciFiMats/Materials/M_Base_3C.uexp" 261
"F:/unreal/DedicatedProject/Content/Asset/StarterBundle/ModularSciFiMats/Textures/T_Trims_A_diff.uasset" 262
"F:/unreal/DedicatedProject/Content/Asset/StarterBundle/ModularSciFiMats/Textures/T_Trims_A_diff.uexp" 263
"F:/unreal/DedicatedProject/Content/Asset/StarterBundle/ModularSciFiMats/Textures/T_Trims_A_ML.uasset" 264
"F:/unreal/DedicatedProject/Content/Asset/StarterBundle/ModularSciFiMats/Textures/T_Trims_A_ML.uexp" 265
"F:/unreal/DedicatedProject/Content/Asset/StarterBundle/ModularSciFiMats/Textures/T_Trims_A_normals.uasset" 266
"F:/unreal/DedicatedProject/Content/Asset/StarterBundle/ModularSciFiMats/Textures/T_Trims_A_normals.uexp" 267
"F:/unreal/DedicatedProject/Content/Asset/StarterBundle/ModularSciFiMats/Materials/Instances/MI_Trims_A.uasset" 268
"F:/unreal/DedicatedProject/Content/Asset/StarterBundle/ModularSciFiMats/Materials/Instances/MI_Trims_A.uexp" 269
"F:/unreal/DedicatedProject/Content/Asset/StarterBundle/ModularSci_Comm/Materials/MI_Floor_Black2.uasset" 270
"F:/unreal/DedicatedProject/Content/Asset/StarterBundle/ModularSci_Comm/Materials/MI_Floor_Black2.uexp" 271
"F:/unreal/DedicatedProject/Content/Asset/StarterBundle/ModularScifiProps/Materials/M_SolidLight_Parent.uasset" 272
"F:/unreal/DedicatedProject/Content/Asset/StarterBundle/ModularScifiProps/Materials/M_SolidLight_Parent.uexp" 273
"F:/unreal/DedicatedProject/Content/Asset/StarterBundle/ModularScifiProps/Materials/MI_Light_Red.uasset" 274
"F:/unreal/DedicatedProject/Content/Asset/StarterBundle/ModularScifiProps/Materials/MI_Light_Red.uexp" 275
"F:/unreal/DedicatedProject/Content/Asset/StarterBundle/ModularScifiProps/Materials/MI_CardReader.uasset" 276
"F:/unreal/DedicatedProject/Content/Asset/StarterBundle/ModularScifiProps/Materials/MI_CardReader.uexp" 277
"F:/unreal/DedicatedProject/Content/Asset/StarterBundle/ModularScifiProps/Materials/MI_Light_Green_Unlit.uasset" 278
"F:/unreal/DedicatedProject/Content/Asset/StarterBundle/ModularScifiProps/Materials/MI_Light_Green_Unlit.uexp" 279
"F:/unreal/DedicatedProject/Content/Asset/StarterBundle/ModularScifiProps/Meshes/SM_CardReader.uasset" 280
"F:/unreal/DedicatedProject/Content/Asset/StarterBundle/ModularScifiProps/Meshes/SM_CardReader.uexp" 281
"F:/unreal/DedicatedProject/Content/Asset/StarterBundle/ModularSci_Comm/Materials/MI_Trims_C_Dark.uasset" 282
"F:/unreal/DedicatedProject/Content/Asset/StarterBundle/ModularSci_Comm/Materials/MI_Trims_C_Dark.uexp" 283
"F:/unreal/DedicatedProject/Content/Asset/StarterBundle/ModularSci_Comm/Meshes/SM_Wall_Corner_A.uasset" 284
"F:/unreal/DedicatedProject/Content/Asset/StarterBundle/ModularSci_Comm/Meshes/SM_Wall_Corner_A.uexp" 285
"F:/unreal/DedicatedProject/Content/Asset/StarterBundle/ModularSci_Comm/Materials/MI_Trims_C_DarkGray.uasset" 286
"F:/unreal/DedicatedProject/Content/Asset/StarterBundle/ModularSci_Comm/Materials/MI_Trims_C_DarkGray.uexp" 287
"F:/unreal/DedicatedProject/Content/Asset/StarterBundle/ModularSci_Comm/Materials/MI_Trims_C_Red.uasset" 288
"F:/unreal/DedicatedProject/Content/Asset/StarterBundle/ModularSci_Comm/Materials/MI_Trims_C_Red.uexp" 289
"F:/unreal/DedicatedProject/Content/Asset/StarterBundle/ModularSci_Comm/Meshes/SM_Wall_A.uasset" 290
"F:/unreal/DedicatedProject/Content/Asset/StarterBundle/ModularSci_Comm/Meshes/SM_Wall_A.uexp" 291
"F:/unreal/DedicatedProject/Content/Asset/StarterBundle/ModularSci_Comm/Textures/Decals/T_Base_M.uasset" 292
"F:/unreal/DedicatedProject/Content/Asset/StarterBundle/ModularSci_Comm/Textures/Decals/T_Base_M.uexp" 293
"F:/unreal/DedicatedProject/Content/Asset/StarterBundle/ModularSci_Comm/Textures/Decals/Text/Words/T_Control.uasset" 294
"F:/unreal/DedicatedProject/Content/Asset/StarterBundle/ModularSci_Comm/Textures/Decals/Text/Words/T_Control.uexp" 295
"F:/unreal/DedicatedProject/Content/Asset/StarterBundle/ModularSci_Comm/Textures/Decals/Floor/T_FloorSquare_A.uasset" 296
"F:/unreal/DedicatedProject/Content/Asset/StarterBundle/ModularSci_Comm/Textures/Decals/Floor/T_FloorSquare_A.uexp" 297
"F:/unreal/DedicatedProject/Content/Asset/StarterBundle/ModularSci_Comm/Textures/Decals/Floor/T_FloorSquare_A_M.uasset" 298
"F:/unreal/DedicatedProject/Content/Asset/StarterBundle/ModularSci_Comm/Textures/Decals/Floor/T_FloorSquare_A_M.uexp" 299
"F:/unreal/DedicatedProject/Content/Asset/StarterBundle/ModularSci_Comm/Materials/Decals/M_Decal_Base.uasset" 300
"F:/unreal/DedicatedProject/Content/Asset/StarterBundle/ModularSci_Comm/Materials/Decals/M_Decal_Base.uexp" 301
"F:/unreal/DedicatedProject/Content/Asset/StarterBundle/ModularSci_Comm/Materials/Decals/Words/MI_Control_Black.uasset" 302
"F:/unreal/DedicatedProject/Content/Asset/StarterBundle/ModularSci_Comm/Materials/Decals/Words/MI_Control_Black.uexp" 303
"F:/unreal/DedicatedProject/Content/Asset/StarterBundle/ModularSci_Comm/Textures/Base/T_Base_Dirt.uasset" 304
"F:/unreal/DedicatedProject/Content/Asset/StarterBundle/ModularSci_Comm/Textures/Base/T_Base_Dirt.uexp" 305
"F:/unreal/DedicatedProject/Content/Asset/StarterBundle/ModularSci_Comm/Materials/MI_Solid_White.uasset" 306
"F:/unreal/DedicatedProject/Content/Asset/StarterBundle/ModularSci_Comm/Materials/MI_Solid_White.uexp" 307
"F:/unreal/DedicatedProject/Content/Asset/StarterBundle/ModularSci_Comm/Textures/T_Carbon.uasset" 308
"F:/unreal/DedicatedProject/Content/Asset/StarterBundle/ModularSci_Comm/Textures/T_Carbon.uexp" 309
"F:/unreal/DedicatedProject/Content/Asset/StarterBundle/ModularSci_Comm/Materials/MI_Solid_White_3.uasset" 310
"F:/unreal/DedicatedProject/Content/Asset/StarterBundle/ModularSci_Comm/Materials/MI_Solid_White_3.uexp" 311
"F:/unreal/DedicatedProject/Content/Asset/StarterBundle/ModularSci_Int/Textures/T_Pipes_A_Diff.uasset" 312
"F:/unreal/DedicatedProject/Content/Asset/StarterBundle/ModularSci_Int/Textures/T_Pipes_A_Diff.uexp" 313
"F:/unreal/DedicatedProject/Content/Asset/StarterBundle/ModularSci_Int/Textures/T_Pipes_A_N_normals.uasset" 314
"F:/unreal/DedicatedProject/Content/Asset/StarterBundle/ModularSci_Int/Textures/T_Pipes_A_N_normals.uexp" 315
"F:/unreal/DedicatedProject/Content/Asset/StarterBundle/ModularSci_Int/Textures/T_Hall_Door_L_N_normals.uasset" 316
"F:/unreal/DedicatedProject/Content/Asset/StarterBundle/ModularSci_Int/Textures/T_Hall_Door_L_N_normals.uexp" 317
"F:/unreal/DedicatedProject/Content/Asset/StarterBundle/ModularSci_Int/Textures/T_Hall_Door_Diff.uasset" 318
"F:/unreal/DedicatedProject/Content/Asset/StarterBundle/ModularSci_Int/Textures/T_Hall_Door_Diff.uexp" 319
"F:/unreal/DedicatedProject/Content/Asset/StarterBundle/ModularSci_Int/Textures/T_DefaultLight_S.uasset" 320
"F:/unreal/DedicatedProject/Content/Asset/StarterBundle/ModularSci_Int/Textures/T_DefaultLight_S.uexp" 321
"F:/unreal/DedicatedProject/Content/Asset/StarterBundle/ModularSci_Int/Textures/T_Hall_Door_L_M.uasset" 322
"F:/unreal/DedicatedProject/Content/Asset/StarterBundle/ModularSci_Int/Textures/T_Hall_Door_L_M.uexp" 323
"F:/unreal/DedicatedProject/Content/Asset/StarterBundle/ModularSci_Int/Textures/T_Metal_Brushed_N.uasset" 324
"F:/unreal/DedicatedProject/Content/Asset/StarterBundle/ModularSci_Int/Textures/T_Metal_Brushed_N.uexp" 325
"F:/unreal/DedicatedProject/Content/Asset/StarterBundle/ModularSci_Int/Textures/T_Metal_Scratches_M.uasset" 326
"F:/unreal/DedicatedProject/Content/Asset/StarterBundle/ModularSci_Int/Textures/T_Metal_Scratches_M.uexp" 327
"F:/unreal/DedicatedProject/Content/Asset/StarterBundle/ModularSci_Int/Materials/M_Base_2C.uasset" 328
"F:/unreal/DedicatedProject/Content/Asset/StarterBundle/ModularSci_Int/Materials/M_Base_2C.uexp" 329
"F:/unreal/DedicatedProject/Content/Asset/StarterBundle/ModularSci_Int/Textures/T_Pipes_A_M.uasset" 330
"F:/unreal/DedicatedProject/Content/Asset/StarterBundle/ModularSci_Int/Textures/T_Pipes_A_M.uexp" 331
"F:/unreal/DedicatedProject/Content/Asset/StarterBundle/ModularSci_Int/Materials/MI_Pipes_A.uasset" 332
"F:/unreal/DedicatedProject/Content/Asset/StarterBundle/ModularSci_Int/Materials/MI_Pipes_A.uexp" 333
"F:/unreal/DedicatedProject/Content/Asset/StarterBundle/ModularSci_Int/Textures/T_Trims_B_Diff_B.uasset" 334
"F:/unreal/DedicatedProject/Content/Asset/StarterBundle/ModularSci_Int/Textures/T_Trims_B_Diff_B.uexp" 335
"F:/unreal/DedicatedProject/Content/Asset/StarterBundle/ModularSci_Int/Textures/T_Trims_B_N_normals.uasset" 336
"F:/unreal/DedicatedProject/Content/Asset/StarterBundle/ModularSci_Int/Textures/T_Trims_B_N_normals.uexp" 337
"F:/unreal/DedicatedProject/Content/Asset/StarterBundle/ModularSci_Int/Textures/T_Trims_B_M_B.uasset" 338
"F:/unreal/DedicatedProject/Content/Asset/StarterBundle/ModularSci_Int/Textures/T_Trims_B_M_B.uexp" 339
"F:/unreal/DedicatedProject/Content/Asset/StarterBundle/ModularSci_Int/Materials/MI_Trims_B_2.uasset" 340
"F:/unreal/DedicatedProject/Content/Asset/StarterBundle/ModularSci_Int/Materials/MI_Trims_B_2.uexp" 341
"F:/unreal/DedicatedProject/Content/Asset/StarterBundle/ModularSci_Int/Meshes/SM_Pipe_Wall_A.uasset" 342
"F:/unreal/DedicatedProject/Content/Asset/StarterBundle/ModularSci_Int/Meshes/SM_Pipe_Wall_A.uexp" 343
"F:/unreal/DedicatedProject/Content/Asset/StarterBundle/ModularSci_Comm/Materials/MI_Trims_C_Black.uasset" 344
"F:/unreal/DedicatedProject/Content/Asset/StarterBundle/ModularSci_Comm/Materials/MI_Trims_C_Black.uexp" 345
"F:/unreal/DedicatedProject/Content/Asset/StarterBundle/ModularSci_Comm/Materials/MI_Light_Orange.uasset" 346
"F:/unreal/DedicatedProject/Content/Asset/StarterBundle/ModularSci_Comm/Materials/MI_Light_Orange.uexp" 347
"F:/unreal/DedicatedProject/Content/Asset/StarterBundle/ModularSci_Comm/Textures/T_Lights_EM.uasset" 348
"F:/unreal/DedicatedProject/Content/Asset/StarterBundle/ModularSci_Comm/Textures/T_Lights_EM.uexp" 349
"F:/unreal/DedicatedProject/Content/Asset/StarterBundle/ModularSci_Comm/Materials/M_Lights.uasset" 350
"F:/unreal/DedicatedProject/Content/Asset/StarterBundle/ModularSci_Comm/Materials/M_Lights.uexp" 351
"F:/unreal/DedicatedProject/Content/Asset/StarterBundle/ModularSci_Comm/Materials/MI_Lights_A.uasset" 352
"F:/unreal/DedicatedProject/Content/Asset/StarterBundle/ModularSci_Comm/Materials/MI_Lights_A.uexp" 353
"F:/unreal/DedicatedProject/Content/Asset/StarterBundle/ModularSci_Comm/Meshes/SM_Terminal_A.uasset" 354
"F:/unreal/DedicatedProject/Content/Asset/StarterBundle/ModularSci_Comm/Meshes/SM_Terminal_A.uexp" 355
"F:/unreal/DedicatedProject/Content/Asset/StarterBundle/ModularSci_Int/Textures/T_Trims_B_Diff.uasset" 356
"F:/unreal/DedicatedProject/Content/Asset/StarterBundle/ModularSci_Int/Textures/T_Trims_B_Diff.uexp" 357
"F:/unreal/DedicatedProject/Content/Asset/StarterBundle/ModularSci_Int/Textures/T_Trims_B_M.uasset" 358
"F:/unreal/DedicatedProject/Content/Asset/StarterBundle/ModularSci_Int/Textures/T_Trims_B_M.uexp" 359
"F:/unreal/DedicatedProject/Content/Asset/StarterBundle/ModularSci_Int/Materials/MI_Trims_B.uasset" 360
"F:/unreal/DedicatedProject/Content/Asset/StarterBundle/ModularSci_Int/Materials/MI_Trims_B.uexp" 361
"F:/unreal/DedicatedProject/Content/Asset/StarterBundle/ModularSci_Int/Meshes/SM_CeilingEdge_A.uasset" 362
"F:/unreal/DedicatedProject/Content/Asset/StarterBundle/ModularSci_Int/Meshes/SM_CeilingEdge_A.uexp" 363
"F:/unreal/DedicatedProject/Content/Asset/StarterBundle/ModularScifiProps/Textures/T_Base_N_normals.uasset" 364
"F:/unreal/DedicatedProject/Content/Asset/StarterBundle/ModularScifiProps/Textures/T_Base_N_normals.uexp" 365
"F:/unreal/DedicatedProject/Content/Asset/StarterBundle/ModularScifiProps/Textures/T_Base_M.uasset" 366
"F:/unreal/DedicatedProject/Content/Asset/StarterBundle/ModularScifiProps/Textures/T_Base_M.uexp" 367
"F:/unreal/DedicatedProject/Content/Asset/StarterBundle/ModularScifiProps/Textures/T_Base_Diff.uasset" 368
"F:/unreal/DedicatedProject/Content/Asset/StarterBundle/ModularScifiProps/Textures/T_Base_Diff.uexp" 369
"F:/unreal/DedicatedProject/Content/Asset/StarterBundle/ModularScifiProps/Materials/MI_Base_Light2.uasset" 370
"F:/unreal/DedicatedProject/Content/Asset/StarterBundle/ModularScifiProps/Materials/MI_Base_Light2.uexp" 371
"F:/unreal/DedicatedProject/Content/Asset/StarterBundle/ModularSci_Comm/Textures/Decals/Text/T_Text_Dash.uasset" 372
"F:/unreal/DedicatedProject/Content/Asset/StarterBundle/ModularSci_Comm/Textures/Decals/Text/T_Text_Dash.uexp" 373
"F:/unreal/DedicatedProject/Content/Asset/StarterBundle/ModularSci_Comm/Materials/Decals/Text/MI_Text_Dash_White.uasset" 374
"F:/unreal/DedicatedProject/Content/Asset/StarterBundle/ModularSci_Comm/Materials/Decals/Text/MI_Text_Dash_White.uexp" 375
"F:/unreal/DedicatedProject/Content/Asset/StarterBundle/ModularSci_Comm/Materials/MI_Trims_C_FloorBlack2.uasset" 376
"F:/unreal/DedicatedProject/Content/Asset/StarterBundle/ModularSci_Comm/Materials/MI_Trims_C_FloorBlack2.uexp" 377
"F:/unreal/DedicatedProject/Content/Asset/StarterBundle/ModularSci_Comm/Materials/MI_ShinyBlack.uasset" 378
"F:/unreal/DedicatedProject/Content/Asset/StarterBundle/ModularSci_Comm/Materials/MI_ShinyBlack.uexp" 379
"F:/unreal/DedicatedProject/Content/Asset/StarterBundle/ModularSci_Comm/Materials/MI_Trims_C_Gray.uasset" 380
"F:/unreal/DedicatedProject/Content/Asset/StarterBundle/ModularSci_Comm/Materials/MI_Trims_C_Gray.uexp" 381
"F:/unreal/DedicatedProject/Content/Asset/StarterBundle/ModularSci_Comm/Meshes/SM_Floor_Panel_A2.uasset" 382
"F:/unreal/DedicatedProject/Content/Asset/StarterBundle/ModularSci_Comm/Meshes/SM_Floor_Panel_A2.uexp" 383
"F:/unreal/DedicatedProject/Content/Asset/StarterBundle/ModularSci_Comm/Textures/T_Hexagon_Norm.uasset" 384
"F:/unreal/DedicatedProject/Content/Asset/StarterBundle/ModularSci_Comm/Textures/T_Hexagon_Norm.uexp" 385
"F:/unreal/DedicatedProject/Content/Asset/StarterBundle/ModularSci_Comm/Textures/T_Hexagon_M.uasset" 386
"F:/unreal/DedicatedProject/Content/Asset/StarterBundle/ModularSci_Comm/Textures/T_Hexagon_M.uexp" 387
"F:/unreal/DedicatedProject/Content/Asset/StarterBundle/ModularSci_Comm/Materials/M_Reg_Glass.uasset" 388
"F:/unreal/DedicatedProject/Content/Asset/StarterBundle/ModularSci_Comm/Materials/M_Reg_Glass.uexp" 389
"F:/unreal/DedicatedProject/Content/Asset/StarterBundle/ModularSci_Comm/Materials/MI_Glass_Light.uasset" 390
"F:/unreal/DedicatedProject/Content/Asset/StarterBundle/ModularSci_Comm/Materials/MI_Glass_Light.uexp" 391
"F:/unreal/DedicatedProject/Content/Asset/StarterBundle/ModularSci_Comm/Textures/Decals/Stripes/T_Stripe_E.uasset" 392
"F:/unreal/DedicatedProject/Content/Asset/StarterBundle/ModularSci_Comm/Textures/Decals/Stripes/T_Stripe_E.uexp" 393
"F:/unreal/DedicatedProject/Content/Asset/StarterBundle/ModularSci_Comm/Textures/Decals/Stripes/T_Stripe_E_M.uasset" 394
"F:/unreal/DedicatedProject/Content/Asset/StarterBundle/ModularSci_Comm/Textures/Decals/Stripes/T_Stripe_E_M.uexp" 395
"F:/unreal/DedicatedProject/Content/Asset/StarterBundle/ModularSci_Comm/Materials/Decals/Stripes/MI_Stripe_E_Red.uasset" 396
"F:/unreal/DedicatedProject/Content/Asset/StarterBundle/ModularSci_Comm/Materials/Decals/Stripes/MI_Stripe_E_Red.uexp" 397
"F:/unreal/DedicatedProject/Content/Asset/StarterBundle/ModularSciFiMats/Textures/Decals/Text/T_Text_D.uasset" 398
"F:/unreal/DedicatedProject/Content/Asset/StarterBundle/ModularSciFiMats/Textures/Decals/Text/T_Text_D.uexp" 399
"F:/unreal/DedicatedProject/Content/Asset/StarterBundle/ModularSciFiMats/Textures/Decals/Floor/T_FloorSquare_A.uasset" 400
"F:/unreal/DedicatedProject/Content/Asset/StarterBundle/ModularSciFiMats/Textures/Decals/Floor/T_FloorSquare_A.uexp" 401
"F:/unreal/DedicatedProject/Content/Asset/StarterBundle/ModularSciFiMats/Textures/Decals/Floor/T_FloorSquare_A_M.uasset" 402
"F:/unreal/DedicatedProject/Content/Asset/StarterBundle/ModularSciFiMats/Textures/Decals/Floor/T_FloorSquare_A_M.uexp" 403
"F:/unreal/DedicatedProject/Content/Asset/StarterBundle/ModularSciFiMats/Materials/Decals/M_Decal_Base.uasset" 404
"F:/unreal/DedicatedProject/Content/Asset/StarterBundle/ModularSciFiMats/Materials/Decals/M_Decal_Base.uexp" 405
"F:/unreal/DedicatedProject/Content/Asset/StarterBundle/ModularSciFiMats/Textures/Decals/Text/T_Text_D_Scr_OM.uasset" 406
"F:/unreal/DedicatedProject/Content/Asset/StarterBundle/ModularSciFiMats/Textures/Decals/Text/T_Text_D_Scr_OM.uexp" 407
"F:/unreal/DedicatedProject/Content/Asset/StarterBundle/ModularSciFiMats/Textures/Decals/T_Base_M.uasset" 408
"F:/unreal/DedicatedProject/Content/Asset/StarterBundle/ModularSciFiMats/Textures/Decals/T_Base_M.uexp" 409
"F:/unreal/DedicatedProject/Content/Asset/StarterBundle/ModularSciFiMats/Materials/Decals/Text/MI_Text_D2.uasset" 410
"F:/unreal/DedicatedProject/Content/Asset/StarterBundle/ModularSciFiMats/Materials/Decals/Text/MI_Text_D2.uexp" 411
"F:/unreal/DedicatedProject/Content/Asset/StarterBundle/ModularSci_Comm/Meshes/SM_Wall_D.uasset" 412
"F:/unreal/DedicatedProject/Content/Asset/StarterBundle/ModularSci_Comm/Meshes/SM_Wall_D.uexp" 413
"F:/unreal/DedicatedProject/Content/Asset/StarterBundle/ModularSci_Comm/Meshes/SM_Windows_B.uasset" 414
"F:/unreal/DedicatedProject/Content/Asset/StarterBundle/ModularSci_Comm/Meshes/SM_Windows_B.uexp" 415
"F:/unreal/DedicatedProject/Content/Asset/StarterBundle/ModularSci_Comm/Meshes/SM_Wall_Border_A.uasset" 416
"F:/unreal/DedicatedProject/Content/Asset/StarterBundle/ModularSci_Comm/Meshes/SM_Wall_Border_A.uexp" 417
"F:/unreal/DedicatedProject/Content/Asset/StarterBundle/ModularScifiHallways/Textures/T_Pipes_A_M.uasset" 418
"F:/unreal/DedicatedProject/Content/Asset/StarterBundle/ModularScifiHallways/Textures/T_Pipes_A_M.uexp" 419
"F:/unreal/DedicatedProject/Content/Asset/StarterBundle/ModularScifiHallways/Textures/T_Pipes_A_N_normals.uasset" 420
"F:/unreal/DedicatedProject/Content/Asset/StarterBundle/ModularScifiHallways/Textures/T_Pipes_A_N_normals.uexp" 421
"F:/unreal/DedicatedProject/Content/Asset/StarterBundle/ModularScifiHallways/Textures/T_Pipes_A_Diff.uasset" 422
"F:/unreal/DedicatedProject/Content/Asset/StarterBundle/ModularScifiHallways/Textures/T_Pipes_A_Diff.uexp" 423
"F:/unreal/DedicatedProject/Content/Asset/StarterBundle/ModularScifiHallways/Textures/T_Ceiling_A_Buffer_M.uasset" 424
"F:/unreal/DedicatedProject/Content/Asset/StarterBundle/ModularScifiHallways/Textures/T_Ceiling_A_Buffer_M.uexp" 425
"F:/unreal/DedicatedProject/Content/Asset/StarterBundle/ModularScifiHallways/Textures/T_Ceiling_A_Buffer_N_normals.uasset" 426
"F:/unreal/DedicatedProject/Content/Asset/StarterBundle/ModularScifiHallways/Textures/T_Ceiling_A_Buffer_N_normals.uexp" 427
"F:/unreal/DedicatedProject/Content/Asset/StarterBundle/ModularScifiHallways/Textures/T_Metal_Scratches_M.uasset" 428
"F:/unreal/DedicatedProject/Content/Asset/StarterBundle/ModularScifiHallways/Textures/T_Metal_Scratches_M.uexp" 429
"F:/unreal/DedicatedProject/Content/Asset/StarterBundle/ModularScifiHallways/Textures/T_Metal_Brushed_N.uasset" 430
"F:/unreal/DedicatedProject/Content/Asset/StarterBundle/ModularScifiHallways/Textures/T_Metal_Brushed_N.uexp" 431
"F:/unreal/DedicatedProject/Content/Asset/StarterBundle/ModularScifiHallways/Textures/T_DefaultLight_S.uasset" 432
"F:/unreal/DedicatedProject/Content/Asset/StarterBundle/ModularScifiHallways/Textures/T_DefaultLight_S.uexp" 433
"F:/unreal/DedicatedProject/Content/Asset/StarterBundle/ModularScifiHallways/Textures/T_Ceiling_A_Buffer_Diff.uasset" 434
"F:/unreal/DedicatedProject/Content/Asset/StarterBundle/ModularScifiHallways/Textures/T_Ceiling_A_Buffer_Diff.uexp" 435
"F:/unreal/DedicatedProject/Content/Asset/StarterBundle/ModularScifiHallways/Materials/M_Base_2C.uasset" 436
"F:/unreal/DedicatedProject/Content/Asset/StarterBundle/ModularScifiHallways/Materials/M_Base_2C.uexp" 437
"F:/unreal/DedicatedProject/Content/Asset/StarterBundle/ModularScifiHallways/Materials/MI_Pipes_A_M.uasset" 438
"F:/unreal/DedicatedProject/Content/Asset/StarterBundle/ModularScifiHallways/Materials/MI_Pipes_A_M.uexp" 439
"F:/unreal/DedicatedProject/Content/Asset/StarterBundle/ModularScifiHallways/Meshes/SM_Hall_Win_Rails_B.uasset" 440
"F:/unreal/DedicatedProject/Content/Asset/StarterBundle/ModularScifiHallways/Meshes/SM_Hall_Win_Rails_B.uexp" 441
"F:/unreal/DedicatedProject/Content/Asset/StarterBundle/ModularSci_Comm/Materials/MI_Trims_C_Yellow.uasset" 442
"F:/unreal/DedicatedProject/Content/Asset/StarterBundle/ModularSci_Comm/Materials/MI_Trims_C_Yellow.uexp" 443
"F:/unreal/DedicatedProject/Content/Asset/StarterBundle/ModularSci_Comm/Materials/MI_Solid_DarkGray.uasset" 444
"F:/unreal/DedicatedProject/Content/Asset/StarterBundle/ModularSci_Comm/Materials/MI_Solid_DarkGray.uexp" 445
"F:/unreal/DedicatedProject/Content/Asset/StarterBundle/ModularSci_Comm/Meshes/SM_Wall_Det_DoorBig_E.uasset" 446
"F:/unreal/DedicatedProject/Content/Asset/StarterBundle/ModularSci_Comm/Meshes/SM_Wall_Det_DoorBig_E.uexp" 447
"F:/unreal/DedicatedProject/Content/Asset/StarterBundle/ModularSci_Comm/Materials/MI_Trims_C_Dark2.uasset" 448
"F:/unreal/DedicatedProject/Content/Asset/StarterBundle/ModularSci_Comm/Materials/MI_Trims_C_Dark2.uexp" 449
"F:/unreal/DedicatedProject/Content/Asset/StarterBundle/ModularScifiProps/Materials/MI_Base_Dark.uasset" 450
"F:/unreal/DedicatedProject/Content/Asset/StarterBundle/ModularScifiProps/Materials/MI_Base_Dark.uexp" 451
"F:/unreal/DedicatedProject/Content/Asset/StarterBundle/ModularScifiProps/Materials/MI_Base_Light.uasset" 452
"F:/unreal/DedicatedProject/Content/Asset/StarterBundle/ModularScifiProps/Materials/MI_Base_Light.uexp" 453
"F:/unreal/DedicatedProject/Content/Asset/StarterBundle/ModularScifiProps/Meshes/SM_Floor_A.uasset" 454
"F:/unreal/DedicatedProject/Content/Asset/StarterBundle/ModularScifiProps/Meshes/SM_Floor_A.uexp" 455
"F:/unreal/DedicatedProject/Content/Asset/StarterBundle/ModularSci_Comm/Materials/MI_Solid_White_2.uasset" 456
"F:/unreal/DedicatedProject/Content/Asset/StarterBundle/ModularSci_Comm/Materials/MI_Solid_White_2.uexp" 457
"F:/unreal/DedicatedProject/Content/Asset/StarterBundle/ModularSci_Comm/Textures/T_Trims_A_ML.uasset" 458
"F:/unreal/DedicatedProject/Content/Asset/StarterBundle/ModularSci_Comm/Textures/T_Trims_A_ML.uexp" 459
"F:/unreal/DedicatedProject/Content/Asset/StarterBundle/ModularSci_Comm/Textures/T_Trims_A_diff.uasset" 460
"F:/unreal/DedicatedProject/Content/Asset/StarterBundle/ModularSci_Comm/Textures/T_Trims_A_diff.uexp" 461
"F:/unreal/DedicatedProject/Content/Asset/StarterBundle/ModularSci_Comm/Textures/T_Trims_A_normals.uasset" 462
"F:/unreal/DedicatedProject/Content/Asset/StarterBundle/ModularSci_Comm/Textures/T_Trims_A_normals.uexp" 463
"F:/unreal/DedicatedProject/Content/Asset/StarterBundle/ModularSci_Comm/Textures/T_Trims_A_M.uasset" 464
"F:/unreal/DedicatedProject/Content/Asset/StarterBundle/ModularSci_Comm/Textures/T_Trims_A_M.uexp" 465
"F:/unreal/DedicatedProject/Content/Asset/StarterBundle/ModularSci_Comm/Materials/M_Base_3C.uasset" 466
"F:/unreal/DedicatedProject/Content/Asset/StarterBundle/ModularSci_Comm/Materials/M_Base_3C.uexp" 467
"F:/unreal/DedicatedProject/Content/Asset/StarterBundle/ModularSci_Comm/Materials/MI_Trims_A_Black.uasset" 468
"F:/unreal/DedicatedProject/Content/Asset/StarterBundle/ModularSci_Comm/Materials/MI_Trims_A_Black.uexp" 469
"F:/unreal/DedicatedProject/Content/Asset/StarterBundle/ModularSci_Comm/Meshes/SM_Ceiling_Main_C.uasset" 470
"F:/unreal/DedicatedProject/Content/Asset/StarterBundle/ModularSci_Comm/Meshes/SM_Ceiling_Main_C.uexp" 471
"F:/unreal/DedicatedProject/Content/Asset/StarterBundle/ModularSci_Comm/Meshes/SM_Floor_Center_A3.uasset" 472
"F:/unreal/DedicatedProject/Content/Asset/StarterBundle/ModularSci_Comm/Meshes/SM_Floor_Center_A3.uexp" 473
"F:/unreal/DedicatedProject/Content/Asset/StarterBundle/ModularScifiProps/Textures/T_ExternalStorage_Diff.uasset" 474
"F:/unreal/DedicatedProject/Content/Asset/StarterBundle/ModularScifiProps/Textures/T_ExternalStorage_Diff.uexp" 475
"F:/unreal/DedicatedProject/Content/Asset/StarterBundle/ModularScifiProps/Textures/T_ExternalStorage_M.uasset" 476
"F:/unreal/DedicatedProject/Content/Asset/StarterBundle/ModularScifiProps/Textures/T_ExternalStorage_M.uexp" 477
"F:/unreal/DedicatedProject/Content/Asset/StarterBundle/ModularScifiProps/Textures/T_ExternalStorage_N_normals.uasset" 478
"F:/unreal/DedicatedProject/Content/Asset/StarterBundle/ModularScifiProps/Textures/T_ExternalStorage_N_normals.uexp" 479
"F:/unreal/DedicatedProject/Content/Asset/StarterBundle/ModularScifiProps/Materials/MI_MobileStorage.uasset" 480
"F:/unreal/DedicatedProject/Content/Asset/StarterBundle/ModularScifiProps/Materials/MI_MobileStorage.uexp" 481
"F:/unreal/DedicatedProject/Content/Asset/StarterBundle/ModularScifiProps/Materials/MI_Light_Green_Brighter.uasset" 482
"F:/unreal/DedicatedProject/Content/Asset/StarterBundle/ModularScifiProps/Materials/MI_Light_Green_Brighter.uexp" 483
"F:/unreal/DedicatedProject/Content/Asset/StarterBundle/ModularScifiProps/Meshes/SM_MobileStorage.uasset" 484
"F:/unreal/DedicatedProject/Content/Asset/StarterBundle/ModularScifiProps/Meshes/SM_MobileStorage.uexp" 485
"F:/unreal/DedicatedProject/Content/Asset/StarterBundle/ModularScifiHallways/Textures/T_Crate_A_M.uasset" 486
"F:/unreal/DedicatedProject/Content/Asset/StarterBundle/ModularScifiHallways/Textures/T_Crate_A_M.uexp" 487
"F:/unreal/DedicatedProject/Content/Asset/StarterBundle/ModularScifiHallways/Textures/T_Crate_A_Diff.uasset" 488
"F:/unreal/DedicatedProject/Content/Asset/StarterBundle/ModularScifiHallways/Textures/T_Crate_A_Diff.uexp" 489
"F:/unreal/DedicatedProject/Content/Asset/StarterBundle/ModularScifiHallways/Textures/T_Crate_A_N_normals.uasset" 490
"F:/unreal/DedicatedProject/Content/Asset/StarterBundle/ModularScifiHallways/Textures/T_Crate_A_N_normals.uexp" 491
"F:/unreal/DedicatedProject/Content/Asset/StarterBundle/ModularScifiHallways/Materials/MI_Crate_A_M.uasset" 492
"F:/unreal/DedicatedProject/Content/Asset/StarterBundle/ModularScifiHallways/Materials/MI_Crate_A_M.uexp" 493
"F:/unreal/DedicatedProject/Content/Asset/StarterBundle/ModularScifiHallways/Meshes/SM_Crate_A3.uasset" 494
"F:/unreal/DedicatedProject/Content/Asset/StarterBundle/ModularScifiHallways/Meshes/SM_Crate_A3.uexp" 495
"F:/unreal/DedicatedProject/Content/Asset/StarterBundle/ModularScifiProps/Materials/MI_Light_Wireless_On.uasset" 496
"F:/unreal/DedicatedProject/Content/Asset/StarterBundle/ModularScifiProps/Materials/MI_Light_Wireless_On.uexp" 497
"F:/unreal/DedicatedProject/Content/Asset/StarterBundle/ModularScifiProps/Textures/T_WirelessBooster_Diff.uasset" 498
"F:/unreal/DedicatedProject/Content/Asset/StarterBundle/ModularScifiProps/Textures/T_WirelessBooster_Diff.uexp" 499
"F:/unreal/DedicatedProject/Content/Asset/StarterBundle/ModularScifiProps/Textures/T_WirelessBooster_M.uasset" 500
"F:/unreal/DedicatedProject/Content/Asset/StarterBundle/ModularScifiProps/Textures/T_WirelessBooster_M.uexp" 501
"F:/unreal/DedicatedProject/Content/Asset/StarterBundle/ModularScifiProps/Textures/T_WirelessBooster_N_normals.uasset" 502
"F:/unreal/DedicatedProject/Content/Asset/StarterBundle/ModularScifiProps/Textures/T_WirelessBooster_N_normals.uexp" 503
"F:/unreal/DedicatedProject/Content/Asset/StarterBundle/ModularScifiProps/Materials/MI_WirelessBooster.uasset" 504
"F:/unreal/DedicatedProject/Content/Asset/StarterBundle/ModularScifiProps/Materials/MI_WirelessBooster.uexp" 505
"F:/unreal/DedicatedProject/Content/Asset/StarterBundle/ModularScifiProps/Materials/MI_Light_Wireless_Off.uasset" 506
"F:/unreal/DedicatedProject/Content/Asset/StarterBundle/ModularScifiProps/Materials/MI_Light_Wireless_Off.uexp" 507
"F:/unreal/DedicatedProject/Content/Asset/StarterBundle/ModularScifiProps/Meshes/SM_WirelessB_On.uasset" 508
"F:/unreal/DedicatedProject/Content/Asset/StarterBundle/ModularScifiProps/Meshes/SM_WirelessB_On.uexp" 509
"F:/unreal/DedicatedProject/Content/Asset/StarterBundle/ModularScifiHallways/Textures/T_Hall_Wires_A_M.uasset" 510
"F:/unreal/DedicatedProject/Content/Asset/StarterBundle/ModularScifiHallways/Textures/T_Hall_Wires_A_M.uexp" 511
"F:/unreal/DedicatedProject/Content/Asset/StarterBundle/ModularScifiHallways/Textures/T_Hall_Wires_A_Diff.uasset" 512
"F:/unreal/DedicatedProject/Content/Asset/StarterBundle/ModularScifiHallways/Textures/T_Hall_Wires_A_Diff.uexp" 513
"F:/unreal/DedicatedProject/Content/Asset/StarterBundle/ModularScifiHallways/Textures/T_Hall_Wires_A_N_normals.uasset" 514
"F:/unreal/DedicatedProject/Content/Asset/StarterBundle/ModularScifiHallways/Textures/T_Hall_Wires_A_N_normals.uexp" 515
"F:/unreal/DedicatedProject/Content/Asset/StarterBundle/ModularScifiHallways/Materials/MI_Hall_Wires_A_M.uasset" 516
"F:/unreal/DedicatedProject/Content/Asset/StarterBundle/ModularScifiHallways/Materials/MI_Hall_Wires_A_M.uexp" 517
"F:/unreal/DedicatedProject/Content/Asset/StarterBundle/ModularScifiHallways/Textures/T_Wires_Diff_A.uasset" 518
"F:/unreal/DedicatedProject/Content/Asset/StarterBundle/ModularScifiHallways/Textures/T_Wires_Diff_A.uexp" 519
"F:/unreal/DedicatedProject/Content/Asset/StarterBundle/ModularScifiHallways/Materials/M_Base_Wires.uasset" 520
"F:/unreal/DedicatedProject/Content/Asset/StarterBundle/ModularScifiHallways/Materials/M_Base_Wires.uexp" 521
"F:/unreal/DedicatedProject/Content/Asset/StarterBundle/ModularScifiHallways/Materials/MI_Wires_A.uasset" 522
"F:/unreal/DedicatedProject/Content/Asset/StarterBundle/ModularScifiHallways/Materials/MI_Wires_A.uexp" 523
"F:/unreal/DedicatedProject/Content/Asset/StarterBundle/ModularScifiHallways/Meshes/SM_Hall_Wires_B.uasset" 524
"F:/unreal/DedicatedProject/Content/Asset/StarterBundle/ModularScifiHallways/Meshes/SM_Hall_Wires_B.uexp" 525
"F:/unreal/DedicatedProject/Content/Asset/StarterBundle/ModularSciFiMats/Textures/Decals/Floor/T_FloorSquare_A_Scra_OM.uasset" 526
"F:/unreal/DedicatedProject/Content/Asset/StarterBundle/ModularSciFiMats/Textures/Decals/Floor/T_FloorSquare_A_Scra_OM.uexp" 527
"F:/unreal/DedicatedProject/Content/Asset/StarterBundle/ModularSciFiMats/Materials/Decals/Floor/MI_SquareFloor_A2.uasset" 528
"F:/unreal/DedicatedProject/Content/Asset/StarterBundle/ModularSciFiMats/Materials/Decals/Floor/MI_SquareFloor_A2.uexp" 529
"F:/unreal/DedicatedProject/Content/Asset/StarterBundle/ModularScifiProps/Materials/MI_MobileStorage2.uasset" 530
"F:/unreal/DedicatedProject/Content/Asset/StarterBundle/ModularScifiProps/Materials/MI_MobileStorage2.uexp" 531
"F:/unreal/DedicatedProject/Content/Asset/StarterBundle/ModularSci_Comm/Materials/MI_Trims_C_Dark_Dirt.uasset" 532
"F:/unreal/DedicatedProject/Content/Asset/StarterBundle/ModularSci_Comm/Materials/MI_Trims_C_Dark_Dirt.uexp" 533
"F:/unreal/DedicatedProject/Content/Asset/StarterBundle/ModularSciFiMats/Materials/Decals/Floor/MI_SquareFloor_A.uasset" 534
"F:/unreal/DedicatedProject/Content/Asset/StarterBundle/ModularSciFiMats/Materials/Decals/Floor/MI_SquareFloor_A.uexp" 535
"F:/unreal/DedicatedProject/Content/Asset/StarterBundle/ModularSci_Comm/Textures/Decals/Text/Words/T_Maintenance.uasset" 536
"F:/unreal/DedicatedProject/Content/Asset/StarterBundle/ModularSci_Comm/Textures/Decals/Text/Words/T_Maintenance.uexp" 537
"F:/unreal/DedicatedProject/Content/Asset/StarterBundle/ModularSci_Comm/Materials/Decals/Words/MI_Maintenance_Black.uasset" 538
"F:/unreal/DedicatedProject/Content/Asset/StarterBundle/ModularSci_Comm/Materials/Decals/Words/MI_Maintenance_Black.uexp" 539
"F:/unreal/DedicatedProject/Content/Asset/StarterBundle/ModularScifiProps/Textures/T_LoginScreen_EM.uasset" 540
"F:/unreal/DedicatedProject/Content/Asset/StarterBundle/ModularScifiProps/Textures/T_LoginScreen_EM.uexp" 541
"F:/unreal/DedicatedProject/Content/Asset/StarterBundle/ModularScifiProps/Materials/M_Screen_Parent.uasset" 542
"F:/unreal/DedicatedProject/Content/Asset/StarterBundle/ModularScifiProps/Materials/M_Screen_Parent.uexp" 543
"F:/unreal/DedicatedProject/Content/Asset/StarterBundle/ModularScifiProps/Materials/MI_Screen_Lapt_Off.uasset" 544
"F:/unreal/DedicatedProject/Content/Asset/StarterBundle/ModularScifiProps/Materials/MI_Screen_Lapt_Off.uexp" 545
"F:/unreal/DedicatedProject/Content/Asset/StarterBundle/ModularScifiProps/Textures/T_Keyboard_UI_EM.uasset" 546
"F:/unreal/DedicatedProject/Content/Asset/StarterBundle/ModularScifiProps/Textures/T_Keyboard_UI_EM.uexp" 547
"F:/unreal/DedicatedProject/Content/Asset/StarterBundle/ModularScifiProps/Materials/MI_Keyboard_Scre.uasset" 548
"F:/unreal/DedicatedProject/Content/Asset/StarterBundle/ModularScifiProps/Materials/MI_Keyboard_Scre.uexp" 549
"F:/unreal/DedicatedProject/Content/Asset/StarterBundle/ModularScifiProps/Textures/T_Lapt_Scre_N_normals.uasset" 550
"F:/unreal/DedicatedProject/Content/Asset/StarterBundle/ModularScifiProps/Textures/T_Lapt_Scre_N_normals.uexp" 551
"F:/unreal/DedicatedProject/Content/Asset/StarterBundle/ModularScifiProps/Textures/T_Lapt_Scre_M.uasset" 552
"F:/unreal/DedicatedProject/Content/Asset/StarterBundle/ModularScifiProps/Textures/T_Lapt_Scre_M.uexp" 553
"F:/unreal/DedicatedProject/Content/Asset/StarterBundle/ModularScifiProps/Textures/T_Lapt_Scre_Diff.uasset" 554
"F:/unreal/DedicatedProject/Content/Asset/StarterBundle/ModularScifiProps/Textures/T_Lapt_Scre_Diff.uexp" 555
"F:/unreal/DedicatedProject/Content/Asset/StarterBundle/ModularScifiProps/Materials/MI_Laptop_Scre.uasset" 556
"F:/unreal/DedicatedProject/Content/Asset/StarterBundle/ModularScifiProps/Materials/MI_Laptop_Scre.uexp" 557
"F:/unreal/DedicatedProject/Content/Asset/StarterBundle/ModularScifiProps/Textures/T_Lapt_Keyb_Diff.uasset" 558
"F:/unreal/DedicatedProject/Content/Asset/StarterBundle/ModularScifiProps/Textures/T_Lapt_Keyb_Diff.uexp" 559
"F:/unreal/DedicatedProject/Content/Asset/StarterBundle/ModularScifiProps/Textures/T_Lapt_Keyb_M.uasset" 560
"F:/unreal/DedicatedProject/Content/Asset/StarterBundle/ModularScifiProps/Textures/T_Lapt_Keyb_M.uexp" 561
"F:/unreal/DedicatedProject/Content/Asset/StarterBundle/ModularScifiProps/Textures/T_Lapt_Keyb_N_normals.uasset" 562
"F:/unreal/DedicatedProject/Content/Asset/StarterBundle/ModularScifiProps/Textures/T_Lapt_Keyb_N_normals.uexp" 563
"F:/unreal/DedicatedProject/Content/Asset/StarterBundle/ModularScifiProps/Materials/MI_Laptop_Keyb.uasset" 564
"F:/unreal/DedicatedProject/Content/Asset/StarterBundle/ModularScifiProps/Materials/MI_Laptop_Keyb.uexp" 565
"F:/unreal/DedicatedProject/Content/Asset/StarterBundle/ModularScifiProps/Meshes/SM_Laptop.uasset" 566
"F:/unreal/DedicatedProject/Content/Asset/StarterBundle/ModularScifiProps/Meshes/SM_Laptop.uexp" 567
"F:/unreal/DedicatedProject/Content/Asset/StarterBundle/ModularSciFiMats/Textures/Decals/Stripes/T_Stripe_E_M.uasset" 568
"F:/unreal/DedicatedProject/Content/Asset/StarterBundle/ModularSciFiMats/Textures/Decals/Stripes/T_Stripe_E_M.uexp" 569
"F:/unreal/DedicatedProject/Content/Asset/StarterBundle/ModularSciFiMats/Textures/Decals/Stripes/T_Stripe_E_Scr_OM.uasset" 570
"F:/unreal/DedicatedProject/Content/Asset/StarterBundle/ModularSciFiMats/Textures/Decals/Stripes/T_Stripe_E_Scr_OM.uexp" 571
"F:/unreal/DedicatedProject/Content/Asset/StarterBundle/ModularSciFiMats/Textures/Decals/Stripes/T_Stripe_E.uasset" 572
"F:/unreal/DedicatedProject/Content/Asset/StarterBundle/ModularSciFiMats/Textures/Decals/Stripes/T_Stripe_E.uexp" 573
"F:/unreal/DedicatedProject/Content/Asset/StarterBundle/ModularSciFiMats/Materials/Decals/Stripes/MI_Stripe_E_Scr.uasset" 574
"F:/unreal/DedicatedProject/Content/Asset/StarterBundle/ModularSciFiMats/Materials/Decals/Stripes/MI_Stripe_E_Scr.uexp" 575
"F:/unreal/DedicatedProject/Content/Asset/StarterBundle/ModularSci_Comm/Materials/MI_Red_Dirt.uasset" 576
"F:/unreal/DedicatedProject/Content/Asset/StarterBundle/ModularSci_Comm/Materials/MI_Red_Dirt.uexp" 577
"F:/unreal/DedicatedProject/Content/Asset/StarterBundle/ModularSci_Comm/Textures/T_Pipes_A_Diff.uasset" 578
"F:/unreal/DedicatedProject/Content/Asset/StarterBundle/ModularSci_Comm/Textures/T_Pipes_A_Diff.uexp" 579
"F:/unreal/DedicatedProject/Content/Asset/StarterBundle/ModularSci_Comm/Textures/T_Pipes_A_N_normals.uasset" 580
"F:/unreal/DedicatedProject/Content/Asset/StarterBundle/ModularSci_Comm/Textures/T_Pipes_A_N_normals.uexp" 581
"F:/unreal/DedicatedProject/Content/Asset/StarterBundle/ModularSci_Comm/Materials/M_Base_Pipes.uasset" 582
"F:/unreal/DedicatedProject/Content/Asset/StarterBundle/ModularSci_Comm/Materials/M_Base_Pipes.uexp" 583
"F:/unreal/DedicatedProject/Content/Asset/StarterBundle/ModularSci_Comm/Textures/T_Pipes_B_normals.uasset" 584
"F:/unreal/DedicatedProject/Content/Asset/StarterBundle/ModularSci_Comm/Textures/T_Pipes_B_normals.uexp" 585
"F:/unreal/DedicatedProject/Content/Asset/StarterBundle/ModularSci_Comm/Textures/T_Pipe_B_Diff.uasset" 586
"F:/unreal/DedicatedProject/Content/Asset/StarterBundle/ModularSci_Comm/Textures/T_Pipe_B_Diff.uexp" 587
"F:/unreal/DedicatedProject/Content/Asset/StarterBundle/ModularSci_Comm/Materials/MI_Pipes_B_Light_Shiny.uasset" 588
"F:/unreal/DedicatedProject/Content/Asset/StarterBundle/ModularSci_Comm/Materials/MI_Pipes_B_Light_Shiny.uexp" 589
"F:/unreal/DedicatedProject/Content/Asset/StarterBundle/ModularSci_Comm/Meshes/SM_Floor_Center_Pipes_A.uasset" 590
"F:/unreal/DedicatedProject/Content/Asset/StarterBundle/ModularSci_Comm/Meshes/SM_Floor_Center_Pipes_A.uexp" 591
"F:/unreal/DedicatedProject/Content/Asset/StarterBundle/ModularSciFiMats/Textures/Decals/Text/Words/T_Caution.uasset" 592
"F:/unreal/DedicatedProject/Content/Asset/StarterBundle/ModularSciFiMats/Textures/Decals/Text/Words/T_Caution.uexp" 593
"F:/unreal/DedicatedProject/Content/Asset/StarterBundle/ModularSciFiMats/Materials/Decals/Words/MI_Caution2.uasset" 594
"F:/unreal/DedicatedProject/Content/Asset/StarterBundle/ModularSciFiMats/Materials/Decals/Words/MI_Caution2.uexp" 595
"F:/unreal/DedicatedProject/Content/Asset/StarterBundle/ModularSci_Comm/Materials/MI_Pipes_A_Light_Shiny.uasset" 596
"F:/unreal/DedicatedProject/Content/Asset/StarterBundle/ModularSci_Comm/Materials/MI_Pipes_A_Light_Shiny.uexp" 597
"F:/unreal/DedicatedProject/Content/Asset/StarterBundle/ModularSci_Comm/Meshes/SM_Ceiling_Pipe_Small.uasset" 598
"F:/unreal/DedicatedProject/Content/Asset/StarterBundle/ModularSci_Comm/Meshes/SM_Ceiling_Pipe_Small.uexp" 599
"F:/unreal/DedicatedProject/Content/Asset/StarterBundle/ModularSci_Comm/Materials/MI_Pipes_B_Light.uasset" 600
"F:/unreal/DedicatedProject/Content/Asset/StarterBundle/ModularSci_Comm/Materials/MI_Pipes_B_Light.uexp" 601
"F:/unreal/DedicatedProject/Content/Asset/StarterBundle/ModularSci_Comm/Meshes/SM_Wall_Pipe_E.uasset" 602
"F:/unreal/DedicatedProject/Content/Asset/StarterBundle/ModularSci_Comm/Meshes/SM_Wall_Pipe_E.uexp" 603
"F:/unreal/DedicatedProject/Content/Asset/StarterBundle/ModularSciFiMats/Materials/Decals/Text/MI_Text_D.uasset" 604
"F:/unreal/DedicatedProject/Content/Asset/StarterBundle/ModularSciFiMats/Materials/Decals/Text/MI_Text_D.uexp" 605
"F:/unreal/DedicatedProject/Content/Asset/StarterBundle/ModularSci_Comm/Textures/Decals/Stripes/T_Stripe_D.uasset" 606
"F:/unreal/DedicatedProject/Content/Asset/StarterBundle/ModularSci_Comm/Textures/Decals/Stripes/T_Stripe_D.uexp" 607
"F:/unreal/DedicatedProject/Content/Asset/StarterBundle/ModularSci_Comm/Materials/Decals/Stripes/MI_Stripe_D2.uasset" 608
"F:/unreal/DedicatedProject/Content/Asset/StarterBundle/ModularSci_Comm/Materials/Decals/Stripes/MI_Stripe_D2.uexp" 609
"F:/unreal/DedicatedProject/Content/Asset/StarterBundle/ModularSci_Int/Meshes/SM_FloorBuffer_B.uasset" 610
"F:/unreal/DedicatedProject/Content/Asset/StarterBundle/ModularSci_Int/Meshes/SM_FloorBuffer_B.uexp" 611
"F:/unreal/DedicatedProject/Content/Asset/StarterBundle/ModularSci_Comm/Meshes/SM_Stairs_A1.uasset" 612
"F:/unreal/DedicatedProject/Content/Asset/StarterBundle/ModularSci_Comm/Meshes/SM_Stairs_A1.uexp" 613
"F:/unreal/DedicatedProject/Content/Asset/StarterBundle/ModularScifiHallways/Textures/T_Hall_Pipes_Long_Diff.uasset" 614
"F:/unreal/DedicatedProject/Content/Asset/StarterBundle/ModularScifiHallways/Textures/T_Hall_Pipes_Long_Diff.uexp" 615
"F:/unreal/DedicatedProject/Content/Asset/StarterBundle/ModularScifiHallways/Textures/T_Hall_Pipes_Long_N_normals.uasset" 616
"F:/unreal/DedicatedProject/Content/Asset/StarterBundle/ModularScifiHallways/Textures/T_Hall_Pipes_Long_N_normals.uexp" 617
"F:/unreal/DedicatedProject/Content/Asset/StarterBundle/ModularScifiHallways/Textures/T_Hall_Pipes_Long_M.uasset" 618
"F:/unreal/DedicatedProject/Content/Asset/StarterBundle/ModularScifiHallways/Textures/T_Hall_Pipes_Long_M.uexp" 619
"F:/unreal/DedicatedProject/Content/Asset/StarterBundle/ModularScifiHallways/Materials/MI_Hall_Pipes_Long_M.uasset" 620
"F:/unreal/DedicatedProject/Content/Asset/StarterBundle/ModularScifiHallways/Materials/MI_Hall_Pipes_Long_M.uexp" 621
"F:/unreal/DedicatedProject/Content/Asset/StarterBundle/ModularScifiHallways/Meshes/SM_Hall_Pipes_Long.uasset" 622
"F:/unreal/DedicatedProject/Content/Asset/StarterBundle/ModularScifiHallways/Meshes/SM_Hall_Pipes_Long.uexp" 623
"F:/unreal/DedicatedProject/Content/Asset/StarterBundle/ModularSci_Comm/Meshes/SM_Wall_Window_B.uasset" 624
"F:/unreal/DedicatedProject/Content/Asset/StarterBundle/ModularSci_Comm/Meshes/SM_Wall_Window_B.uexp" 625
"F:/unreal/DedicatedProject/Content/Asset/StarterBundle/ModularSci_Comm/Meshes/SM_Ceiling_OuterRing_C.uasset" 626
"F:/unreal/DedicatedProject/Content/Asset/StarterBundle/ModularSci_Comm/Meshes/SM_Ceiling_OuterRing_C.uexp" 627
"F:/unreal/DedicatedProject/Content/Asset/StarterBundle/ModularSci_Comm/Meshes/SM_Wall_Det_DoorSmall_B.uasset" 628
"F:/unreal/DedicatedProject/Content/Asset/StarterBundle/ModularSci_Comm/Meshes/SM_Wall_Det_DoorSmall_B.uexp" 629
"F:/unreal/DedicatedProject/Content/Asset/StarterBundle/ModularSci_Comm/Textures/Decals/Text/Words/T_Observation.uasset" 630
"F:/unreal/DedicatedProject/Content/Asset/StarterBundle/ModularSci_Comm/Textures/Decals/Text/Words/T_Observation.uexp" 631
"F:/unreal/DedicatedProject/Content/Asset/StarterBundle/ModularSci_Comm/Materials/Decals/Words/MI_Observation.uasset" 632
"F:/unreal/DedicatedProject/Content/Asset/StarterBundle/ModularSci_Comm/Materials/Decals/Words/MI_Observation.uexp" 633
"F:/unreal/DedicatedProject/Content/Asset/StarterBundle/ModularSci_Int/Textures/T_Hall_Light_Square_Diff.uasset" 634
"F:/unreal/DedicatedProject/Content/Asset/StarterBundle/ModularSci_Int/Textures/T_Hall_Light_Square_Diff.uexp" 635
"F:/unreal/DedicatedProject/Content/Asset/StarterBundle/ModularSci_Int/Textures/T_Hall_Light_Square_M.uasset" 636
"F:/unreal/DedicatedProject/Content/Asset/StarterBundle/ModularSci_Int/Textures/T_Hall_Light_Square_M.uexp" 637
"F:/unreal/DedicatedProject/Content/Asset/StarterBundle/ModularSci_Int/Textures/T_Hall_Light_Square_N_normals.uasset" 638
"F:/unreal/DedicatedProject/Content/Asset/StarterBundle/ModularSci_Int/Textures/T_Hall_Light_Square_N_normals.uexp" 639
"F:/unreal/DedicatedProject/Content/Asset/StarterBundle/ModularSci_Int/Textures/T_Hall_Light_Square_EM.uasset" 640
"F:/unreal/DedicatedProject/Content/Asset/StarterBundle/ModularSci_Int/Textures/T_Hall_Light_Square_EM.uexp" 641
"F:/unreal/DedicatedProject/Content/Asset/StarterBundle/ModularSci_Int/Materials/MI_Light_Square.uasset" 642
"F:/unreal/DedicatedProject/Content/Asset/StarterBundle/ModularSci_Int/Materials/MI_Light_Square.uexp" 643
"F:/unreal/DedicatedProject/Content/Asset/StarterBundle/ModularSci_Int/Meshes/SM_Light_Square.uasset" 644
"F:/unreal/DedicatedProject/Content/Asset/StarterBundle/ModularSci_Int/Meshes/SM_Light_Square.uexp" 645
"F:/unreal/DedicatedProject/Content/Asset/StarterBundle/ModularScifiHallways/Textures/T_Hall_Pipe_Handle_N_normals.uasset" 646
"F:/unreal/DedicatedProject/Content/Asset/StarterBundle/ModularScifiHallways/Textures/T_Hall_Pipe_Handle_N_normals.uexp" 647
"F:/unreal/DedicatedProject/Content/Asset/StarterBundle/ModularScifiHallways/Textures/T_Hall_Pipe_Handle_Diff.uasset" 648
"F:/unreal/DedicatedProject/Content/Asset/StarterBundle/ModularScifiHallways/Textures/T_Hall_Pipe_Handle_Diff.uexp" 649
"F:/unreal/DedicatedProject/Content/Asset/StarterBundle/ModularScifiHallways/Textures/T_Hall_Pipe_Handle_M.uasset" 650
"F:/unreal/DedicatedProject/Content/Asset/StarterBundle/ModularScifiHallways/Textures/T_Hall_Pipe_Handle_M.uexp" 651
"F:/unreal/DedicatedProject/Content/Asset/StarterBundle/ModularScifiHallways/Materials/MI_Hall_Pipes_Handle_M.uasset" 652
"F:/unreal/DedicatedProject/Content/Asset/StarterBundle/ModularScifiHallways/Materials/MI_Hall_Pipes_Handle_M.uexp" 653
"F:/unreal/DedicatedProject/Content/Asset/StarterBundle/ModularScifiHallways/Meshes/SM_Hall_Pipe_Handle.uasset" 654
"F:/unreal/DedicatedProject/Content/Asset/StarterBundle/ModularScifiHallways/Meshes/SM_Hall_Pipe_Handle.uexp" 655
"F:/unreal/DedicatedProject/Content/Asset/StarterBundle/ModularScifiProps/Materials/MI_Base_Gray.uasset" 656
"F:/unreal/DedicatedProject/Content/Asset/StarterBundle/ModularScifiProps/Materials/MI_Base_Gray.uexp" 657
"F:/unreal/DedicatedProject/Content/Asset/StarterBundle/ModularScifiProps/Textures/T_Trims_C_N_normals.uasset" 658
"F:/unreal/DedicatedProject/Content/Asset/StarterBundle/ModularScifiProps/Textures/T_Trims_C_N_normals.uexp" 659
"F:/unreal/DedicatedProject/Content/Asset/StarterBundle/ModularScifiProps/Textures/T_Trims_C_Diff.uasset" 660
"F:/unreal/DedicatedProject/Content/Asset/StarterBundle/ModularScifiProps/Textures/T_Trims_C_Diff.uexp" 661
"F:/unreal/DedicatedProject/Content/Asset/StarterBundle/ModularScifiProps/Materials/MI_Trims_C_Dark.uasset" 662
"F:/unreal/DedicatedProject/Content/Asset/StarterBundle/ModularScifiProps/Materials/MI_Trims_C_Dark.uexp" 663
"F:/unreal/DedicatedProject/Content/Asset/StarterBundle/ModularScifiProps/Textures/T_Screw_N_normals.uasset" 664
"F:/unreal/DedicatedProject/Content/Asset/StarterBundle/ModularScifiProps/Textures/T_Screw_N_normals.uexp" 665
"F:/unreal/DedicatedProject/Content/Asset/StarterBundle/ModularScifiProps/Textures/T_Screw_Diff.uasset" 666
"F:/unreal/DedicatedProject/Content/Asset/StarterBundle/ModularScifiProps/Textures/T_Screw_Diff.uexp" 667
"F:/unreal/DedicatedProject/Content/Asset/StarterBundle/ModularScifiProps/Materials/MI_Screw.uasset" 668
"F:/unreal/DedicatedProject/Content/Asset/StarterBundle/ModularScifiProps/Materials/MI_Screw.uexp" 669
"F:/unreal/DedicatedProject/Content/Asset/StarterBundle/ModularScifiProps/Meshes/SM_GlassDoorway.uasset" 670
"F:/unreal/DedicatedProject/Content/Asset/StarterBundle/ModularScifiProps/Meshes/SM_GlassDoorway.uexp" 671
"F:/unreal/DedicatedProject/Content/Asset/StarterBundle/ModularSci_Comm/Materials/MI_Trims_A_Gray.uasset" 672
"F:/unreal/DedicatedProject/Content/Asset/StarterBundle/ModularSci_Comm/Materials/MI_Trims_A_Gray.uexp" 673
"F:/unreal/DedicatedProject/Content/Asset/StarterBundle/ModularSci_Comm/Meshes/SM_Ceiling_Window_A.uasset" 674
"F:/unreal/DedicatedProject/Content/Asset/StarterBundle/ModularSci_Comm/Meshes/SM_Ceiling_Window_A.uexp" 675
"F:/unreal/DedicatedProject/Content/Asset/StarterBundle/ModularSciFiMats/Textures/Decals/Text/Words/T_Bridge.uasset" 676
"F:/unreal/DedicatedProject/Content/Asset/StarterBundle/ModularSciFiMats/Textures/Decals/Text/Words/T_Bridge.uexp" 677
"F:/unreal/DedicatedProject/Content/Asset/StarterBundle/ModularSciFiMats/Materials/Decals/Words/MI_Bridge2.uasset" 678
"F:/unreal/DedicatedProject/Content/Asset/StarterBundle/ModularSciFiMats/Materials/Decals/Words/MI_Bridge2.uexp" 679
"F:/unreal/DedicatedProject/Content/Asset/StarterBundle/ModularScifiProps/Textures/T_Shelf_A_N_normals.uasset" 680
"F:/unreal/DedicatedProject/Content/Asset/StarterBundle/ModularScifiProps/Textures/T_Shelf_A_N_normals.uexp" 681
"F:/unreal/DedicatedProject/Content/Asset/StarterBundle/ModularScifiProps/Textures/T_Shelf_A_Diff.uasset" 682
"F:/unreal/DedicatedProject/Content/Asset/StarterBundle/ModularScifiProps/Textures/T_Shelf_A_Diff.uexp" 683
"F:/unreal/DedicatedProject/Content/Asset/StarterBundle/ModularScifiProps/Textures/T_Shelf_A_M.uasset" 684
"F:/unreal/DedicatedProject/Content/Asset/StarterBundle/ModularScifiProps/Textures/T_Shelf_A_M.uexp" 685
"F:/unreal/DedicatedProject/Content/Asset/StarterBundle/ModularScifiProps/Materials/MI_Shelf_A.uasset" 686
"F:/unreal/DedicatedProject/Content/Asset/StarterBundle/ModularScifiProps/Materials/MI_Shelf_A.uexp" 687
"F:/unreal/DedicatedProject/Content/Asset/StarterBundle/ModularScifiProps/Meshes/SM_Shelf_A_v3.uasset" 688
"F:/unreal/DedicatedProject/Content/Asset/StarterBundle/ModularScifiProps/Meshes/SM_Shelf_A_v3.uexp" 689
"F:/unreal/DedicatedProject/Content/Asset/StarterBundle/ModularScifiHallways/Meshes/SM_Crate_A.uasset" 690
"F:/unreal/DedicatedProject/Content/Asset/StarterBundle/ModularScifiHallways/Meshes/SM_Crate_A.uexp" 691
"F:/unreal/DedicatedProject/Content/Asset/StarterBundle/ModularSci_Comm/Textures/Decals/Text/T_Text_5.uasset" 692
"F:/unreal/DedicatedProject/Content/Asset/StarterBundle/ModularSci_Comm/Textures/Decals/Text/T_Text_5.uexp" 693
"F:/unreal/DedicatedProject/Content/Asset/StarterBundle/ModularSci_Comm/Materials/Decals/Text/MI_Text_5b.uasset" 694
"F:/unreal/DedicatedProject/Content/Asset/StarterBundle/ModularSci_Comm/Materials/Decals/Text/MI_Text_5b.uexp" 695
"F:/unreal/DedicatedProject/Content/Asset/StarterBundle/ModularScifiProps/Textures/T_Stool_M.uasset" 696
"F:/unreal/DedicatedProject/Content/Asset/StarterBundle/ModularScifiProps/Textures/T_Stool_M.uexp" 697
"F:/unreal/DedicatedProject/Content/Asset/StarterBundle/ModularScifiProps/Textures/T_Stool_N_normals.uasset" 698
"F:/unreal/DedicatedProject/Content/Asset/StarterBundle/ModularScifiProps/Textures/T_Stool_N_normals.uexp" 699
"F:/unreal/DedicatedProject/Content/Asset/StarterBundle/ModularScifiProps/Textures/T_Stool_Diff.uasset" 700
"F:/unreal/DedicatedProject/Content/Asset/StarterBundle/ModularScifiProps/Textures/T_Stool_Diff.uexp" 701
"F:/unreal/DedicatedProject/Content/Asset/StarterBundle/ModularScifiProps/Materials/MI_Stool.uasset" 702
"F:/unreal/DedicatedProject/Content/Asset/StarterBundle/ModularScifiProps/Materials/MI_Stool.uexp" 703
"F:/unreal/DedicatedProject/Content/Asset/StarterBundle/ModularScifiProps/Meshes/SM_Stool.uasset" 704
"F:/unreal/DedicatedProject/Content/Asset/StarterBundle/ModularScifiProps/Meshes/SM_Stool.uexp" 705
"F:/unreal/DedicatedProject/Content/Asset/StarterBundle/ModularSciFiMats/Textures/Decals/Text/Words/T_Arrivals.uasset" 706
"F:/unreal/DedicatedProject/Content/Asset/StarterBundle/ModularSciFiMats/Textures/Decals/Text/Words/T_Arrivals.uexp" 707
"F:/unreal/DedicatedProject/Content/Asset/StarterBundle/ModularSciFiMats/Materials/Decals/Words/MI_Arrivals2.uasset" 708
"F:/unreal/DedicatedProject/Content/Asset/StarterBundle/ModularSciFiMats/Materials/Decals/Words/MI_Arrivals2.uexp" 709
"F:/unreal/DedicatedProject/Content/Asset/StarterBundle/ModularSci_Comm/Materials/MI_FlatBlack.uasset" 710
"F:/unreal/DedicatedProject/Content/Asset/StarterBundle/ModularSci_Comm/Materials/MI_FlatBlack.uexp" 711
"F:/unreal/DedicatedProject/Content/Asset/StarterBundle/ModularSci_Comm/Materials/MI_Trims_C_Light_Dirt.uasset" 712
"F:/unreal/DedicatedProject/Content/Asset/StarterBundle/ModularSci_Comm/Materials/MI_Trims_C_Light_Dirt.uexp" 713
"F:/unreal/DedicatedProject/Content/Asset/StarterBundle/ModularSci_Comm/Meshes/SM_Railing_Center.uasset" 714
"F:/unreal/DedicatedProject/Content/Asset/StarterBundle/ModularSci_Comm/Meshes/SM_Railing_Center.uexp" 715
"F:/unreal/DedicatedProject/Content/Asset/StarterBundle/ModularSci_Comm/Textures/T_Trims_B_ML.uasset" 716
"F:/unreal/DedicatedProject/Content/Asset/StarterBundle/ModularSci_Comm/Textures/T_Trims_B_ML.uexp" 717
"F:/unreal/DedicatedProject/Content/Asset/StarterBundle/ModularSci_Comm/Textures/T_Trims_B_normals.uasset" 718
"F:/unreal/DedicatedProject/Content/Asset/StarterBundle/ModularSci_Comm/Textures/T_Trims_B_normals.uexp" 719
"F:/unreal/DedicatedProject/Content/Asset/StarterBundle/ModularSci_Comm/Textures/T_Trims_B_Diff.uasset" 720
"F:/unreal/DedicatedProject/Content/Asset/StarterBundle/ModularSci_Comm/Textures/T_Trims_B_Diff.uexp" 721
"F:/unreal/DedicatedProject/Content/Asset/StarterBundle/ModularSci_Comm/Materials/MI_Trims_B.uasset" 722
"F:/unreal/DedicatedProject/Content/Asset/StarterBundle/ModularSci_Comm/Materials/MI_Trims_B.uexp" 723
"F:/unreal/DedicatedProject/Content/Asset/StarterBundle/ModularSci_Comm/Materials/MI_Trims_B_Gray.uasset" 724
"F:/unreal/DedicatedProject/Content/Asset/StarterBundle/ModularSci_Comm/Materials/MI_Trims_B_Gray.uexp" 725
"F:/unreal/DedicatedProject/Content/Asset/StarterBundle/ModularSci_Comm/Meshes/SM_Ceiling_Det_B.uasset" 726
"F:/unreal/DedicatedProject/Content/Asset/StarterBundle/ModularSci_Comm/Meshes/SM_Ceiling_Det_B.uexp" 727
"F:/unreal/DedicatedProject/Content/Asset/StarterBundle/ModularSci_Int/Materials/MI_Trims_B_Grey.uasset" 728
"F:/unreal/DedicatedProject/Content/Asset/StarterBundle/ModularSci_Int/Materials/MI_Trims_B_Grey.uexp" 729
"F:/unreal/DedicatedProject/Content/Asset/StarterBundle/ModularSci_Comm/Meshes/SM_Floor_Window_A.uasset" 730
"F:/unreal/DedicatedProject/Content/Asset/StarterBundle/ModularSci_Comm/Meshes/SM_Floor_Window_A.uexp" 731
"F:/unreal/DedicatedProject/Content/Asset/StarterBundle/ModularSci_Comm/Materials/MI_Trims_A_Black2.uasset" 732
"F:/unreal/DedicatedProject/Content/Asset/StarterBundle/ModularSci_Comm/Materials/MI_Trims_A_Black2.uexp" 733
"F:/unreal/DedicatedProject/Content/Asset/StarterBundle/ModularSci_Int/Textures/T_Wall_A_N_normals.uasset" 734
"F:/unreal/DedicatedProject/Content/Asset/StarterBundle/ModularSci_Int/Textures/T_Wall_A_N_normals.uexp" 735
"F:/unreal/DedicatedProject/Content/Asset/StarterBundle/ModularSci_Int/Textures/T_Wall_A_M.uasset" 736
"F:/unreal/DedicatedProject/Content/Asset/StarterBundle/ModularSci_Int/Textures/T_Wall_A_M.uexp" 737
"F:/unreal/DedicatedProject/Content/Asset/StarterBundle/ModularSci_Int/Textures/T_Wall_A_Diff.uasset" 738
"F:/unreal/DedicatedProject/Content/Asset/StarterBundle/ModularSci_Int/Textures/T_Wall_A_Diff.uexp" 739
"F:/unreal/DedicatedProject/Content/Asset/StarterBundle/ModularSci_Int/Materials/MI_Wall_A.uasset" 740
"F:/unreal/DedicatedProject/Content/Asset/StarterBundle/ModularSci_Int/Materials/MI_Wall_A.uexp" 741
"F:/unreal/DedicatedProject/Content/Asset/StarterBundle/ModularSci_Int/Meshes/SM_Wall_A.uasset" 742
"F:/unreal/DedicatedProject/Content/Asset/StarterBundle/ModularSci_Int/Meshes/SM_Wall_A.uexp" 743
"F:/unreal/DedicatedProject/Content/Asset/StarterBundle/ModularSci_Comm/Materials/MI_Trims_C_FloorBlack_Det2.uasset" 744
"F:/unreal/DedicatedProject/Content/Asset/StarterBundle/ModularSci_Comm/Materials/MI_Trims_C_FloorBlack_Det2.uexp" 745
"F:/unreal/DedicatedProject/Content/Asset/StarterBundle/ModularSci_Comm/Materials/MI_Trims_A.uasset" 746
"F:/unreal/DedicatedProject/Content/Asset/StarterBundle/ModularSci_Comm/Materials/MI_Trims_A.uexp" 747
"F:/unreal/DedicatedProject/Content/Asset/StarterBundle/ModularSci_Comm/Meshes/SM_Ceiling_Main_A.uasset" 748
"F:/unreal/DedicatedProject/Content/Asset/StarterBundle/ModularSci_Comm/Meshes/SM_Ceiling_Main_A.uexp" 749
"F:/unreal/DedicatedProject/Content/Asset/StarterBundle/ModularSci_Comm/Materials/MI_Trims_C_Dark3.uasset" 750
"F:/unreal/DedicatedProject/Content/Asset/StarterBundle/ModularSci_Comm/Materials/MI_Trims_C_Dark3.uexp" 751
"F:/unreal/DedicatedProject/Content/Asset/StarterBundle/ModularSci_Comm/Materials/MI_Pipes_A_Light.uasset" 752
"F:/unreal/DedicatedProject/Content/Asset/StarterBundle/ModularSci_Comm/Materials/MI_Pipes_A_Light.uexp" 753
"F:/unreal/DedicatedProject/Content/Asset/StarterBundle/ModularSci_Comm/Meshes/SM_Wall_Pipe_C.uasset" 754
"F:/unreal/DedicatedProject/Content/Asset/StarterBundle/ModularSci_Comm/Meshes/SM_Wall_Pipe_C.uexp" 755
"F:/unreal/DedicatedProject/Content/Asset/StarterBundle/ModularScifiProps/Meshes/SM_WirelessB_Off.uasset" 756
"F:/unreal/DedicatedProject/Content/Asset/StarterBundle/ModularScifiProps/Meshes/SM_WirelessB_Off.uexp" 757
"F:/unreal/DedicatedProject/Content/Asset/StarterBundle/ModularSci_Comm/Materials/MI_Solid_Black2.uasset" 758
"F:/unreal/DedicatedProject/Content/Asset/StarterBundle/ModularSci_Comm/Materials/MI_Solid_Black2.uexp" 759
"F:/unreal/DedicatedProject/Content/Asset/StarterBundle/ModularSci_Comm/Materials/MI_Trims_C_FloorDarkGray.uasset" 760
"F:/unreal/DedicatedProject/Content/Asset/StarterBundle/ModularSci_Comm/Materials/MI_Trims_C_FloorDarkGray.uexp" 761
"F:/unreal/DedicatedProject/Content/Asset/StarterBundle/ModularSci_Comm/Meshes/SM_Wall_Corner_B.uasset" 762
"F:/unreal/DedicatedProject/Content/Asset/StarterBundle/ModularSci_Comm/Meshes/SM_Wall_Corner_B.uexp" 763
"F:/unreal/DedicatedProject/Content/Asset/StarterBundle/ModularSci_Comm/Materials/MI_Floor_Black.uasset" 764
"F:/unreal/DedicatedProject/Content/Asset/StarterBundle/ModularSci_Comm/Materials/MI_Floor_Black.uexp" 765
"F:/unreal/DedicatedProject/Content/Asset/StarterBundle/ModularSci_Comm/Meshes/SM_Floor_Sides_A.uasset" 766
"F:/unreal/DedicatedProject/Content/Asset/StarterBundle/ModularSci_Comm/Meshes/SM_Floor_Sides_A.uexp" 767
"F:/unreal/DedicatedProject/Content/Asset/StarterBundle/ModularSci_Int/Meshes/SM_Pipe_Ceiling_C.uasset" 768
"F:/unreal/DedicatedProject/Content/Asset/StarterBundle/ModularSci_Int/Meshes/SM_Pipe_Ceiling_C.uexp" 769
"F:/unreal/DedicatedProject/Content/Asset/StarterBundle/ModularSci_Comm/Meshes/SM_Light_B.uasset" 770
"F:/unreal/DedicatedProject/Content/Asset/StarterBundle/ModularSci_Comm/Meshes/SM_Light_B.uexp" 771
"F:/unreal/DedicatedProject/Content/Asset/StarterBundle/ModularSci_Comm/Meshes/SM_Wall_Det_DoorBig_F.uasset" 772
"F:/unreal/DedicatedProject/Content/Asset/StarterBundle/ModularSci_Comm/Meshes/SM_Wall_Det_DoorBig_F.uexp" 773
"F:/unreal/DedicatedProject/Content/Asset/StarterBundle/ModularScifiProps/Materials/MI_Trims_C.uasset" 774
"F:/unreal/DedicatedProject/Content/Asset/StarterBundle/ModularScifiProps/Materials/MI_Trims_C.uexp" 775
"F:/unreal/DedicatedProject/Content/Asset/StarterBundle/ModularScifiProps/Meshes/SM_Wall_B.uasset" 776
"F:/unreal/DedicatedProject/Content/Asset/StarterBundle/ModularScifiProps/Meshes/SM_Wall_B.uexp" 777
"F:/unreal/DedicatedProject/Content/Asset/StarterBundle/ModularSciFiMats/Textures/Decals/Signs/T_WarningSign_OM.uasset" 778
"F:/unreal/DedicatedProject/Content/Asset/StarterBundle/ModularSciFiMats/Textures/Decals/Signs/T_WarningSign_OM.uexp" 779
"F:/unreal/DedicatedProject/Content/Asset/StarterBundle/ModularSciFiMats/Textures/Decals/Signs/T_DangerSign.uasset" 780
"F:/unreal/DedicatedProject/Content/Asset/StarterBundle/ModularSciFiMats/Textures/Decals/Signs/T_DangerSign.uexp" 781
"F:/unreal/DedicatedProject/Content/Asset/StarterBundle/ModularSciFiMats/Materials/Decals/Signs/MI_DangerSign.uasset" 782
"F:/unreal/DedicatedProject/Content/Asset/StarterBundle/ModularSciFiMats/Materials/Decals/Signs/MI_DangerSign.uexp" 783
"F:/unreal/DedicatedProject/Content/Asset/StarterBundle/ModularSci_Comm/Meshes/SM_Ceiling_OuterRing_A.uasset" 784
"F:/unreal/DedicatedProject/Content/Asset/StarterBundle/ModularSci_Comm/Meshes/SM_Ceiling_OuterRing_A.uexp" 785
"F:/unreal/DedicatedProject/Content/Asset/StarterBundle/ModularSci_Comm/Meshes/SM_Ceiling_Ring_A1.uasset" 786
"F:/unreal/DedicatedProject/Content/Asset/StarterBundle/ModularSci_Comm/Meshes/SM_Ceiling_Ring_A1.uexp" 787
"F:/unreal/DedicatedProject/Content/Asset/StarterBundle/ModularSci_Comm/Meshes/SM_Wall_Det_DoorBig_D.uasset" 788
"F:/unreal/DedicatedProject/Content/Asset/StarterBundle/ModularSci_Comm/Meshes/SM_Wall_Det_DoorBig_D.uexp" 789
"F:/unreal/DedicatedProject/Content/Asset/StarterBundle/ModularSci_Int/Materials/MI_Trims_B_Yello.uasset" 790
"F:/unreal/DedicatedProject/Content/Asset/StarterBundle/ModularSci_Int/Materials/MI_Trims_B_Yello.uexp" 791
"F:/unreal/DedicatedProject/Content/Asset/StarterBundle/ModularSci_Int/Textures/T_Win_FloorEdge_B_Diff.uasset" 792
"F:/unreal/DedicatedProject/Content/Asset/StarterBundle/ModularSci_Int/Textures/T_Win_FloorEdge_B_Diff.uexp" 793
"F:/unreal/DedicatedProject/Content/Asset/StarterBundle/ModularSci_Int/Textures/T_Win_FloorEdge_B_N_normals.uasset" 794
"F:/unreal/DedicatedProject/Content/Asset/StarterBundle/ModularSci_Int/Textures/T_Win_FloorEdge_B_N_normals.uexp" 795
"F:/unreal/DedicatedProject/Content/Asset/StarterBundle/ModularSci_Int/Textures/T_Win_FloorEdge_B_M.uasset" 796
"F:/unreal/DedicatedProject/Content/Asset/StarterBundle/ModularSci_Int/Textures/T_Win_FloorEdge_B_M.uexp" 797
"F:/unreal/DedicatedProject/Content/Asset/StarterBundle/ModularSci_Int/Materials/MI_Win_FloorEdge_B.uasset" 798
"F:/unreal/DedicatedProject/Content/Asset/StarterBundle/ModularSci_Int/Materials/MI_Win_FloorEdge_B.uexp" 799
"F:/unreal/DedicatedProject/Content/Asset/StarterBundle/ModularSci_Int/Meshes/SM_Win_FloorEdge_C.uasset" 800
"F:/unreal/DedicatedProject/Content/Asset/StarterBundle/ModularSci_Int/Meshes/SM_Win_FloorEdge_C.uexp" 801
"F:/unreal/DedicatedProject/Content/Asset/StarterBundle/ModularSci_Comm/Meshes/SM_Wall_Pipe_DoorBig.uasset" 802
"F:/unreal/DedicatedProject/Content/Asset/StarterBundle/ModularSci_Comm/Meshes/SM_Wall_Pipe_DoorBig.uexp" 803
"F:/unreal/DedicatedProject/Content/Asset/StarterBundle/ModularSciFiMats/Textures/Decals/Shapes/T_Square_AB_M.uasset" 804
"F:/unreal/DedicatedProject/Content/Asset/StarterBundle/ModularSciFiMats/Textures/Decals/Shapes/T_Square_AB_M.uexp" 805
"F:/unreal/DedicatedProject/Content/Asset/StarterBundle/ModularSciFiMats/Textures/Decals/Shapes/T_Square_A_Scr_OM.uasset" 806
"F:/unreal/DedicatedProject/Content/Asset/StarterBundle/ModularSciFiMats/Textures/Decals/Shapes/T_Square_A_Scr_OM.uexp" 807
"F:/unreal/DedicatedProject/Content/Asset/StarterBundle/ModularSciFiMats/Textures/Decals/Shapes/T_Square_A.uasset" 808
"F:/unreal/DedicatedProject/Content/Asset/StarterBundle/ModularSciFiMats/Textures/Decals/Shapes/T_Square_A.uexp" 809
"F:/unreal/DedicatedProject/Content/Asset/StarterBundle/ModularSciFiMats/Materials/Decals/Shapes/MI_Square_A_Scr.uasset" 810
"F:/unreal/DedicatedProject/Content/Asset/StarterBundle/ModularSciFiMats/Materials/Decals/Shapes/MI_Square_A_Scr.uexp" 811
"F:/unreal/DedicatedProject/Content/Asset/StarterBundle/ModularSci_Comm/Meshes/SM_Ceiling_Sides_A.uasset" 812
"F:/unreal/DedicatedProject/Content/Asset/StarterBundle/ModularSci_Comm/Meshes/SM_Ceiling_Sides_A.uexp" 813
"F:/unreal/DedicatedProject/Content/Asset/StarterBundle/ModularSci_Comm/Meshes/SM_Wall_Pipe_F.uasset" 814
"F:/unreal/DedicatedProject/Content/Asset/StarterBundle/ModularSci_Comm/Meshes/SM_Wall_Pipe_F.uexp" 815
"F:/unreal/DedicatedProject/Content/Asset/StarterBundle/ModularSciFiMats/Textures/Decals/Stripes/T_Stripe_A_Scr_OM.uasset" 816
"F:/unreal/DedicatedProject/Content/Asset/StarterBundle/ModularSciFiMats/Textures/Decals/Stripes/T_Stripe_A_Scr_OM.uexp" 817
"F:/unreal/DedicatedProject/Content/Asset/StarterBundle/ModularSciFiMats/Textures/Decals/Stripes/T_Stripe_A.uasset" 818
"F:/unreal/DedicatedProject/Content/Asset/StarterBundle/ModularSciFiMats/Textures/Decals/Stripes/T_Stripe_A.uexp" 819
"F:/unreal/DedicatedProject/Content/Asset/StarterBundle/ModularSciFiMats/Textures/Decals/Stripes/T_Stripe_A_M.uasset" 820
"F:/unreal/DedicatedProject/Content/Asset/StarterBundle/ModularSciFiMats/Textures/Decals/Stripes/T_Stripe_A_M.uexp" 821
"F:/unreal/DedicatedProject/Content/Asset/StarterBundle/ModularSciFiMats/Materials/Decals/Stripes/MI_Stripe_A.uasset" 822
"F:/unreal/DedicatedProject/Content/Asset/StarterBundle/ModularSciFiMats/Materials/Decals/Stripes/MI_Stripe_A.uexp" 823
"F:/unreal/DedicatedProject/Content/Asset/StarterBundle/ModularSci_Int/Meshes/SM_Wall_B.uasset" 824
"F:/unreal/DedicatedProject/Content/Asset/StarterBundle/ModularSci_Int/Meshes/SM_Wall_B.uexp" 825
"F:/unreal/DedicatedProject/Content/Asset/StarterBundle/ModularSci_Int/Meshes/SM_Wall_B_2.uasset" 826
"F:/unreal/DedicatedProject/Content/Asset/StarterBundle/ModularSci_Int/Meshes/SM_Wall_B_2.uexp" 827
"F:/unreal/DedicatedProject/Content/Asset/StarterBundle/ModularSci_Int/Meshes/SM_Wall_B_3.uasset" 828
"F:/unreal/DedicatedProject/Content/Asset/StarterBundle/ModularSci_Int/Meshes/SM_Wall_B_3.uexp" 829
"F:/unreal/DedicatedProject/Content/Asset/StarterBundle/ModularScifiProps/Materials/MI_WirelessBooster2.uasset" 830
"F:/unreal/DedicatedProject/Content/Asset/StarterBundle/ModularScifiProps/Materials/MI_WirelessBooster2.uexp" 831
"F:/unreal/DedicatedProject/Content/Asset/StarterBundle/ModularSci_Comm/Meshes/SM_Wall_Det_DoorBig_C.uasset" 832
"F:/unreal/DedicatedProject/Content/Asset/StarterBundle/ModularSci_Comm/Meshes/SM_Wall_Det_DoorBig_C.uexp" 833
"F:/unreal/DedicatedProject/Content/Asset/StarterBundle/ModularSciFiMats/Textures/Decals/Text/Words/T_Engineering.uasset" 834
"F:/unreal/DedicatedProject/Content/Asset/StarterBundle/ModularSciFiMats/Textures/Decals/Text/Words/T_Engineering.uexp" 835
"F:/unreal/DedicatedProject/Content/Asset/StarterBundle/ModularSciFiMats/Materials/Decals/Words/MI_Engineering.uasset" 836
"F:/unreal/DedicatedProject/Content/Asset/StarterBundle/ModularSciFiMats/Materials/Decals/Words/MI_Engineering.uexp" 837
"F:/unreal/DedicatedProject/Content/Asset/StarterBundle/ModularSci_Comm/Materials/MI_Glass_ObservationWindow.uasset" 838
"F:/unreal/DedicatedProject/Content/Asset/StarterBundle/ModularSci_Comm/Materials/MI_Glass_ObservationWindow.uexp" 839
"F:/unreal/DedicatedProject/Content/Asset/StarterBundle/ModularSci_Comm/Textures/Decals/Arrows/T_Arrow_F.uasset" 840
"F:/unreal/DedicatedProject/Content/Asset/StarterBundle/ModularSci_Comm/Textures/Decals/Arrows/T_Arrow_F.uexp" 841
"F:/unreal/DedicatedProject/Content/Asset/StarterBundle/ModularSci_Comm/Materials/Decals/Arrows/MI_Arrow_F_White.uasset" 842
"F:/unreal/DedicatedProject/Content/Asset/StarterBundle/ModularSci_Comm/Materials/Decals/Arrows/MI_Arrow_F_White.uexp" 843
"F:/unreal/DedicatedProject/Content/Asset/StarterBundle/ModularSciFiMats/Materials/Decals/Words/MI_Bridge.uasset" 844
"F:/unreal/DedicatedProject/Content/Asset/StarterBundle/ModularSciFiMats/Materials/Decals/Words/MI_Bridge.uexp" 845
"F:/unreal/DedicatedProject/Content/Asset/StarterBundle/ModularSci_Comm/Materials/MI_Trims_C_LightGray2.uasset" 846
"F:/unreal/DedicatedProject/Content/Asset/StarterBundle/ModularSci_Comm/Materials/MI_Trims_C_LightGray2.uexp" 847
"F:/unreal/DedicatedProject/Content/Asset/StarterBundle/ModularSci_Comm/Meshes/SM_Wall_Pipe_H.uasset" 848
"F:/unreal/DedicatedProject/Content/Asset/StarterBundle/ModularSci_Comm/Meshes/SM_Wall_Pipe_H.uexp" 849
"F:/unreal/DedicatedProject/Content/Asset/StarterBundle/ModularSci_Comm/Textures/Decals/Text/T_Text_D.uasset" 850
"F:/unreal/DedicatedProject/Content/Asset/StarterBundle/ModularSci_Comm/Textures/Decals/Text/T_Text_D.uexp" 851
"F:/unreal/DedicatedProject/Content/Asset/StarterBundle/ModularSci_Comm/Materials/Decals/Text/MI_Text_D.uasset" 852
"F:/unreal/DedicatedProject/Content/Asset/StarterBundle/ModularSci_Comm/Materials/Decals/Text/MI_Text_D.uexp" 853
"F:/unreal/DedicatedProject/Content/Asset/StarterBundle/ModularSci_Comm/Textures/Decals/Normals/T_Indent_B_M.uasset" 854
"F:/unreal/DedicatedProject/Content/Asset/StarterBundle/ModularSci_Comm/Textures/Decals/Normals/T_Indent_B_M.uexp" 855
"F:/unreal/DedicatedProject/Content/Asset/StarterBundle/ModularSci_Comm/Textures/Decals/Normals/T_Indent_B_occlusion.uasset" 856
"F:/unreal/DedicatedProject/Content/Asset/StarterBundle/ModularSci_Comm/Textures/Decals/Normals/T_Indent_B_occlusion.uexp" 857
"F:/unreal/DedicatedProject/Content/Asset/StarterBundle/ModularSci_Comm/Textures/Decals/Normals/T_LightDecal_A_EM.uasset" 858
"F:/unreal/DedicatedProject/Content/Asset/StarterBundle/ModularSci_Comm/Textures/Decals/Normals/T_LightDecal_A_EM.uexp" 859
"F:/unreal/DedicatedProject/Content/Asset/StarterBundle/ModularSci_Comm/Textures/Decals/Normals/T_Indent_B_normals.uasset" 860
"F:/unreal/DedicatedProject/Content/Asset/StarterBundle/ModularSci_Comm/Textures/Decals/Normals/T_Indent_B_normals.uexp" 861
"F:/unreal/DedicatedProject/Content/Asset/StarterBundle/ModularSci_Comm/Materials/Decals/Normals/M_Base_DecalNorm.uasset" 862
"F:/unreal/DedicatedProject/Content/Asset/StarterBundle/ModularSci_Comm/Materials/Decals/Normals/M_Base_DecalNorm.uexp" 863
"F:/unreal/DedicatedProject/Content/Asset/StarterBundle/ModularSci_Comm/Materials/Decals/Normals/MI_Indent_B.uasset" 864
"F:/unreal/DedicatedProject/Content/Asset/StarterBundle/ModularSci_Comm/Materials/Decals/Normals/MI_Indent_B.uexp" 865
"F:/unreal/DedicatedProject/Content/Asset/StarterBundle/ModularSci_Comm/Meshes/SM_Ceiling_Panel_A.uasset" 866
"F:/unreal/DedicatedProject/Content/Asset/StarterBundle/ModularSci_Comm/Meshes/SM_Ceiling_Panel_A.uexp" 867
"F:/unreal/DedicatedProject/Content/Asset/StarterBundle/ModularSci_Comm/Meshes/SM_Floor_Panel_A1.uasset" 868
"F:/unreal/DedicatedProject/Content/Asset/StarterBundle/ModularSci_Comm/Meshes/SM_Floor_Panel_A1.uexp" 869
"F:/unreal/DedicatedProject/Content/Asset/StarterBundle/ModularSci_Comm/Meshes/SM_Wall_Window_Pipe.uasset" 870
"F:/unreal/DedicatedProject/Content/Asset/StarterBundle/ModularSci_Comm/Meshes/SM_Wall_Window_Pipe.uexp" 871
"F:/unreal/DedicatedProject/Content/Asset/StarterBundle/ModularSciFiMats/Textures/Decals/Stripes/T_Stripe_F.uasset" 872
"F:/unreal/DedicatedProject/Content/Asset/StarterBundle/ModularSciFiMats/Textures/Decals/Stripes/T_Stripe_F.uexp" 873
"F:/unreal/DedicatedProject/Content/Asset/StarterBundle/ModularSciFiMats/Materials/Decals/Stripes/MI_Stripe_F.uasset" 874
"F:/unreal/DedicatedProject/Content/Asset/StarterBundle/ModularSciFiMats/Materials/Decals/Stripes/MI_Stripe_F.uexp" 875
"F:/unreal/DedicatedProject/Content/Asset/StarterBundle/ModularSci_Int/Materials/MI_Trims_B_Red.uasset" 876
"F:/unreal/DedicatedProject/Content/Asset/StarterBundle/ModularSci_Int/Materials/MI_Trims_B_Red.uexp" 877
"F:/unreal/DedicatedProject/Content/Asset/StarterBundle/ModularSciFiMats/Textures/Decals/Signs/T_CautionTriangle_B.uasset" 878
"F:/unreal/DedicatedProject/Content/Asset/StarterBundle/ModularSciFiMats/Textures/Decals/Signs/T_CautionTriangle_B.uexp" 879
"F:/unreal/DedicatedProject/Content/Asset/StarterBundle/ModularSciFiMats/Materials/Decals/Signs/MI_CautionTriangle_B.uasset" 880
"F:/unreal/DedicatedProject/Content/Asset/StarterBundle/ModularSciFiMats/Materials/Decals/Signs/MI_CautionTriangle_B.uexp" 881
"F:/unreal/DedicatedProject/Content/Asset/StarterBundle/ModularSci_Int/Textures/T_Trims_A_Diff.uasset" 882
"F:/unreal/DedicatedProject/Content/Asset/StarterBundle/ModularSci_Int/Textures/T_Trims_A_Diff.uexp" 883
"F:/unreal/DedicatedProject/Content/Asset/StarterBundle/ModularSci_Int/Textures/T_Trims_A_M.uasset" 884
"F:/unreal/DedicatedProject/Content/Asset/StarterBundle/ModularSci_Int/Textures/T_Trims_A_M.uexp" 885
"F:/unreal/DedicatedProject/Content/Asset/StarterBundle/ModularSci_Int/Textures/T_Trims_A_N_normals.uasset" 886
"F:/unreal/DedicatedProject/Content/Asset/StarterBundle/ModularSci_Int/Textures/T_Trims_A_N_normals.uexp" 887
"F:/unreal/DedicatedProject/Content/Asset/StarterBundle/ModularSci_Int/Materials/MI_Trims_A.uasset" 888
"F:/unreal/DedicatedProject/Content/Asset/StarterBundle/ModularSci_Int/Materials/MI_Trims_A.uexp" 889
"F:/unreal/DedicatedProject/Content/Asset/StarterBundle/ModularSci_Int/Meshes/SM_Ceiling_B.uasset" 890
"F:/unreal/DedicatedProject/Content/Asset/StarterBundle/ModularSci_Int/Meshes/SM_Ceiling_B.uexp" 891
"F:/unreal/DedicatedProject/Content/Asset/StarterBundle/ModularSci_Int/Meshes/SM_Ceiling_B_2.uasset" 892
"F:/unreal/DedicatedProject/Content/Asset/StarterBundle/ModularSci_Int/Meshes/SM_Ceiling_B_2.uexp" 893
"F:/unreal/DedicatedProject/Content/Asset/StarterBundle/ModularSci_Int/Meshes/SM_Ceiling_B_4.uasset" 894
"F:/unreal/DedicatedProject/Content/Asset/StarterBundle/ModularSci_Int/Meshes/SM_Ceiling_B_4.uexp" 895
"F:/unreal/DedicatedProject/Content/Asset/StarterBundle/ModularSci_Comm/Textures/Decals/Normals/T_LightDecal_A_occlusion.uasset" 896
"F:/unreal/DedicatedProject/Content/Asset/StarterBundle/ModularSci_Comm/Textures/Decals/Normals/T_LightDecal_A_occlusion.uexp" 897
"F:/unreal/DedicatedProject/Content/Asset/StarterBundle/ModularSci_Comm/Textures/Decals/Normals/T_LightDecal_A_M.uasset" 898
"F:/unreal/DedicatedProject/Content/Asset/StarterBundle/ModularSci_Comm/Textures/Decals/Normals/T_LightDecal_A_M.uexp" 899
"F:/unreal/DedicatedProject/Content/Asset/StarterBundle/ModularSci_Comm/Textures/Decals/Normals/T_LightDecal_A_normals.uasset" 900
"F:/unreal/DedicatedProject/Content/Asset/StarterBundle/ModularSci_Comm/Textures/Decals/Normals/T_LightDecal_A_normals.uexp" 901
"F:/unreal/DedicatedProject/Content/Asset/StarterBundle/ModularSci_Comm/Materials/Decals/Normals/MI_Light_A_Red.uasset" 902
"F:/unreal/DedicatedProject/Content/Asset/StarterBundle/ModularSci_Comm/Materials/Decals/Normals/MI_Light_A_Red.uexp" 903
"F:/unreal/DedicatedProject/Content/Asset/StarterBundle/ModularSci_Comm/Textures/Decals/Arrows/T_Arrow_A.uasset" 904
"F:/unreal/DedicatedProject/Content/Asset/StarterBundle/ModularSci_Comm/Textures/Decals/Arrows/T_Arrow_A.uexp" 905
"F:/unreal/DedicatedProject/Content/Asset/StarterBundle/ModularSci_Comm/Materials/Decals/Arrows/MI_Arrow_A_Red.uasset" 906
"F:/unreal/DedicatedProject/Content/Asset/StarterBundle/ModularSci_Comm/Materials/Decals/Arrows/MI_Arrow_A_Red.uexp" 907
"F:/unreal/DedicatedProject/Content/Asset/StarterBundle/ModularSci_Int/Meshes/SM_WallEdge_A.uasset" 908
"F:/unreal/DedicatedProject/Content/Asset/StarterBundle/ModularSci_Int/Meshes/SM_WallEdge_A.uexp" 909
"F:/unreal/DedicatedProject/Content/Asset/StarterBundle/ModularSci_Int/Meshes/SM_WallEdge_A_2.uasset" 910
"F:/unreal/DedicatedProject/Content/Asset/StarterBundle/ModularSci_Int/Meshes/SM_WallEdge_A_2.uexp" 911
"F:/unreal/DedicatedProject/Content/Asset/StarterBundle/ModularSci_Int/Meshes/SM_WallEdge_A_3.uasset" 912
"F:/unreal/DedicatedProject/Content/Asset/StarterBundle/ModularSci_Int/Meshes/SM_WallEdge_A_3.uexp" 913
"F:/unreal/DedicatedProject/Content/Asset/StarterBundle/ModularSci_Int/Meshes/SM_WallEdge_A_4.uasset" 914
"F:/unreal/DedicatedProject/Content/Asset/StarterBundle/ModularSci_Int/Meshes/SM_WallEdge_A_4.uexp" 915
"F:/unreal/DedicatedProject/Content/Asset/StarterBundle/ModularSci_Comm/Textures/T_Wall_Detail_A_ML.uasset" 916
"F:/unreal/DedicatedProject/Content/Asset/StarterBundle/ModularSci_Comm/Textures/T_Wall_Detail_A_ML.uexp" 917
"F:/unreal/DedicatedProject/Content/Asset/StarterBundle/ModularSci_Comm/Textures/T_Wall_Detail_A_Diff.uasset" 918
"F:/unreal/DedicatedProject/Content/Asset/StarterBundle/ModularSci_Comm/Textures/T_Wall_Detail_A_Diff.uexp" 919
"F:/unreal/DedicatedProject/Content/Asset/StarterBundle/ModularSci_Comm/Textures/T_Wall_Detail_A_normals.uasset" 920
"F:/unreal/DedicatedProject/Content/Asset/StarterBundle/ModularSci_Comm/Textures/T_Wall_Detail_A_normals.uexp" 921
"F:/unreal/DedicatedProject/Content/Asset/StarterBundle/ModularSci_Comm/Materials/MI_Wall_Detail_A.uasset" 922
"F:/unreal/DedicatedProject/Content/Asset/StarterBundle/ModularSci_Comm/Materials/MI_Wall_Detail_A.uexp" 923
"F:/unreal/DedicatedProject/Content/Asset/StarterBundle/ModularSci_Comm/Meshes/SM_Wall_Detail_A.uasset" 924
"F:/unreal/DedicatedProject/Content/Asset/StarterBundle/ModularSci_Comm/Meshes/SM_Wall_Detail_A.uexp" 925
"F:/unreal/DedicatedProject/Content/Asset/StarterBundle/ModularSci_Comm/Meshes/SM_Windows_A.uasset" 926
"F:/unreal/DedicatedProject/Content/Asset/StarterBundle/ModularSci_Comm/Meshes/SM_Windows_A.uexp" 927
"F:/unreal/DedicatedProject/Content/Asset/StarterBundle/ModularSci_Comm/Meshes/SM_Floor_Panel_A4.uasset" 928
"F:/unreal/DedicatedProject/Content/Asset/StarterBundle/ModularSci_Comm/Meshes/SM_Floor_Panel_A4.uexp" 929
"F:/unreal/DedicatedProject/Content/Asset/StarterBundle/ModularSci_Comm/Meshes/SM_Ceiling_Main_D.uasset" 930
"F:/unreal/DedicatedProject/Content/Asset/StarterBundle/ModularSci_Comm/Meshes/SM_Ceiling_Main_D.uexp" 931
"../../../Engine/Content/Functions/Engine_MaterialFunctions02/Fresnel_Function.uasset" 932
"../../../Engine/Content/Functions/Engine_MaterialFunctions02/Fresnel_Function.uexp" 933
"F:/unreal/DedicatedProject/Content/Asset/StarterBundle/ModularScifiProps/Materials/M_Glass_Base.uasset" 934
"F:/unreal/DedicatedProject/Content/Asset/StarterBundle/ModularScifiProps/Materials/M_Glass_Base.uexp" 935
"F:/unreal/DedicatedProject/Content/Asset/StarterBundle/ModularScifiProps/Materials/MI_GlassCup.uasset" 936
"F:/unreal/DedicatedProject/Content/Asset/StarterBundle/ModularScifiProps/Materials/MI_GlassCup.uexp" 937
"F:/unreal/DedicatedProject/Content/Asset/StarterBundle/ModularScifiProps/Meshes/SM_GlassCup.uasset" 938
"F:/unreal/DedicatedProject/Content/Asset/StarterBundle/ModularScifiProps/Meshes/SM_GlassCup.uexp" 939
"F:/unreal/DedicatedProject/Content/Asset/StarterBundle/ModularSciFiMats/Textures/Decals/Text/T_Text_3.uasset" 940
"F:/unreal/DedicatedProject/Content/Asset/StarterBundle/ModularSciFiMats/Textures/Decals/Text/T_Text_3.uexp" 941
"F:/unreal/DedicatedProject/Content/Asset/StarterBundle/ModularSciFiMats/Materials/Decals/Text/MI_Text_3b.uasset" 942
"F:/unreal/DedicatedProject/Content/Asset/StarterBundle/ModularSciFiMats/Materials/Decals/Text/MI_Text_3b.uexp" 943
"F:/unreal/DedicatedProject/Content/Asset/StarterBundle/ModularSci_Comm/Meshes/SM_Railing_Window.uasset" 944
"F:/unreal/DedicatedProject/Content/Asset/StarterBundle/ModularSci_Comm/Meshes/SM_Railing_Window.uexp" 945
"F:/unreal/DedicatedProject/Content/Asset/StarterBundle/ModularSciFiMats/Textures/Decals/Shapes/T_Circle_C.uasset" 946
"F:/unreal/DedicatedProject/Content/Asset/StarterBundle/ModularSciFiMats/Textures/Decals/Shapes/T_Circle_C.uexp" 947
"F:/unreal/DedicatedProject/Content/Asset/StarterBundle/ModularSciFiMats/Textures/Decals/Shapes/T_Circle_ABC_M.uasset" 948
"F:/unreal/DedicatedProject/Content/Asset/StarterBundle/ModularSciFiMats/Textures/Decals/Shapes/T_Circle_ABC_M.uexp" 949
"F:/unreal/DedicatedProject/Content/Asset/StarterBundle/ModularSciFiMats/Materials/Decals/Shapes/MI_Circle_C.uasset" 950
"F:/unreal/DedicatedProject/Content/Asset/StarterBundle/ModularSciFiMats/Materials/Decals/Shapes/MI_Circle_C.uexp" 951
"F:/unreal/DedicatedProject/Content/Asset/StarterBundle/ModularSci_Int/Meshes/SM_Win_FloorEdge_B.uasset" 952
"F:/unreal/DedicatedProject/Content/Asset/StarterBundle/ModularSci_Int/Meshes/SM_Win_FloorEdge_B.uexp" 953
"F:/unreal/DedicatedProject/Content/Asset/StarterBundle/ModularSciFiMats/Textures/Decals/Arrows/T_Arrow_F.uasset" 954
"F:/unreal/DedicatedProject/Content/Asset/StarterBundle/ModularSciFiMats/Textures/Decals/Arrows/T_Arrow_F.uexp" 955
"F:/unreal/DedicatedProject/Content/Asset/StarterBundle/ModularSciFiMats/Materials/Decals/Arrows/MI_Arrow_F3.uasset" 956
"F:/unreal/DedicatedProject/Content/Asset/StarterBundle/ModularSciFiMats/Materials/Decals/Arrows/MI_Arrow_F3.uexp" 957
"F:/unreal/DedicatedProject/Content/Asset/StarterBundle/ModularSci_Comm/Meshes/SM_Floor_Center_A1.uasset" 958
"F:/unreal/DedicatedProject/Content/Asset/StarterBundle/ModularSci_Comm/Meshes/SM_Floor_Center_A1.uexp" 959
"F:/unreal/DedicatedProject/Content/Asset/StarterBundle/ModularSci_Comm/Textures/Decals/Text/Words/T_Deck.uasset" 960
"F:/unreal/DedicatedProject/Content/Asset/StarterBundle/ModularSci_Comm/Textures/Decals/Text/Words/T_Deck.uexp" 961
"F:/unreal/DedicatedProject/Content/Asset/StarterBundle/ModularSci_Comm/Materials/Decals/Words/MI_Deck_Black.uasset" 962
"F:/unreal/DedicatedProject/Content/Asset/StarterBundle/ModularSci_Comm/Materials/Decals/Words/MI_Deck_Black.uexp" 963
"F:/unreal/DedicatedProject/Content/Asset/StarterBundle/ModularSci_Comm/Meshes/SM_Floor_Window_B.uasset" 964
"F:/unreal/DedicatedProject/Content/Asset/StarterBundle/ModularSci_Comm/Meshes/SM_Floor_Window_B.uexp" 965
"F:/unreal/DedicatedProject/Content/Asset/StarterBundle/ModularSci_Comm/Meshes/SM_Ceiling_Main_B.uasset" 966
"F:/unreal/DedicatedProject/Content/Asset/StarterBundle/ModularSci_Comm/Meshes/SM_Ceiling_Main_B.uexp" 967
"F:/unreal/DedicatedProject/Content/Asset/StarterBundle/ModularSci_Comm/Materials/MI_Trims_C_Yellow2.uasset" 968
"F:/unreal/DedicatedProject/Content/Asset/StarterBundle/ModularSci_Comm/Materials/MI_Trims_C_Yellow2.uexp" 969
"F:/unreal/DedicatedProject/Content/Asset/StarterBundle/ModularSci_Comm/Materials/Decals/Text/MI_Text_Dash.uasset" 970
"F:/unreal/DedicatedProject/Content/Asset/StarterBundle/ModularSci_Comm/Materials/Decals/Text/MI_Text_Dash.uexp" 971
"F:/unreal/DedicatedProject/Content/Asset/StarterBundle/ModularSci_Comm/Materials/MI_Wall_Detail_A3.uasset" 972
"F:/unreal/DedicatedProject/Content/Asset/StarterBundle/ModularSci_Comm/Materials/MI_Wall_Detail_A3.uexp" 973
"F:/unreal/DedicatedProject/Content/Asset/StarterBundle/ModularSci_Comm/Meshes/SM_Wall_Det_DoorBig_B.uasset" 974
"F:/unreal/DedicatedProject/Content/Asset/StarterBundle/ModularSci_Comm/Meshes/SM_Wall_Det_DoorBig_B.uexp" 975
"F:/unreal/DedicatedProject/Content/Asset/StarterBundle/ModularSci_Comm/Meshes/SM_Wall_Center_A.uasset" 976
"F:/unreal/DedicatedProject/Content/Asset/StarterBundle/ModularSci_Comm/Meshes/SM_Wall_Center_A.uexp" 977
"F:/unreal/DedicatedProject/Content/Asset/StarterBundle/ModularSciFiMats/Textures/Decals/Arrows/T_Arrow_B_Scr_OM.uasset" 978
"F:/unreal/DedicatedProject/Content/Asset/StarterBundle/ModularSciFiMats/Textures/Decals/Arrows/T_Arrow_B_Scr_OM.uexp" 979
"F:/unreal/DedicatedProject/Content/Asset/StarterBundle/ModularSciFiMats/Textures/Decals/Arrows/T_Arrow_B.uasset" 980
"F:/unreal/DedicatedProject/Content/Asset/StarterBundle/ModularSciFiMats/Textures/Decals/Arrows/T_Arrow_B.uexp" 981
"F:/unreal/DedicatedProject/Content/Asset/StarterBundle/ModularSciFiMats/Materials/Decals/Arrows/MI_Arrow_B_Scr.uasset" 982
"F:/unreal/DedicatedProject/Content/Asset/StarterBundle/ModularSciFiMats/Materials/Decals/Arrows/MI_Arrow_B_Scr.uexp" 983
"F:/unreal/DedicatedProject/Content/Asset/StarterBundle/ModularSci_Int/Materials/M_SolidColor_Base.uasset" 984
"F:/unreal/DedicatedProject/Content/Asset/StarterBundle/ModularSci_Int/Materials/M_SolidColor_Base.uexp" 985
"F:/unreal/DedicatedProject/Content/Asset/StarterBundle/ModularSci_Int/Materials/MI_WhiteMetal.uasset" 986
"F:/unreal/DedicatedProject/Content/Asset/StarterBundle/ModularSci_Int/Materials/MI_WhiteMetal.uexp" 987
"F:/unreal/DedicatedProject/Content/Asset/StarterBundle/ModularSci_Int/Meshes/SM_Doorway_S_C.uasset" 988
"F:/unreal/DedicatedProject/Content/Asset/StarterBundle/ModularSci_Int/Meshes/SM_Doorway_S_C.uexp" 989
"F:/unreal/DedicatedProject/Content/Asset/StarterBundle/ModularSci_Comm/Meshes/SM_Wall_B.uasset" 990
"F:/unreal/DedicatedProject/Content/Asset/StarterBundle/ModularSci_Comm/Meshes/SM_Wall_B.uexp" 991
"F:/unreal/DedicatedProject/Content/Asset/StarterBundle/ModularSci_Comm/Materials/Decals/Arrows/MI_Arrow_F.uasset" 992
"F:/unreal/DedicatedProject/Content/Asset/StarterBundle/ModularSci_Comm/Materials/Decals/Arrows/MI_Arrow_F.uexp" 993
"F:/unreal/DedicatedProject/Content/Asset/StarterBundle/ModularScifiProps/Textures/T_FireSprinkler_Diff.uasset" 994
"F:/unreal/DedicatedProject/Content/Asset/StarterBundle/ModularScifiProps/Textures/T_FireSprinkler_Diff.uexp" 995
"F:/unreal/DedicatedProject/Content/Asset/StarterBundle/ModularScifiProps/Textures/T_FireSprinkler_N_normals.uasset" 996
"F:/unreal/DedicatedProject/Content/Asset/StarterBundle/ModularScifiProps/Textures/T_FireSprinkler_N_normals.uexp" 997
"F:/unreal/DedicatedProject/Content/Asset/StarterBundle/ModularScifiProps/Textures/T_FireSprinkler_M.uasset" 998
"F:/unreal/DedicatedProject/Content/Asset/StarterBundle/ModularScifiProps/Textures/T_FireSprinkler_M.uexp" 999
"F:/unreal/DedicatedProject/Content/Asset/StarterBundle/ModularScifiProps/Materials/MI_FireSprinkler.uasset" 1000
"F:/unreal/DedicatedProject/Content/Asset/StarterBundle/ModularScifiProps/Materials/MI_FireSprinkler.uexp" 1001
"F:/unreal/DedicatedProject/Content/Asset/StarterBundle/ModularScifiProps/Meshes/SM_FireSprinkler.uasset" 1002
"F:/unreal/DedicatedProject/Content/Asset/StarterBundle/ModularScifiProps/Meshes/SM_FireSprinkler.uexp" 1003
"F:/unreal/DedicatedProject/Content/Asset/StarterBundle/ModularScifiHallways/Textures/T_EnergyCore_A_M.uasset" 1004
"F:/unreal/DedicatedProject/Content/Asset/StarterBundle/ModularScifiHallways/Textures/T_EnergyCore_A_M.uexp" 1005
"F:/unreal/DedicatedProject/Content/Asset/StarterBundle/ModularScifiHallways/Textures/T_EnergyCore_A_Diff.uasset" 1006
"F:/unreal/DedicatedProject/Content/Asset/StarterBundle/ModularScifiHallways/Textures/T_EnergyCore_A_Diff.uexp" 1007
"F:/unreal/DedicatedProject/Content/Asset/StarterBundle/ModularScifiHallways/Textures/T_EnergyCore_A_N_normals.uasset" 1008
"F:/unreal/DedicatedProject/Content/Asset/StarterBundle/ModularScifiHallways/Textures/T_EnergyCore_A_N_normals.uexp" 1009
"F:/unreal/DedicatedProject/Content/Asset/StarterBundle/ModularScifiHallways/Materials/MI_EnergyCore_A_M.uasset" 1010
"F:/unreal/DedicatedProject/Content/Asset/StarterBundle/ModularScifiHallways/Materials/MI_EnergyCore_A_M.uexp" 1011
"F:/unreal/DedicatedProject/Content/Asset/StarterBundle/ModularScifiHallways/Textures/T_EnergyCore_EM.uasset" 1012
"F:/unreal/DedicatedProject/Content/Asset/StarterBundle/ModularScifiHallways/Textures/T_EnergyCore_EM.uexp" 1013
"F:/unreal/DedicatedProject/Content/Asset/StarterBundle/ModularScifiHallways/Materials/M_EnergyEmissive.uasset" 1014
"F:/unreal/DedicatedProject/Content/Asset/StarterBundle/ModularScifiHallways/Materials/M_EnergyEmissive.uexp" 1015
"F:/unreal/DedicatedProject/Content/Asset/StarterBundle/ModularScifiHallways/Materials/MI_EnergyEmissive_A.uasset" 1016
"F:/unreal/DedicatedProject/Content/Asset/StarterBundle/ModularScifiHallways/Materials/MI_EnergyEmissive_A.uexp" 1017
"F:/unreal/DedicatedProject/Content/Asset/StarterBundle/ModularScifiHallways/Materials/MI_Pipes_ADark_M.uasset" 1018
"F:/unreal/DedicatedProject/Content/Asset/StarterBundle/ModularScifiHallways/Materials/MI_Pipes_ADark_M.uexp" 1019
"F:/unreal/DedicatedProject/Content/Asset/StarterBundle/ModularScifiHallways/Meshes/SM_EnergyCore_A.uasset" 1020
"F:/unreal/DedicatedProject/Content/Asset/StarterBundle/ModularScifiHallways/Meshes/SM_EnergyCore_A.uexp" 1021
"F:/unreal/DedicatedProject/Content/Asset/StarterBundle/ModularScifiHallways/Textures/T_Wire_Tiling_AO.uasset" 1022
"F:/unreal/DedicatedProject/Content/Asset/StarterBundle/ModularScifiHallways/Textures/T_Wire_Tiling_AO.uexp" 1023
"F:/unreal/DedicatedProject/Content/Asset/StarterBundle/ModularScifiHallways/Textures/T_Wire_Tiling_N.uasset" 1024
"F:/unreal/DedicatedProject/Content/Asset/StarterBundle/ModularScifiHallways/Textures/T_Wire_Tiling_N.uexp" 1025
"F:/unreal/DedicatedProject/Content/Asset/StarterBundle/ModularScifiHallways/Materials/M_Base_Wires_B.uasset" 1026
"F:/unreal/DedicatedProject/Content/Asset/StarterBundle/ModularScifiHallways/Materials/M_Base_Wires_B.uexp" 1027
"F:/unreal/DedicatedProject/Content/Asset/StarterBundle/ModularScifiHallways/Materials/MI_Wires_B.uasset" 1028
"F:/unreal/DedicatedProject/Content/Asset/StarterBundle/ModularScifiHallways/Materials/MI_Wires_B.uexp" 1029
"F:/unreal/DedicatedProject/Content/Asset/StarterBundle/ModularScifiHallways/Textures/T_Trims_A_Diff_B.uasset" 1030
"F:/unreal/DedicatedProject/Content/Asset/StarterBundle/ModularScifiHallways/Textures/T_Trims_A_Diff_B.uexp" 1031
"F:/unreal/DedicatedProject/Content/Asset/StarterBundle/ModularScifiHallways/Textures/T_Trims_A_N_normals.uasset" 1032
"F:/unreal/DedicatedProject/Content/Asset/StarterBundle/ModularScifiHallways/Textures/T_Trims_A_N_normals.uexp" 1033
"F:/unreal/DedicatedProject/Content/Asset/StarterBundle/ModularScifiHallways/Textures/T_Trims_A_M_B.uasset" 1034
"F:/unreal/DedicatedProject/Content/Asset/StarterBundle/ModularScifiHallways/Textures/T_Trims_A_M_B.uexp" 1035
"F:/unreal/DedicatedProject/Content/Asset/StarterBundle/ModularScifiHallways/Materials/MI_Trims_AB_M.uasset" 1036
"F:/unreal/DedicatedProject/Content/Asset/StarterBundle/ModularScifiHallways/Materials/MI_Trims_AB_M.uexp" 1037
"F:/unreal/DedicatedProject/Content/Asset/StarterBundle/ModularScifiHallways/Meshes/SM_FloorWire_A.uasset" 1038
"F:/unreal/DedicatedProject/Content/Asset/StarterBundle/ModularScifiHallways/Meshes/SM_FloorWire_A.uexp" 1039
"F:/unreal/DedicatedProject/Content/Asset/StarterBundle/ModularScifiHallways/Textures/T_Hall_Pipes_Ceiling_N_normals.uasset" 1040
"F:/unreal/DedicatedProject/Content/Asset/StarterBundle/ModularScifiHallways/Textures/T_Hall_Pipes_Ceiling_N_normals.uexp" 1041
"F:/unreal/DedicatedProject/Content/Asset/StarterBundle/ModularScifiHallways/Textures/T_Hall_Pipes_Ceiling_M.uasset" 1042
"F:/unreal/DedicatedProject/Content/Asset/StarterBundle/ModularScifiHallways/Textures/T_Hall_Pipes_Ceiling_M.uexp" 1043
"F:/unreal/DedicatedProject/Content/Asset/StarterBundle/ModularScifiHallways/Textures/T_Hall_Pipes_Ceiling_Diff.uasset" 1044
"F:/unreal/DedicatedProject/Content/Asset/StarterBundle/ModularScifiHallways/Textures/T_Hall_Pipes_Ceiling_Diff.uexp" 1045
"F:/unreal/DedicatedProject/Content/Asset/StarterBundle/ModularScifiHallways/Materials/MI_Hall_Pipes_Ceiling_M.uasset" 1046
"F:/unreal/DedicatedProject/Content/Asset/StarterBundle/ModularScifiHallways/Materials/MI_Hall_Pipes_Ceiling_M.uexp" 1047
"F:/unreal/DedicatedProject/Content/Asset/StarterBundle/ModularScifiHallways/Meshes/SM_Hall_Pipes_Ceiling.uasset" 1048
"F:/unreal/DedicatedProject/Content/Asset/StarterBundle/ModularScifiHallways/Meshes/SM_Hall_Pipes_Ceiling.uexp" 1049
"F:/unreal/DedicatedProject/Content/Asset/StarterBundle/ModularSci_Comm/Materials/MI_Pipes_A_Dark.uasset" 1050
"F:/unreal/DedicatedProject/Content/Asset/StarterBundle/ModularSci_Comm/Materials/MI_Pipes_A_Dark.uexp" 1051
"F:/unreal/DedicatedProject/Content/Asset/StarterBundle/ModularSci_Comm/Textures/Decals/Text/Words/T_Command.uasset" 1052
"F:/unreal/DedicatedProject/Content/Asset/StarterBundle/ModularSci_Comm/Textures/Decals/Text/Words/T_Command.uexp" 1053
"F:/unreal/DedicatedProject/Content/Asset/StarterBundle/ModularSci_Comm/Materials/Decals/Words/MI_Command_Black.uasset" 1054
"F:/unreal/DedicatedProject/Content/Asset/StarterBundle/ModularSci_Comm/Materials/Decals/Words/MI_Command_Black.uexp" 1055
"F:/unreal/DedicatedProject/Content/Asset/StarterBundle/ModularSci_Comm/Materials/MI_Trims_C_LightGray_M.uasset" 1056
"F:/unreal/DedicatedProject/Content/Asset/StarterBundle/ModularSci_Comm/Materials/MI_Trims_C_LightGray_M.uexp" 1057
"F:/unreal/DedicatedProject/Content/Asset/StarterBundle/ModularScifiProps/Meshes/SM_Ceiling_A.uasset" 1058
"F:/unreal/DedicatedProject/Content/Asset/StarterBundle/ModularScifiProps/Meshes/SM_Ceiling_A.uexp" 1059
"F:/unreal/DedicatedProject/Content/Asset/StarterBundle/ModularSci_Comm/Materials/MI_Trims_C_Light_Dirt2.uasset" 1060
"F:/unreal/DedicatedProject/Content/Asset/StarterBundle/ModularSci_Comm/Materials/MI_Trims_C_Light_Dirt2.uexp" 1061
"F:/unreal/DedicatedProject/Content/Asset/StarterBundle/ModularSci_Comm/Materials/MI_Solid_Gray.uasset" 1062
"F:/unreal/DedicatedProject/Content/Asset/StarterBundle/ModularSci_Comm/Materials/MI_Solid_Gray.uexp" 1063
"F:/unreal/DedicatedProject/Content/Asset/StarterBundle/ModularSci_Comm/Meshes/SM_Ceiling_OuterRing_B.uasset" 1064
"F:/unreal/DedicatedProject/Content/Asset/StarterBundle/ModularSci_Comm/Meshes/SM_Ceiling_OuterRing_B.uexp" 1065
"F:/unreal/DedicatedProject/Content/Asset/StarterBundle/ModularScifiProps/Meshes/SM_Laptop_Closed.uasset" 1066
"F:/unreal/DedicatedProject/Content/Asset/StarterBundle/ModularScifiProps/Meshes/SM_Laptop_Closed.uexp" 1067
"F:/unreal/DedicatedProject/Content/Asset/StarterBundle/ModularSci_Comm/Materials/MI_Trims_B_Black.uasset" 1068
"F:/unreal/DedicatedProject/Content/Asset/StarterBundle/ModularSci_Comm/Materials/MI_Trims_B_Black.uexp" 1069
"F:/unreal/DedicatedProject/Content/Asset/StarterBundle/ModularSci_Comm/Meshes/SM_Ceiling_Pipe_Large.uasset" 1070
"F:/unreal/DedicatedProject/Content/Asset/StarterBundle/ModularSci_Comm/Meshes/SM_Ceiling_Pipe_Large.uexp" 1071
"F:/unreal/DedicatedProject/Content/Asset/StarterBundle/ModularSci_Int/Materials/MI_Win_FloorEdge_B3.uasset" 1072
"F:/unreal/DedicatedProject/Content/Asset/StarterBundle/ModularSci_Int/Materials/MI_Win_FloorEdge_B3.uexp" 1073
"F:/unreal/DedicatedProject/Content/Asset/StarterBundle/ModularSci_Comm/Materials/Decals/Stripes/MI_Stripe_D_White.uasset" 1074
"F:/unreal/DedicatedProject/Content/Asset/StarterBundle/ModularSci_Comm/Materials/Decals/Stripes/MI_Stripe_D_White.uexp" 1075
"F:/unreal/DedicatedProject/Content/Asset/StarterBundle/ModularSci_Comm/Meshes/SM_Ceiling_OuterRing_D.uasset" 1076
"F:/unreal/DedicatedProject/Content/Asset/StarterBundle/ModularSci_Comm/Meshes/SM_Ceiling_OuterRing_D.uexp" 1077
"F:/unreal/DedicatedProject/Content/Asset/StarterBundle/ModularSci_Comm/Materials/MI_Light_White_Brighter.uasset" 1078
"F:/unreal/DedicatedProject/Content/Asset/StarterBundle/ModularSci_Comm/Materials/MI_Light_White_Brighter.uexp" 1079
"F:/unreal/DedicatedProject/Content/Asset/StarterBundle/ModularSci_Comm/Meshes/SM_Light_A.uasset" 1080
"F:/unreal/DedicatedProject/Content/Asset/StarterBundle/ModularSci_Comm/Meshes/SM_Light_A.uexp" 1081
"F:/unreal/DedicatedProject/Content/Asset/StarterBundle/ModularSci_Comm/Textures/Decals/Signs/T_CautionTriangle_B.uasset" 1082
"F:/unreal/DedicatedProject/Content/Asset/StarterBundle/ModularSci_Comm/Textures/Decals/Signs/T_CautionTriangle_B.uexp" 1083
"F:/unreal/DedicatedProject/Content/Asset/StarterBundle/ModularSci_Comm/Materials/Decals/Signs/MI_CautionTriangle_B.uasset" 1084
"F:/unreal/DedicatedProject/Content/Asset/StarterBundle/ModularSci_Comm/Materials/Decals/Signs/MI_CautionTriangle_B.uexp" 1085
"F:/unreal/DedicatedProject/Content/Asset/StarterBundle/ModularSci_Comm/Meshes/SM_Wall_Pipe_DoorSmall.uasset" 1086
"F:/unreal/DedicatedProject/Content/Asset/StarterBundle/ModularSci_Comm/Meshes/SM_Wall_Pipe_DoorSmall.uexp" 1087
"F:/unreal/DedicatedProject/Content/Asset/StarterBundle/ModularSci_Comm/Materials/MI_Glass_Ceiling.uasset" 1088
"F:/unreal/DedicatedProject/Content/Asset/StarterBundle/ModularSci_Comm/Materials/MI_Glass_Ceiling.uexp" 1089
"F:/unreal/DedicatedProject/Content/Asset/StarterBundle/ModularSci_Comm/Meshes/SM_Ceiling_Window_A_Glass.uasset" 1090
"F:/unreal/DedicatedProject/Content/Asset/StarterBundle/ModularSci_Comm/Meshes/SM_Ceiling_Window_A_Glass.uexp" 1091
"F:/unreal/DedicatedProject/Content/Asset/StarterBundle/ModularSci_Comm/Meshes/SM_Floor_Filler.uasset" 1092
"F:/unreal/DedicatedProject/Content/Asset/StarterBundle/ModularSci_Comm/Meshes/SM_Floor_Filler.uexp" 1093
"F:/unreal/DedicatedProject/Content/Asset/StarterBundle/ModularSci_Comm/Meshes/SM_Wall_Window_A.uasset" 1094
"F:/unreal/DedicatedProject/Content/Asset/StarterBundle/ModularSci_Comm/Meshes/SM_Wall_Window_A.uexp" 1095
"F:/unreal/DedicatedProject/Content/Asset/StarterBundle/ModularSci_Comm/Meshes/SM_Wall_Pipe_A.uasset" 1096
"F:/unreal/DedicatedProject/Content/Asset/StarterBundle/ModularSci_Comm/Meshes/SM_Wall_Pipe_A.uexp" 1097
"F:/unreal/DedicatedProject/Content/Asset/StarterBundle/ModularSci_Comm/Meshes/SM_Ceiling_Ring_A2.uasset" 1098
"F:/unreal/DedicatedProject/Content/Asset/StarterBundle/ModularSci_Comm/Meshes/SM_Ceiling_Ring_A2.uexp" 1099
"F:/unreal/DedicatedProject/Content/Asset/StarterBundle/ModularScifiProps/Meshes/SM_WallDiv_A.uasset" 1100
"F:/unreal/DedicatedProject/Content/Asset/StarterBundle/ModularScifiProps/Meshes/SM_WallDiv_A.uexp" 1101
"F:/unreal/DedicatedProject/Content/Asset/StarterBundle/ModularSci_Comm/Meshes/SM_Wall_Div_Slim2.uasset" 1102
"F:/unreal/DedicatedProject/Content/Asset/StarterBundle/ModularSci_Comm/Meshes/SM_Wall_Div_Slim2.uexp" 1103
"F:/unreal/DedicatedProject/Content/Asset/StarterBundle/ModularScifiProps/Textures/T_Vent_A_N_normals.uasset" 1104
"F:/unreal/DedicatedProject/Content/Asset/StarterBundle/ModularScifiProps/Textures/T_Vent_A_N_normals.uexp" 1105
"F:/unreal/DedicatedProject/Content/Asset/StarterBundle/ModularScifiProps/Textures/T_Vent_A_M.uasset" 1106
"F:/unreal/DedicatedProject/Content/Asset/StarterBundle/ModularScifiProps/Textures/T_Vent_A_M.uexp" 1107
"F:/unreal/DedicatedProject/Content/Asset/StarterBundle/ModularScifiProps/Textures/T_Vent_A_Diff.uasset" 1108
"F:/unreal/DedicatedProject/Content/Asset/StarterBundle/ModularScifiProps/Textures/T_Vent_A_Diff.uexp" 1109
"F:/unreal/DedicatedProject/Content/Asset/StarterBundle/ModularScifiProps/Materials/MI_Vent_A.uasset" 1110
"F:/unreal/DedicatedProject/Content/Asset/StarterBundle/ModularScifiProps/Materials/MI_Vent_A.uexp" 1111
"F:/unreal/DedicatedProject/Content/Asset/StarterBundle/ModularScifiProps/Meshes/SM_Vent_A.uasset" 1112
"F:/unreal/DedicatedProject/Content/Asset/StarterBundle/ModularScifiProps/Meshes/SM_Vent_A.uexp" 1113
"F:/unreal/DedicatedProject/Content/Asset/StarterBundle/ModularSciFiMats/Materials/Instances/MI_Trims_A4.uasset" 1114
"F:/unreal/DedicatedProject/Content/Asset/StarterBundle/ModularSciFiMats/Materials/Instances/MI_Trims_A4.uexp" 1115
"F:/unreal/DedicatedProject/Content/Asset/StarterBundle/ModularSci_Comm/Meshes/SM_Wall_Center_B.uasset" 1116
"F:/unreal/DedicatedProject/Content/Asset/StarterBundle/ModularSci_Comm/Meshes/SM_Wall_Center_B.uexp" 1117
"F:/unreal/DedicatedProject/Content/Asset/StarterBundle/ModularSciFiMats/Materials/Decals/Arrows/MI_Arrow_B.uasset" 1118
"F:/unreal/DedicatedProject/Content/Asset/StarterBundle/ModularSciFiMats/Materials/Decals/Arrows/MI_Arrow_B.uexp" 1119
"F:/unreal/DedicatedProject/Content/Asset/StarterBundle/ModularScifiProps/Meshes/SM_Ceiling_Div_A.uasset" 1120
"F:/unreal/DedicatedProject/Content/Asset/StarterBundle/ModularScifiProps/Meshes/SM_Ceiling_Div_A.uexp" 1121
"F:/unreal/DedicatedProject/Content/Asset/StarterBundle/ModularSciFiMats/Textures/Decals/Shapes/T_Square_D.uasset" 1122
"F:/unreal/DedicatedProject/Content/Asset/StarterBundle/ModularSciFiMats/Textures/Decals/Shapes/T_Square_D.uexp" 1123
"F:/unreal/DedicatedProject/Content/Asset/StarterBundle/ModularSciFiMats/Materials/Decals/Shapes/MI_Square_D.uasset" 1124
"F:/unreal/DedicatedProject/Content/Asset/StarterBundle/ModularSciFiMats/Materials/Decals/Shapes/MI_Square_D.uexp" 1125
"F:/unreal/DedicatedProject/Content/Asset/StarterBundle/ModularSci_Comm/Textures/Decals/Text/T_Text_0.uasset" 1126
"F:/unreal/DedicatedProject/Content/Asset/StarterBundle/ModularSci_Comm/Textures/Decals/Text/T_Text_0.uexp" 1127
"F:/unreal/DedicatedProject/Content/Asset/StarterBundle/ModularSci_Comm/Materials/Decals/Text/MI_Text_0.uasset" 1128
"F:/unreal/DedicatedProject/Content/Asset/StarterBundle/ModularSci_Comm/Materials/Decals/Text/MI_Text_0.uexp" 1129
"F:/unreal/DedicatedProject/Content/Asset/StarterBundle/ModularSci_Comm/Textures/Decals/Text/T_Text_2.uasset" 1130
"F:/unreal/DedicatedProject/Content/Asset/StarterBundle/ModularSci_Comm/Textures/Decals/Text/T_Text_2.uexp" 1131
"F:/unreal/DedicatedProject/Content/Asset/StarterBundle/ModularSci_Comm/Materials/Decals/Text/MI_Text_2.uasset" 1132
"F:/unreal/DedicatedProject/Content/Asset/StarterBundle/ModularSci_Comm/Materials/Decals/Text/MI_Text_2.uexp" 1133
"F:/unreal/DedicatedProject/Content/Asset/StarterBundle/ModularSci_Comm/Textures/Decals/Text/T_Text_3.uasset" 1134
"F:/unreal/DedicatedProject/Content/Asset/StarterBundle/ModularSci_Comm/Textures/Decals/Text/T_Text_3.uexp" 1135
"F:/unreal/DedicatedProject/Content/Asset/StarterBundle/ModularSci_Comm/Materials/Decals/Text/MI_Text_3.uasset" 1136
"F:/unreal/DedicatedProject/Content/Asset/StarterBundle/ModularSci_Comm/Materials/Decals/Text/MI_Text_3.uexp" 1137
"F:/unreal/DedicatedProject/Content/Asset/StarterBundle/ModularSci_Comm/Materials/Decals/Text/MI_Text_5.uasset" 1138
"F:/unreal/DedicatedProject/Content/Asset/StarterBundle/ModularSci_Comm/Materials/Decals/Text/MI_Text_5.uexp" 1139
"F:/unreal/DedicatedProject/Content/Asset/StarterBundle/ModularSci_Comm/Meshes/SM_Wall_Div_Slim.uasset" 1140
"F:/unreal/DedicatedProject/Content/Asset/StarterBundle/ModularSci_Comm/Meshes/SM_Wall_Div_Slim.uexp" 1141
"F:/unreal/DedicatedProject/Content/Asset/StarterBundle/ModularSci_Int/Materials/MI_Trims_A_Red.uasset" 1142
"F:/unreal/DedicatedProject/Content/Asset/StarterBundle/ModularSci_Int/Materials/MI_Trims_A_Red.uexp" 1143
"F:/unreal/DedicatedProject/Content/Asset/StarterBundle/ModularSci_Comm/Meshes/SM_Floor_Panel_A3.uasset" 1144
"F:/unreal/DedicatedProject/Content/Asset/StarterBundle/ModularSci_Comm/Meshes/SM_Floor_Panel_A3.uexp" 1145
"F:/unreal/DedicatedProject/Content/Asset/StarterBundle/ModularSci_Int/Meshes/SM_Pipe_Ceiling_B.uasset" 1146
"F:/unreal/DedicatedProject/Content/Asset/StarterBundle/ModularSci_Int/Meshes/SM_Pipe_Ceiling_B.uexp" 1147
"F:/unreal/DedicatedProject/Content/Asset/StarterBundle/ModularSci_Comm/Textures/T_Terminal_UI_Blur.uasset" 1148
"F:/unreal/DedicatedProject/Content/Asset/StarterBundle/ModularSci_Comm/Textures/T_Terminal_UI_Blur.uexp" 1149
"F:/unreal/DedicatedProject/Content/Asset/StarterBundle/ModularSci_Comm/Materials/MI_Terminal_A_UI_1B.uasset" 1150
"F:/unreal/DedicatedProject/Content/Asset/StarterBundle/ModularSci_Comm/Materials/MI_Terminal_A_UI_1B.uexp" 1151
"F:/unreal/DedicatedProject/Content/Asset/StarterBundle/ModularSci_Comm/Textures/T_Terminal_UI.uasset" 1152
"F:/unreal/DedicatedProject/Content/Asset/StarterBundle/ModularSci_Comm/Textures/T_Terminal_UI.uexp" 1153
"F:/unreal/DedicatedProject/Content/Asset/StarterBundle/ModularSci_Comm/Materials/MI_Terminal_A_UI_1.uasset" 1154
"F:/unreal/DedicatedProject/Content/Asset/StarterBundle/ModularSci_Comm/Materials/MI_Terminal_A_UI_1.uexp" 1155
"F:/unreal/DedicatedProject/Content/Asset/StarterBundle/ModularSci_Comm/Textures/T_Terminal_UI_Trim.uasset" 1156
"F:/unreal/DedicatedProject/Content/Asset/StarterBundle/ModularSci_Comm/Textures/T_Terminal_UI_Trim.uexp" 1157
"F:/unreal/DedicatedProject/Content/Asset/StarterBundle/ModularSci_Comm/Materials/MI_Terminal_A_UI_Trim.uasset" 1158
"F:/unreal/DedicatedProject/Content/Asset/StarterBundle/ModularSci_Comm/Materials/MI_Terminal_A_UI_Trim.uexp" 1159
"F:/unreal/DedicatedProject/Content/Asset/StarterBundle/ModularSci_Comm/Materials/MI_Terminal_A_UI_Trim_Pan.uasset" 1160
"F:/unreal/DedicatedProject/Content/Asset/StarterBundle/ModularSci_Comm/Materials/MI_Terminal_A_UI_Trim_Pan.uexp" 1161
"F:/unreal/DedicatedProject/Content/Asset/StarterBundle/ModularSci_Comm/Textures/T_Terminal_UI_Trim_Blur.uasset" 1162
"F:/unreal/DedicatedProject/Content/Asset/StarterBundle/ModularSci_Comm/Textures/T_Terminal_UI_Trim_Blur.uexp" 1163
"F:/unreal/DedicatedProject/Content/Asset/StarterBundle/ModularSci_Comm/Materials/MI_Terminal_A_UI_TrimB.uasset" 1164
"F:/unreal/DedicatedProject/Content/Asset/StarterBundle/ModularSci_Comm/Materials/MI_Terminal_A_UI_TrimB.uexp" 1165
"F:/unreal/DedicatedProject/Content/Asset/StarterBundle/ModularSci_Comm/Meshes/SM_Terminal_A_UI.uasset" 1166
"F:/unreal/DedicatedProject/Content/Asset/StarterBundle/ModularSci_Comm/Meshes/SM_Terminal_A_UI.uexp" 1167
"F:/unreal/DedicatedProject/Content/Asset/StarterBundle/ModularSciFiMats/Textures/Decals/Arrows/T_Arrow_A.uasset" 1168
"F:/unreal/DedicatedProject/Content/Asset/StarterBundle/ModularSciFiMats/Textures/Decals/Arrows/T_Arrow_A.uexp" 1169
"F:/unreal/DedicatedProject/Content/Asset/StarterBundle/ModularSciFiMats/Materials/Decals/Arrows/MI_Arrow_A.uasset" 1170
"F:/unreal/DedicatedProject/Content/Asset/StarterBundle/ModularSciFiMats/Materials/Decals/Arrows/MI_Arrow_A.uexp" 1171
"F:/unreal/DedicatedProject/Content/Asset/StarterBundle/ModularSci_Comm/Meshes/SM_Windows_A_Glass.uasset" 1172
"F:/unreal/DedicatedProject/Content/Asset/StarterBundle/ModularSci_Comm/Meshes/SM_Windows_A_Glass.uexp" 1173
"F:/unreal/DedicatedProject/Content/Asset/StarterBundle/ModularSci_Comm/Materials/Decals/Normals/MI_Light_A.uasset" 1174
"F:/unreal/DedicatedProject/Content/Asset/StarterBundle/ModularSci_Comm/Materials/Decals/Normals/MI_Light_A.uexp" 1175
"F:/unreal/DedicatedProject/Content/Asset/StarterBundle/ModularSci_Comm/Meshes/SM_Wall_C.uasset" 1176
"F:/unreal/DedicatedProject/Content/Asset/StarterBundle/ModularSci_Comm/Meshes/SM_Wall_C.uexp" 1177
"F:/unreal/DedicatedProject/Content/Asset/StarterBundle/ModularSci_Comm/Meshes/SM_Floor_Center_B.uasset" 1178
"F:/unreal/DedicatedProject/Content/Asset/StarterBundle/ModularSci_Comm/Meshes/SM_Floor_Center_B.uexp" 1179
"F:/unreal/DedicatedProject/Content/Asset/StarterBundle/ModularSci_Comm/Meshes/SM_Ceiling_Det_A.uasset" 1180
"F:/unreal/DedicatedProject/Content/Asset/StarterBundle/ModularSci_Comm/Meshes/SM_Ceiling_Det_A.uexp" 1181
"F:/unreal/DedicatedProject/Content/Asset/StarterBundle/ModularScifiProps/Textures/T_CommDevice_N_normals.uasset" 1182
"F:/unreal/DedicatedProject/Content/Asset/StarterBundle/ModularScifiProps/Textures/T_CommDevice_N_normals.uexp" 1183
"F:/unreal/DedicatedProject/Content/Asset/StarterBundle/ModularScifiProps/Textures/T_CommDevice_EM.uasset" 1184
"F:/unreal/DedicatedProject/Content/Asset/StarterBundle/ModularScifiProps/Textures/T_CommDevice_EM.uexp" 1185
"F:/unreal/DedicatedProject/Content/Asset/StarterBundle/ModularScifiProps/Textures/T_CommDevice_M.uasset" 1186
"F:/unreal/DedicatedProject/Content/Asset/StarterBundle/ModularScifiProps/Textures/T_CommDevice_M.uexp" 1187
"F:/unreal/DedicatedProject/Content/Asset/StarterBundle/ModularScifiProps/Textures/T_CommDevice_Diff.uasset" 1188
"F:/unreal/DedicatedProject/Content/Asset/StarterBundle/ModularScifiProps/Textures/T_CommDevice_Diff.uexp" 1189
"F:/unreal/DedicatedProject/Content/Asset/StarterBundle/ModularScifiProps/Materials/MI_CommDevice.uasset" 1190
"F:/unreal/DedicatedProject/Content/Asset/StarterBundle/ModularScifiProps/Materials/MI_CommDevice.uexp" 1191
"F:/unreal/DedicatedProject/Content/Asset/StarterBundle/ModularScifiProps/Materials/MI_CommDevice_Scre.uasset" 1192
"F:/unreal/DedicatedProject/Content/Asset/StarterBundle/ModularScifiProps/Materials/MI_CommDevice_Scre.uexp" 1193
"F:/unreal/DedicatedProject/Content/Asset/StarterBundle/ModularScifiProps/Meshes/SM_CommDevice.uasset" 1194
"F:/unreal/DedicatedProject/Content/Asset/StarterBundle/ModularScifiProps/Meshes/SM_CommDevice.uexp" 1195
"F:/unreal/DedicatedProject/Content/Asset/StarterBundle/ModularSci_Comm/Materials/Decals/Text/MI_Text_Dash2.uasset" 1196
"F:/unreal/DedicatedProject/Content/Asset/StarterBundle/ModularSci_Comm/Materials/Decals/Text/MI_Text_Dash2.uexp" 1197
"F:/unreal/DedicatedProject/Content/Asset/StarterBundle/ModularSci_Comm/Materials/Decals/Stripes/MI_Stripe_E.uasset" 1198
"F:/unreal/DedicatedProject/Content/Asset/StarterBundle/ModularSci_Comm/Materials/Decals/Stripes/MI_Stripe_E.uexp" 1199
"F:/unreal/DedicatedProject/Content/Asset/StarterBundle/ModularSciFiMats/Textures/Decals/Text/Words/T_Containment.uasset" 1200
"F:/unreal/DedicatedProject/Content/Asset/StarterBundle/ModularSciFiMats/Textures/Decals/Text/Words/T_Containment.uexp" 1201
"F:/unreal/DedicatedProject/Content/Asset/StarterBundle/ModularSciFiMats/Materials/Decals/Words/MI_Containment.uasset" 1202
"F:/unreal/DedicatedProject/Content/Asset/StarterBundle/ModularSciFiMats/Materials/Decals/Words/MI_Containment.uexp" 1203
"F:/unreal/DedicatedProject/Content/Asset/StarterBundle/ModularSci_Comm/Meshes/SM_Floor_Center_A2.uasset" 1204
"F:/unreal/DedicatedProject/Content/Asset/StarterBundle/ModularSci_Comm/Meshes/SM_Floor_Center_A2.uexp" 1205
"F:/unreal/DedicatedProject/Content/Asset/HomeMade/BP_RoomNode1.uasset" 1206
"F:/unreal/DedicatedProject/Content/Asset/HomeMade/BP_RoomNode1.uexp" 1207
"../../../Engine/Content/EngineResources/FilmGrains/Marcie_Grain_v3_128_M2_000.uasset" 1208
"../../../Engine/Content/EngineResources/FilmGrains/Marcie_Grain_v3_128_M2_000.uexp" 1209
"../../../Engine/Content/EngineMaterials/LTC/Sheen_LTC.uasset" 1210
"../../../Engine/Content/EngineMaterials/LTC/Sheen_LTC.uexp" 1211
"../../../Engine/Content/EngineMaterials/LTC/GGX_LTCMat.uasset" 1212
"../../../Engine/Content/EngineMaterials/LTC/GGX_LTCMat.uexp" 1213
"../../../Engine/Content/EngineMaterials/LTC/GGX_LTCAmp.uasset" 1214
"../../../Engine/Content/EngineMaterials/LTC/GGX_LTCAmp.uexp" 1215
"../../../Engine/Content/EngineMaterials/EnergyConservation/Sheen_Energy.uasset" 1216
"../../../Engine/Content/EngineMaterials/EnergyConservation/Sheen_Energy.uexp" 1217
"../../../Engine/Content/EngineMaterials/EnergyConservation/SheenLegacy_Energy.uasset" 1218
"../../../Engine/Content/EngineMaterials/EnergyConservation/SheenLegacy_Energy.uexp" 1219
"../../../Engine/Content/EngineMaterials/EnergyConservation/GGX_TransmissionEnergyArray.uasset" 1220
"../../../Engine/Content/EngineMaterials/EnergyConservation/GGX_TransmissionEnergyArray.uexp" 1221
"../../../Engine/Content/EngineMaterials/EnergyConservation/GGX_ReflectionEnergy.uasset" 1222
"../../../Engine/Content/EngineMaterials/EnergyConservation/GGX_ReflectionEnergy.uexp" 1223
"../../../Engine/Content/EngineMaterials/EnergyConservation/Diffuse_Energy.uasset" 1224
"../../../Engine/Content/EngineMaterials/EnergyConservation/Diffuse_Energy.uexp" 1225
"../../../Engine/Content/EditorResources/SequenceRecorder/RecordingIndicator.uasset" 1226
"../../../Engine/Content/EditorResources/SequenceRecorder/RecordingIndicator.uexp" 1227
"../../../Engine/Content/EditorResources/SequenceRecorder/Countdown.uasset" 1228
"../../../Engine/Content/EditorResources/SequenceRecorder/Countdown.uexp" 1229
"../../../Engine/Content/EditorMaterials/ParticleSystems/PSysThumbnail_OOD.uasset" 1230
"../../../Engine/Content/EditorMaterials/ParticleSystems/PSysThumbnail_OOD.uexp" 1231
"../../../Engine/Content/EditorMaterials/ParticleSystems/PSysThumbnail_NoImage.uasset" 1232
"../../../Engine/Content/EditorMaterials/ParticleSystems/PSysThumbnail_NoImage.uexp" 1233
"../../../Engine/Content/EngineResources/DefaultTextureCube.uasset" 1234
"../../../Engine/Content/EngineResources/DefaultTextureCube.uexp" 1235
"../../../Engine/Content/EngineResources/DefaultVolumeTexture2D.uasset" 1236
"../../../Engine/Content/EngineResources/DefaultVolumeTexture2D.uexp" 1237
"../../../Engine/Content/EngineResources/DefaultVolumeTexture.uasset" 1238
"../../../Engine/Content/EngineResources/DefaultVolumeTexture.uexp" 1239
"../../../Engine/Content/Functions/Engine_MaterialFunctions02/WorldPositionOffset/CameraOffset.uasset" 1240
"../../../Engine/Content/Functions/Engine_MaterialFunctions02/WorldPositionOffset/CameraOffset.uexp" 1241
"../../../Engine/Plugins/Animation/ControlRig/Content/M_Manip.uasset" 1242
"../../../Engine/Plugins/Animation/ControlRig/Content/M_Manip.uexp" 1243
"../../../Engine/Plugins/Runtime/MeshModelingToolset/Content/Materials/M_DynamicMeshComponentVtxColor.uasset" 1244
"../../../Engine/Plugins/Runtime/MeshModelingToolset/Content/Materials/M_DynamicMeshComponentVtxColor.uexp" 1245
"../../../Engine/Plugins/Runtime/HairStrands/Content/Materials/HairMeshesDefaultMaterial.uasset" 1246
"../../../Engine/Plugins/Runtime/HairStrands/Content/Materials/HairMeshesDefaultMaterial.uexp" 1247
"../../../Engine/Plugins/Runtime/HairStrands/Content/Materials/HairDefaultMaterial.uasset" 1248
"../../../Engine/Plugins/Runtime/HairStrands/Content/Materials/HairDefaultMaterial.uexp" 1249
"../../../Engine/Plugins/Runtime/HairStrands/Content/Materials/HairGroupColors.uasset" 1250
"../../../Engine/Plugins/Runtime/HairStrands/Content/Materials/HairGroupColors.uexp" 1251
"../../../Engine/Content/Functions/Engine_MaterialFunctions02/Utility/MakeFloat2.uasset" 1252
"../../../Engine/Content/Functions/Engine_MaterialFunctions02/Utility/MakeFloat2.uexp" 1253
"../../../Engine/Content/Functions/Engine_MaterialFunctions02/Utility/MakeFloat3.uasset" 1254
"../../../Engine/Content/Functions/Engine_MaterialFunctions02/Utility/MakeFloat3.uexp" 1255
"../../../Engine/Content/EngineMaterials/HairColorMap.uasset" 1256
"../../../Engine/Content/EngineMaterials/HairColorMap.uexp" 1257
"../../../Engine/Content/EngineMaterials/HairDebugColor.uasset" 1258
"../../../Engine/Content/EngineMaterials/HairDebugColor.uexp" 1259
"../../../Engine/Plugins/Runtime/HairStrands/Content/Materials/HairDebugMaterial.uasset" 1260
"../../../Engine/Plugins/Runtime/HairStrands/Content/Materials/HairDebugMaterial.uexp" 1261
"../../../Engine/Plugins/Runtime/HairStrands/Content/Materials/HairCardsDefaultMaterial.uasset" 1262
"../../../Engine/Plugins/Runtime/HairStrands/Content/Materials/HairCardsDefaultMaterial.uexp" 1263
"../../../Engine/Plugins/Interchange/Assets/Content/Functions/MX_UsdPreviewSurface.uasset" 1264
"../../../Engine/Plugins/Interchange/Assets/Content/Functions/MX_UsdPreviewSurface.uexp" 1265
"../../../Engine/Plugins/Interchange/Assets/Content/Functions/MX_UniformEDF.uasset" 1266
"../../../Engine/Plugins/Interchange/Assets/Content/Functions/MX_UniformEDF.uexp" 1267
"../../../Engine/Plugins/Interchange/Assets/Content/Functions/MX_TranslucentBSDF.uasset" 1268
"../../../Engine/Plugins/Interchange/Assets/Content/Functions/MX_TranslucentBSDF.uexp" 1269
"../../../Engine/Plugins/Interchange/Assets/Content/Functions/MX_ThinFilmBSDF.uasset" 1270
"../../../Engine/Plugins/Interchange/Assets/Content/Functions/MX_ThinFilmBSDF.uexp" 1271
"../../../Engine/Plugins/Interchange/Assets/Content/Functions/MX_SurfaceUnlit.uasset" 1272
"../../../Engine/Plugins/Interchange/Assets/Content/Functions/MX_SurfaceUnlit.uexp" 1273
"../../../Engine/Plugins/Interchange/Assets/Content/Functions/MX_Surface.uasset" 1274
"../../../Engine/Plugins/Interchange/Assets/Content/Functions/MX_Surface.uexp" 1275
"../../../Engine/Plugins/Interchange/Assets/Content/Functions/MX_SubsurfaceBSDF.uasset" 1276
"../../../Engine/Plugins/Interchange/Assets/Content/Functions/MX_SubsurfaceBSDF.uexp" 1277
"../../../Engine/Plugins/Interchange/Assets/Content/Functions/MX_SheenBSDF.uasset" 1278
"../../../Engine/Plugins/Interchange/Assets/Content/Functions/MX_SheenBSDF.uexp" 1279
"../../../Engine/Plugins/Interchange/Assets/Content/Functions/MX_OrenNayarBSDF.uasset" 1280
"../../../Engine/Plugins/Interchange/Assets/Content/Functions/MX_OrenNayarBSDF.uexp" 1281
"../../../Engine/Plugins/Interchange/Assets/Content/Utilities/New_LUT.uasset" 1282
"../../../Engine/Plugins/Interchange/Assets/Content/Utilities/New_LUT.uexp" 1283
"../../../Engine/Content/Functions/Engine_MaterialFunctions03/Math/RemapValueRange.uasset" 1284
"../../../Engine/Content/Functions/Engine_MaterialFunctions03/Math/RemapValueRange.uexp" 1285
"../../../Engine/Plugins/Interchange/Assets/Content/Functions/MF_Iridescence.uasset" 1286
"../../../Engine/Plugins/Interchange/Assets/Content/Functions/MF_Iridescence.uexp" 1287
"../../../Engine/Plugins/Interchange/Assets/Content/Functions/MX_StandardSurface.uasset" 1288
"../../../Engine/Plugins/Interchange/Assets/Content/Functions/MX_StandardSurface.uexp" 1289
"../../../Engine/Plugins/Interchange/Assets/Content/Functions/MX_TransmissionSurface.uasset" 1290
"../../../Engine/Plugins/Interchange/Assets/Content/Functions/MX_TransmissionSurface.uexp" 1291
"../../../Engine/Plugins/Interchange/Assets/Content/Functions/MX_OpenPBR_Translucent.uasset" 1292
"../../../Engine/Plugins/Interchange/Assets/Content/Functions/MX_OpenPBR_Translucent.uexp" 1293
"../../../Engine/Plugins/Interchange/Assets/Content/Functions/MX_OpenPBR_Opaque.uasset" 1294
"../../../Engine/Plugins/Interchange/Assets/Content/Functions/MX_OpenPBR_Opaque.uexp" 1295
"../../../Engine/Plugins/Interchange/Assets/Content/Functions/MX_MeasuredEDF.uasset" 1296
"../../../Engine/Plugins/Interchange/Assets/Content/Functions/MX_MeasuredEDF.uexp" 1297
"../../../Engine/Plugins/Interchange/Assets/Content/Functions/MX_GeneralizedSchlickBSDF.uasset" 1298
"../../../Engine/Plugins/Interchange/Assets/Content/Functions/MX_GeneralizedSchlickBSDF.uexp" 1299
"../../../Engine/Plugins/Interchange/Assets/Content/Functions/MX_DielectricBSDF.uasset" 1300
"../../../Engine/Plugins/Interchange/Assets/Content/Functions/MX_DielectricBSDF.uexp" 1301
"../../../Engine/Plugins/Interchange/Assets/Content/Functions/MX_ConicalEDF.uasset" 1302
"../../../Engine/Plugins/Interchange/Assets/Content/Functions/MX_ConicalEDF.uexp" 1303
"../../../Engine/Plugins/Interchange/Assets/Content/Functions/MX_ConductorBSDF.uasset" 1304
"../../../Engine/Plugins/Interchange/Assets/Content/Functions/MX_ConductorBSDF.uexp" 1305
"../../../Engine/Plugins/Interchange/Assets/Content/Functions/MX_BurleyDiffuseBSDF.uasset" 1306
"../../../Engine/Plugins/Interchange/Assets/Content/Functions/MX_BurleyDiffuseBSDF.uexp" 1307
"../../../Engine/Plugins/Interchange/Assets/Content/Functions/MX_AnisotropicVDF.uasset" 1308
"../../../Engine/Plugins/Interchange/Assets/Content/Functions/MX_AnisotropicVDF.uexp" 1309
"../../../Engine/Plugins/Interchange/Assets/Content/Functions/MX_AbsorptionVDF.uasset" 1310
"../../../Engine/Plugins/Interchange/Assets/Content/Functions/MX_AbsorptionVDF.uexp" 1311
"../../../Engine/Plugins/Editor/SpeedTreeImporter/Content/SpeedTree9/game_wind_noise.uasset" 1312
"../../../Engine/Plugins/Editor/SpeedTreeImporter/Content/SpeedTree9/game_wind_noise.uexp" 1313
"../../../Engine/Plugins/Editor/SpeedTreeImporter/Content/SpeedTree9/UnpackDirection.uasset" 1314
"../../../Engine/Plugins/Editor/SpeedTreeImporter/Content/SpeedTree9/UnpackDirection.uexp" 1315
"../../../Engine/Content/Functions/Engine_MaterialFunctions02/ObjectLocalBounds.uasset" 1316
"../../../Engine/Content/Functions/Engine_MaterialFunctions02/ObjectLocalBounds.uexp" 1317
"../../../Engine/Content/Functions/Engine_MaterialFunctions02/Utility/BreakOutFloat3Components.uasset" 1318
"../../../Engine/Content/Functions/Engine_MaterialFunctions02/Utility/BreakOutFloat3Components.uexp" 1319
"../../../Engine/Content/Functions/Engine_MaterialFunctions02/UVs/BoundingBoxBased_0-1_UVW.uasset" 1320
"../../../Engine/Content/Functions/Engine_MaterialFunctions02/UVs/BoundingBoxBased_0-1_UVW.uexp" 1321
"../../../Engine/Content/Functions/Engine_MaterialFunctions02/Utility/VectorLength.uasset" 1322
"../../../Engine/Content/Functions/Engine_MaterialFunctions02/Utility/VectorLength.uexp" 1323
"../../../Engine/Plugins/Editor/SpeedTreeImporter/Content/SpeedTree9/UnpackInteger3.uasset" 1324
"../../../Engine/Plugins/Editor/SpeedTreeImporter/Content/SpeedTree9/UnpackInteger3.uexp" 1325
"../../../Engine/Plugins/Editor/SpeedTreeImporter/Content/SpeedTree9/SpeedTreeCameraFacing.uasset" 1326
"../../../Engine/Plugins/Editor/SpeedTreeImporter/Content/SpeedTree9/SpeedTreeCameraFacing.uexp" 1327
"../../../Engine/Content/Functions/Engine_MaterialFunctions02/WorldPositionOffset/ObjectScale.uasset" 1328
"../../../Engine/Content/Functions/Engine_MaterialFunctions02/WorldPositionOffset/ObjectScale.uexp" 1329
"../../../Engine/Content/Functions/Engine_MaterialFunctions02/SafeNormalize.uasset" 1330
"../../../Engine/Content/Functions/Engine_MaterialFunctions02/SafeNormalize.uexp" 1331
"../../../Engine/Plugins/Editor/SpeedTreeImporter/Content/SpeedTree9/SpeedTreeWindMotion.uasset" 1332
"../../../Engine/Plugins/Editor/SpeedTreeImporter/Content/SpeedTree9/SpeedTreeWindMotion.uexp" 1333
"../../../Engine/Plugins/Editor/SpeedTreeImporter/Content/SpeedTree9/SpeedTreeBranchMotion.uasset" 1334
"../../../Engine/Plugins/Editor/SpeedTreeImporter/Content/SpeedTree9/SpeedTreeBranchMotion.uexp" 1335
"../../../Engine/Plugins/Editor/SpeedTreeImporter/Content/SpeedTree9/SpeedTreeWind.uasset" 1336
"../../../Engine/Plugins/Editor/SpeedTreeImporter/Content/SpeedTree9/SpeedTreeWind.uexp" 1337
"../../../Engine/Plugins/Editor/SpeedTreeImporter/Content/SpeedTree9/EmptyNormal.uasset" 1338
"../../../Engine/Plugins/Editor/SpeedTreeImporter/Content/SpeedTree9/EmptyNormal.uexp" 1339
"../../../Engine/Plugins/Editor/SpeedTreeImporter/Content/SpeedTree9/Empty.uasset" 1340
"../../../Engine/Plugins/Editor/SpeedTreeImporter/Content/SpeedTree9/Empty.uexp" 1341
"../../../Engine/Plugins/Editor/SpeedTreeImporter/Content/SpeedTree9/SpeedTreeMaster.uasset" 1342
"../../../Engine/Plugins/Editor/SpeedTreeImporter/Content/SpeedTree9/SpeedTreeMaster.uexp" 1343
"../../../Engine/Plugins/Editor/SpeedTreeImporter/Content/SpeedTree9/SpeedTreeBillboard.uasset" 1344
"../../../Engine/Plugins/Editor/SpeedTreeImporter/Content/SpeedTree9/SpeedTreeBillboard.uexp" 1345
"../../../Engine/Plugins/Editor/SpeedTreeImporter/Content/SpeedTree9/SpeedTreeBillboardMaster.uasset" 1346
"../../../Engine/Plugins/Editor/SpeedTreeImporter/Content/SpeedTree9/SpeedTreeBillboardMaster.uexp" 1347
"../../../Engine/Plugins/Animation/ControlRig/Content/Controls/ControlRigXRayMaterial.uasset" 1348
"../../../Engine/Plugins/Animation/ControlRig/Content/Controls/ControlRigXRayMaterial.uexp" 1349
"../../../Engine/Plugins/Animation/ControlRig/Content/Controls/ControlRigGizmoMaterial.uasset" 1350
"../../../Engine/Plugins/Animation/ControlRig/Content/Controls/ControlRigGizmoMaterial.uexp" 1351
"../../../Engine/Content/EngineMaterials/RemoveSurfaceMaterial.uasset" 1352
"../../../Engine/Content/EngineMaterials/RemoveSurfaceMaterial.uexp" 1353
"../../../Engine/Content/EngineMaterials/DefaultCalibrationGrayscale.uasset" 1354
"../../../Engine/Content/EngineMaterials/DefaultCalibrationGrayscale.uexp" 1355
"../../../Engine/Content/EngineMaterials/PPM_DefaultCalibrationGrayscale.uasset" 1356
"../../../Engine/Content/EngineMaterials/PPM_DefaultCalibrationGrayscale.uexp" 1357
"../../../Engine/Content/EngineMaterials/DefaultCalibrationColor.uasset" 1358
"../../../Engine/Content/EngineMaterials/DefaultCalibrationColor.uexp" 1359
"../../../Engine/Content/EngineMaterials/PPM_DefaultCalibrationColor.uasset" 1360
"../../../Engine/Content/EngineMaterials/PPM_DefaultCalibrationColor.uexp" 1361
"../../../Engine/Content/EngineMaterials/PhAT_JointLimitMaterial.uasset" 1362
"../../../Engine/Content/EngineMaterials/PhAT_JointLimitMaterial.uexp" 1363
"../../../Engine/Content/EngineMaterials/NaniteHiddenSectionMaterial.uasset" 1364
"../../../Engine/Content/EngineMaterials/NaniteHiddenSectionMaterial.uexp" 1365
"../../../Engine/Content/EngineMaterials/InvalidLightmapSettings.uasset" 1366
"../../../Engine/Content/EngineMaterials/InvalidLightmapSettings.uexp" 1367
"../../../Engine/Content/EngineMaterials/M_InvalidLightmapSettings.uasset" 1368
"../../../Engine/Content/EngineMaterials/M_InvalidLightmapSettings.uexp" 1369
"../../../Engine/Content/EngineMaterials/GizmoMaterial.uasset" 1370
"../../../Engine/Content/EngineMaterials/GizmoMaterial.uexp" 1371
"../../../Engine/Content/EngineMaterials/BaseFlattenEmissiveMap_VT.uasset" 1372
"../../../Engine/Content/EngineMaterials/BaseFlattenEmissiveMap_VT.uexp" 1373
"../../../Engine/Content/EngineMaterials/BaseFlattenGrayscaleMap_VT.uasset" 1374
"../../../Engine/Content/EngineMaterials/BaseFlattenGrayscaleMap_VT.uexp" 1375
"../../../Engine/Content/EngineMaterials/BaseFlattenLinearColor_VT.uasset" 1376
"../../../Engine/Content/EngineMaterials/BaseFlattenLinearColor_VT.uexp" 1377
"../../../Engine/Content/EngineMaterials/Black_1x1_EXR_Texture_VT.uasset" 1378
"../../../Engine/Content/EngineMaterials/Black_1x1_EXR_Texture_VT.uexp" 1379
"../../../Engine/Content/EngineMaterials/BaseFlattenDiffuseMap_VT.uasset" 1380
"../../../Engine/Content/EngineMaterials/BaseFlattenDiffuseMap_VT.uexp" 1381
"../../../Engine/Content/EngineMaterials/BaseFlattenNormalMap_VT.uasset" 1382
"../../../Engine/Content/EngineMaterials/BaseFlattenNormalMap_VT.uexp" 1383
"../../../Engine/Content/EngineMaterials/FlattenMaterial_WS_Normal_VT.uasset" 1384
"../../../Engine/Content/EngineMaterials/FlattenMaterial_WS_Normal_VT.uexp" 1385
"../../../Engine/Content/EngineMaterials/FlattenMaterial_VT.uasset" 1386
"../../../Engine/Content/EngineMaterials/FlattenMaterial_VT.uexp" 1387
"../../../Engine/Content/EngineMaterials/BaseFlattenNormalMap.uasset" 1388
"../../../Engine/Content/EngineMaterials/BaseFlattenNormalMap.uexp" 1389
"../../../Engine/Content/EngineMaterials/BaseFlattenGrayscaleMap.uasset" 1390
"../../../Engine/Content/EngineMaterials/BaseFlattenGrayscaleMap.uexp" 1391
"../../../Engine/Content/EngineMaterials/BaseFlattenDiffuseMap.uasset" 1392
"../../../Engine/Content/EngineMaterials/BaseFlattenDiffuseMap.uexp" 1393
"../../../Engine/Content/Functions/Engine_MaterialFunctions02/PivotPainter2/Black_1x1_EXR_Texture.uasset" 1394
"../../../Engine/Content/Functions/Engine_MaterialFunctions02/PivotPainter2/Black_1x1_EXR_Texture.uexp" 1395
"../../../Engine/Content/EngineMaterials/BaseFlattenEmissiveMap.uasset" 1396
"../../../Engine/Content/EngineMaterials/BaseFlattenEmissiveMap.uexp" 1397
"../../../Engine/Content/EngineMaterials/BaseFlattenLinearColor.uasset" 1398
"../../../Engine/Content/EngineMaterials/BaseFlattenLinearColor.uexp" 1399
"../../../Engine/Content/EngineMaterials/FlattenMaterial.uasset" 1400
"../../../Engine/Content/EngineMaterials/FlattenMaterial.uexp" 1401
"../../../Engine/Content/EngineMaterials/DefaultWhiteGrid_Low.uasset" 1402
"../../../Engine/Content/EngineMaterials/DefaultWhiteGrid_Low.uexp" 1403
"../../../Engine/Content/EngineMaterials/EmissiveMeshMaterial.uasset" 1404
"../../../Engine/Content/EngineMaterials/EmissiveMeshMaterial.uexp" 1405
"../../../Engine/Content/EngineMaterials/DefaultTextMaterialOpaque.uasset" 1406
"../../../Engine/Content/EngineMaterials/DefaultTextMaterialOpaque.uexp" 1407
"../../../Engine/Content/EngineMaterials/DefaultDiffuse.uasset" 1408
"../../../Engine/Content/EngineMaterials/DefaultDiffuse.uexp" 1409
"../../../Engine/Content/Functions/Engine_MaterialFunctions02/Utility/BreakOutFloat2Components.uasset" 1410
"../../../Engine/Content/Functions/Engine_MaterialFunctions02/Utility/BreakOutFloat2Components.uexp" 1411
"../../../Engine/Content/EngineMaterials/DefaultPostProcessMaterial.uasset" 1412
"../../../Engine/Content/EngineMaterials/DefaultPostProcessMaterial.uexp" 1413
"../../../Engine/Content/EngineMaterials/DefaultLightFunctionMaterial.uasset" 1414
"../../../Engine/Content/EngineMaterials/DefaultLightFunctionMaterial.uexp" 1415
"../../../Engine/Content/EngineMaterials/DefaultDeferredDecalMaterial.uasset" 1416
"../../../Engine/Content/EngineMaterials/DefaultDeferredDecalMaterial.uexp" 1417
"../../../Engine/Content/Functions/Engine_MaterialFunctions02/Utility/CameraDirectionVector.uasset" 1418
"../../../Engine/Content/Functions/Engine_MaterialFunctions02/Utility/CameraDirectionVector.uexp" 1419
"../../../Engine/Content/EngineDebugMaterials/VolumeToRender.uasset" 1420
"../../../Engine/Content/EngineDebugMaterials/VolumeToRender.uexp" 1421
"../../../Engine/Content/EngineDebugMaterials/M_VolumeRenderSphereTracePP.uasset" 1422
"../../../Engine/Content/EngineDebugMaterials/M_VolumeRenderSphereTracePP.uexp" 1423
"../../../Engine/Content/EngineDebugMaterials/M_SimpleUnlitTranslucent.uasset" 1424
"../../../Engine/Content/EngineDebugMaterials/M_SimpleUnlitTranslucent.uexp" 1425
"../../../Engine/Content/EngineDebugMaterials/DebugMeshMaterial.uasset" 1426
"../../../Engine/Content/EngineDebugMaterials/DebugMeshMaterial.uexp" 1427
"../../../Engine/Content/EngineDebugMaterials/DebugEditorMaterial.uasset" 1428
"../../../Engine/Content/EngineDebugMaterials/DebugEditorMaterial.uexp" 1429
"../../../Engine/Content/EditorMaterials/PreviewShadowIndicator.uasset" 1430
"../../../Engine/Content/EditorMaterials/PreviewShadowIndicator.uexp" 1431
"../../../Engine/Content/EditorMaterials/PreviewShadowIndicatorMaterial.uasset" 1432
"../../../Engine/Content/EditorMaterials/PreviewShadowIndicatorMaterial.uexp" 1433
"../../../Engine/Content/EditorMaterials/PhAT_UnselectedMaterial.uasset" 1434
"../../../Engine/Content/EditorMaterials/PhAT_UnselectedMaterial.uexp" 1435
"../../../Engine/Content/EditorMaterials/PhAT_NoCollisionMaterial.uasset" 1436
"../../../Engine/Content/EditorMaterials/PhAT_NoCollisionMaterial.uexp" 1437
"../../../Engine/Content/EditorMaterials/Dataflow/DataflowVertexMaterial.uasset" 1438
"../../../Engine/Content/EditorMaterials/Dataflow/DataflowVertexMaterial.uexp" 1439
"../../../Engine/Content/EditorMaterials/Dataflow/DataflowTwoSidedVertexMaterial.uasset" 1440
"../../../Engine/Content/EditorMaterials/Dataflow/DataflowTwoSidedVertexMaterial.uexp" 1441
"../../../Engine/Content/Functions/Engine_MaterialFunctions01/Shading/PowerToRoughness.uasset" 1442
"../../../Engine/Content/Functions/Engine_MaterialFunctions01/Shading/PowerToRoughness.uexp" 1443
"../../../Engine/Content/Functions/Engine_MaterialFunctions01/Shading/ConvertFromDiffSpec.uasset" 1444
"../../../Engine/Content/Functions/Engine_MaterialFunctions01/Shading/ConvertFromDiffSpec.uexp" 1445
"../../../Engine/Content/EngineMaterials/Substrate/Volume/SubstrateSimpleVolumeLUT3D.uasset" 1446
"../../../Engine/Content/EngineMaterials/Substrate/Volume/SubstrateSimpleVolumeLUT3D.uexp" 1447
"../../../Engine/Content/EngineMaterials/Substrate/Volume/SubstrateSimpleVolumeEnvLUT3D.uasset" 1448
"../../../Engine/Content/EngineMaterials/Substrate/Volume/SubstrateSimpleVolumeEnvLUT3D.uexp" 1449
"../../../Engine/Content/EngineMeshes/Sphere.uasset" 1450
"../../../Engine/Content/EngineMeshes/Sphere.uexp" 1451
"../../../Engine/Plugins/NNE/NNEDenoiser/Content/NNEDTOM_Output_Default.uasset" 1452
"../../../Engine/Plugins/NNE/NNEDenoiser/Content/NNEDTOM_Output_Default.uexp" 1453
"../../../Engine/Plugins/NNE/NNEDenoiser/Content/NNEDTOM_Output_Alpha.uasset" 1454
"../../../Engine/Plugins/NNE/NNEDenoiser/Content/NNEDTOM_Output_Alpha.uexp" 1455
"../../../Engine/Plugins/NNE/NNEDenoiser/Content/NNEDTIM_ColorAlbedoNormal_Default.uasset" 1456
"../../../Engine/Plugins/NNE/NNEDenoiser/Content/NNEDTIM_ColorAlbedoNormal_Default.uexp" 1457
"../../../Engine/Plugins/NNE/NNEDenoiser/Content/NNEDTIM_ColorAlbedoNormal_Alpha.uasset" 1458
"../../../Engine/Plugins/NNE/NNEDenoiser/Content/NNEDTIM_ColorAlbedoNormal_Alpha.uexp" 1459
"../../../Engine/Plugins/NNE/NNEDenoiser/Content/NNEDOM_Output_Default.uasset" 1460
"../../../Engine/Plugins/NNE/NNEDenoiser/Content/NNEDOM_Output_Default.uexp" 1461
"../../../Engine/Plugins/NNE/NNEDenoiser/Content/NNEDOM_Output_Alpha.uasset" 1462
"../../../Engine/Plugins/NNE/NNEDenoiser/Content/NNEDOM_Output_Alpha.uexp" 1463
"../../../Engine/Plugins/NNE/NNEDenoiser/Content/NNEDIM_HighQuality_Default.uasset" 1464
"../../../Engine/Plugins/NNE/NNEDenoiser/Content/NNEDIM_HighQuality_Default.uexp" 1465
"../../../Engine/Plugins/NNE/NNEDenoiser/Content/NNEDIM_HighQuality_Alpha.uasset" 1466
"../../../Engine/Plugins/NNE/NNEDenoiser/Content/NNEDIM_HighQuality_Alpha.uexp" 1467
"../../../Engine/Plugins/NNE/NNEDenoiser/Content/NNEDIM_ColorAlbedoNormal_Default.uasset" 1468
"../../../Engine/Plugins/NNE/NNEDenoiser/Content/NNEDIM_ColorAlbedoNormal_Default.uexp" 1469
"../../../Engine/Plugins/NNE/NNEDenoiser/Content/NNEDIM_ColorAlbedoNormal_Alpha.uasset" 1470
"../../../Engine/Plugins/NNE/NNEDenoiser/Content/NNEDIM_ColorAlbedoNormal_Alpha.uexp" 1471
"../../../Engine/Plugins/Media/MediaPlate/Content/SM_MediaPlateScreen.uasset" 1472
"../../../Engine/Plugins/Media/MediaPlate/Content/SM_MediaPlateScreen.uexp" 1473
"../../../Engine/Plugins/2D/Paper2D/Content/DefaultSpriteMaterial.uasset" 1474
"../../../Engine/Plugins/2D/Paper2D/Content/DefaultSpriteMaterial.uexp" 1475
"../../../Engine/Plugins/2D/Paper2D/Content/OpaqueUnlitSpriteMaterial.uasset" 1476
"../../../Engine/Plugins/2D/Paper2D/Content/OpaqueUnlitSpriteMaterial.uexp" 1477
"../../../Engine/Plugins/2D/Paper2D/Content/MaskedUnlitSpriteMaterial.uasset" 1478
"../../../Engine/Plugins/2D/Paper2D/Content/MaskedUnlitSpriteMaterial.uexp" 1479
"F:/unreal/DedicatedProject/Content/Fab/SciFi_ToiletMech/Mesh/SKEL_SciFi_ToiletMech_Skeleton.uasset" 1480
"F:/unreal/DedicatedProject/Content/Fab/SciFi_ToiletMech/Mesh/SKEL_SciFi_ToiletMech_Skeleton.uexp" 1481
"F:/unreal/DedicatedProject/Content/Fab/SciFi_ToiletMech/Animation/Anim_SciFi_ToiletMech_Idle2.uasset" 1482
"F:/unreal/DedicatedProject/Content/Fab/SciFi_ToiletMech/Animation/Anim_SciFi_ToiletMech_Idle2.uexp" 1483
"F:/unreal/DedicatedProject/Content/Fab/SciFi_ToiletMech/Animation/Anim_SciFi_ToiletMech_Run.uasset" 1484
"F:/unreal/DedicatedProject/Content/Fab/SciFi_ToiletMech/Animation/Anim_SciFi_ToiletMech_Run.uexp" 1485
"F:/unreal/DedicatedProject/Content/Fab/SciFi_ToiletMech/Animation/Anim_SciFi_ToiletMech_JumpEnd.uasset" 1486
"F:/unreal/DedicatedProject/Content/Fab/SciFi_ToiletMech/Animation/Anim_SciFi_ToiletMech_JumpEnd.uexp" 1487
"F:/unreal/DedicatedProject/Content/Fab/SciFi_ToiletMech/Animation/Anim_SciFi_ToiletMech_JumpStart.uasset" 1488
"F:/unreal/DedicatedProject/Content/Fab/SciFi_ToiletMech/Animation/Anim_SciFi_ToiletMech_JumpStart.uexp" 1489
"F:/unreal/DedicatedProject/Content/Fab/SciFi_ToiletMech/Animation/Anim_SciFi_ToiletMech_JumpLoop.uasset" 1490
"F:/unreal/DedicatedProject/Content/Fab/SciFi_ToiletMech/Animation/Anim_SciFi_ToiletMech_JumpLoop.uexp" 1491
"F:/unreal/DedicatedProject/Content/BluePrints/AB_ToiletAnimBlueprint.uasset" 1492
"F:/unreal/DedicatedProject/Content/BluePrints/AB_ToiletAnimBlueprint.uexp" 1493
"../../../Engine/Content/Functions/Engine_MaterialFunctions02/Texturing/CustomRotator.uasset" 1494
"../../../Engine/Content/Functions/Engine_MaterialFunctions02/Texturing/CustomRotator.uexp" 1495
"../../../Engine/Content/Functions/Engine_MaterialFunctions01/Texturing/ScaleUVsByCenter.uasset" 1496
"../../../Engine/Content/Functions/Engine_MaterialFunctions01/Texturing/ScaleUVsByCenter.uexp" 1497
"../../../Engine/Plugins/Runtime/AudioWidgets/Content/AudioMaterialSlate/Functions/MF_SingleLine_Smooth.uasset" 1498
"../../../Engine/Plugins/Runtime/AudioWidgets/Content/AudioMaterialSlate/Functions/MF_SingleLine_Smooth.uexp" 1499
"../../../Engine/Plugins/Runtime/AudioWidgets/Content/AudioMaterialSlate/Functions/MF_AngleGradient.uasset" 1500
"../../../Engine/Plugins/Runtime/AudioWidgets/Content/AudioMaterialSlate/Functions/MF_AngleGradient.uexp" 1501
"../../../Engine/Plugins/Runtime/AudioWidgets/Content/AudioMaterialSlate/Functions/MF_SingleLine.uasset" 1502
"../../../Engine/Plugins/Runtime/AudioWidgets/Content/AudioMaterialSlate/Functions/MF_SingleLine.uexp" 1503
"../../../Engine/Content/Functions/Engine_MaterialFunctions01/Gradient/SphereGradient-2D.uasset" 1504
"../../../Engine/Content/Functions/Engine_MaterialFunctions01/Gradient/SphereGradient-2D.uexp" 1505
"../../../Engine/Plugins/Runtime/AudioWidgets/Content/AudioMaterialSlate/M_AudioMaterialToggleButton.uasset" 1506
"../../../Engine/Plugins/Runtime/AudioWidgets/Content/AudioMaterialSlate/M_AudioMaterialToggleButton.uexp" 1507
"../../../Engine/Plugins/Runtime/AudioWidgets/Content/AudioMaterialSlate/MI_AudioMaterialToggleButton.uasset" 1508
"../../../Engine/Plugins/Runtime/AudioWidgets/Content/AudioMaterialSlate/MI_AudioMaterialToggleButton.uexp" 1509
"../../../Engine/Content/Functions/Engine_MaterialFunctions01/Gradient/GeneratedRoundRect.uasset" 1510
"../../../Engine/Content/Functions/Engine_MaterialFunctions01/Gradient/GeneratedRoundRect.uexp" 1511
"../../../Engine/Plugins/Runtime/AudioWidgets/Content/AudioMaterialSlate/M_AudioMaterialRoundedSlider.uasset" 1512
"../../../Engine/Plugins/Runtime/AudioWidgets/Content/AudioMaterialSlate/M_AudioMaterialRoundedSlider.uexp" 1513
"../../../Engine/Plugins/Runtime/AudioWidgets/Content/AudioMaterialSlate/MI_AudioMaterialRoundedSlider.uasset" 1514
"../../../Engine/Plugins/Runtime/AudioWidgets/Content/AudioMaterialSlate/MI_AudioMaterialRoundedSlider.uexp" 1515
"../../../Engine/Plugins/Runtime/AudioWidgets/Content/AudioMaterialSlate/Functions/MF_Lines.uasset" 1516
"../../../Engine/Plugins/Runtime/AudioWidgets/Content/AudioMaterialSlate/Functions/MF_Lines.uexp" 1517
"../../../Engine/Content/Functions/Engine_MaterialFunctions02/Lerp_3Color.uasset" 1518
"../../../Engine/Content/Functions/Engine_MaterialFunctions02/Lerp_3Color.uexp" 1519
"../../../Engine/Plugins/Runtime/AudioWidgets/Content/AudioMaterialSlate/M_AudioMaterialMeter.uasset" 1520
"../../../Engine/Plugins/Runtime/AudioWidgets/Content/AudioMaterialSlate/M_AudioMaterialMeter.uexp" 1521
"../../../Engine/Plugins/Runtime/AudioWidgets/Content/AudioMaterialSlate/MI_AudioMaterialMeter.uasset" 1522
"../../../Engine/Plugins/Runtime/AudioWidgets/Content/AudioMaterialSlate/MI_AudioMaterialMeter.uexp" 1523
"../../../Engine/Plugins/Runtime/AudioWidgets/Content/AudioMaterialSlate/M_AudioMaterialKnob.uasset" 1524
"../../../Engine/Plugins/Runtime/AudioWidgets/Content/AudioMaterialSlate/M_AudioMaterialKnob.uexp" 1525
"../../../Engine/Plugins/Runtime/AudioWidgets/Content/AudioMaterialSlate/MI_AudioMaterialKnob.uasset" 1526
"../../../Engine/Plugins/Runtime/AudioWidgets/Content/AudioMaterialSlate/MI_AudioMaterialKnob.uexp" 1527
"../../../Engine/Plugins/Runtime/AudioWidgets/Content/AudioMaterialSlate/Functions/MF_DotOutlined.uasset" 1528
"../../../Engine/Plugins/Runtime/AudioWidgets/Content/AudioMaterialSlate/Functions/MF_DotOutlined.uexp" 1529
"../../../Engine/Plugins/Runtime/AudioWidgets/Content/AudioMaterialSlate/M_AudioMaterialEnvelope_ADSR.uasset" 1530
"../../../Engine/Plugins/Runtime/AudioWidgets/Content/AudioMaterialSlate/M_AudioMaterialEnvelope_ADSR.uexp" 1531
"../../../Engine/Plugins/Runtime/AudioWidgets/Content/AudioMaterialSlate/MI_AudioMaterialEnvelope_ADSR.uasset" 1532
"../../../Engine/Plugins/Runtime/AudioWidgets/Content/AudioMaterialSlate/MI_AudioMaterialEnvelope_ADSR.uexp" 1533
"../../../Engine/Plugins/Animation/ControlRig/Content/Controls/ControlRig_Wedge_solid.uasset" 1534
"../../../Engine/Plugins/Animation/ControlRig/Content/Controls/ControlRig_Wedge_solid.uexp" 1535
"../../../Engine/Plugins/Animation/ControlRig/Content/Controls/ControlRig_Wedge_3mm.uasset" 1536
"../../../Engine/Plugins/Animation/ControlRig/Content/Controls/ControlRig_Wedge_3mm.uexp" 1537
"../../../Engine/Plugins/Animation/ControlRig/Content/Controls/ControlRig_Wedge_1mm.uasset" 1538
"../../../Engine/Plugins/Animation/ControlRig/Content/Controls/ControlRig_Wedge_1mm.uexp" 1539
"../../../Engine/Plugins/Animation/ControlRig/Content/Controls/ControlRig_Triangle_solid.uasset" 1540
"../../../Engine/Plugins/Animation/ControlRig/Content/Controls/ControlRig_Triangle_solid.uexp" 1541
"../../../Engine/Plugins/Animation/ControlRig/Content/Controls/ControlRig_Triangle_3mm.uasset" 1542
"../../../Engine/Plugins/Animation/ControlRig/Content/Controls/ControlRig_Triangle_3mm.uexp" 1543
"../../../Engine/Plugins/Animation/ControlRig/Content/Controls/ControlRig_Triangle_1mm.uasset" 1544
"../../../Engine/Plugins/Animation/ControlRig/Content/Controls/ControlRig_Triangle_1mm.uexp" 1545
"../../../Engine/Plugins/Animation/ControlRig/Content/Controls/ControlRig_Star4_solid.uasset" 1546
"../../../Engine/Plugins/Animation/ControlRig/Content/Controls/ControlRig_Star4_solid.uexp" 1547
"../../../Engine/Plugins/Animation/ControlRig/Content/Controls/ControlRig_Star4_3mm.uasset" 1548
"../../../Engine/Plugins/Animation/ControlRig/Content/Controls/ControlRig_Star4_3mm.uexp" 1549
"../../../Engine/Plugins/Animation/ControlRig/Content/Controls/ControlRig_Star4_1mm.uasset" 1550
"../../../Engine/Plugins/Animation/ControlRig/Content/Controls/ControlRig_Star4_1mm.uexp" 1551
"../../../Engine/Plugins/Animation/ControlRig/Content/Controls/ControlRig_Square_solid.uasset" 1552
"../../../Engine/Plugins/Animation/ControlRig/Content/Controls/ControlRig_Square_solid.uexp" 1553
"../../../Engine/Plugins/Animation/ControlRig/Content/Controls/ControlRig_Square_3mm.uasset" 1554
"../../../Engine/Plugins/Animation/ControlRig/Content/Controls/ControlRig_Square_3mm.uexp" 1555
"../../../Engine/Plugins/Animation/ControlRig/Content/Controls/ControlRig_Square_1mm.uasset" 1556
"../../../Engine/Plugins/Animation/ControlRig/Content/Controls/ControlRig_Square_1mm.uexp" 1557
"../../../Engine/Plugins/Animation/ControlRig/Content/Controls/ControlRig_Sphere_solid.uasset" 1558
"../../../Engine/Plugins/Animation/ControlRig/Content/Controls/ControlRig_Sphere_solid.uexp" 1559
"../../../Engine/Plugins/Animation/ControlRig/Content/Controls/ControlRig_Sphere_3mm.uasset" 1560
"../../../Engine/Plugins/Animation/ControlRig/Content/Controls/ControlRig_Sphere_3mm.uexp" 1561
"../../../Engine/Plugins/Animation/ControlRig/Content/Controls/ControlRig_Sphere_1mm.uasset" 1562
"../../../Engine/Plugins/Animation/ControlRig/Content/Controls/ControlRig_Sphere_1mm.uexp" 1563
"../../../Engine/Plugins/Animation/ControlRig/Content/Controls/ControlRig_RoundedTriangle_solid.uasset" 1564
"../../../Engine/Plugins/Animation/ControlRig/Content/Controls/ControlRig_RoundedTriangle_solid.uexp" 1565
"../../../Engine/Plugins/Animation/ControlRig/Content/Controls/ControlRig_RoundedTriangle_3mm.uasset" 1566
"../../../Engine/Plugins/Animation/ControlRig/Content/Controls/ControlRig_RoundedTriangle_3mm.uexp" 1567
"../../../Engine/Plugins/Animation/ControlRig/Content/Controls/ControlRig_RoundedTriangle_1mm.uasset" 1568
"../../../Engine/Plugins/Animation/ControlRig/Content/Controls/ControlRig_RoundedTriangle_1mm.uexp" 1569
"../../../Engine/Plugins/Animation/ControlRig/Content/Controls/ControlRig_RoundedSquare_solid.uasset" 1570
"../../../Engine/Plugins/Animation/ControlRig/Content/Controls/ControlRig_RoundedSquare_solid.uexp" 1571
"../../../Engine/Plugins/Animation/ControlRig/Content/Controls/ControlRig_RoundedSquare_3mm.uasset" 1572
"../../../Engine/Plugins/Animation/ControlRig/Content/Controls/ControlRig_RoundedSquare_3mm.uexp" 1573
"../../../Engine/Plugins/Animation/ControlRig/Content/Controls/ControlRig_RoundedSquare_1mm.uasset" 1574
"../../../Engine/Plugins/Animation/ControlRig/Content/Controls/ControlRig_RoundedSquare_1mm.uexp" 1575
"../../../Engine/Plugins/Animation/ControlRig/Content/Controls/ControlRig_QuarterCircle_solid.uasset" 1576
"../../../Engine/Plugins/Animation/ControlRig/Content/Controls/ControlRig_QuarterCircle_solid.uexp" 1577
"../../../Engine/Plugins/Animation/ControlRig/Content/Controls/ControlRig_QuarterCircle_3mm.uasset" 1578
"../../../Engine/Plugins/Animation/ControlRig/Content/Controls/ControlRig_QuarterCircle_3mm.uexp" 1579
"../../../Engine/Plugins/Animation/ControlRig/Content/Controls/ControlRig_QuarterCircle_1mm.uasset" 1580
"../../../Engine/Plugins/Animation/ControlRig/Content/Controls/ControlRig_QuarterCircle_1mm.uexp" 1581
"../../../Engine/Plugins/Animation/ControlRig/Content/Controls/ControlRig_Pyramid_solid.uasset" 1582
"../../../Engine/Plugins/Animation/ControlRig/Content/Controls/ControlRig_Pyramid_solid.uexp" 1583
"../../../Engine/Plugins/Animation/ControlRig/Content/Controls/ControlRig_Pyramid_3mm.uasset" 1584
"../../../Engine/Plugins/Animation/ControlRig/Content/Controls/ControlRig_Pyramid_3mm.uexp" 1585
"../../../Engine/Plugins/Animation/ControlRig/Content/Controls/ControlRig_Pyramid_1mm.uasset" 1586
"../../../Engine/Plugins/Animation/ControlRig/Content/Controls/ControlRig_Pyramid_1mm.uexp" 1587
"../../../Engine/Plugins/Animation/ControlRig/Content/Controls/ControlRig_Octagon_solid.uasset" 1588
"../../../Engine/Plugins/Animation/ControlRig/Content/Controls/ControlRig_Octagon_solid.uexp" 1589
"../../../Engine/Plugins/Animation/ControlRig/Content/Controls/ControlRig_Octagon_3mm.uasset" 1590
"../../../Engine/Plugins/Animation/ControlRig/Content/Controls/ControlRig_Octagon_3mm.uexp" 1591
"../../../Engine/Plugins/Animation/ControlRig/Content/Controls/ControlRig_Octagon_1mm.uasset" 1592
"../../../Engine/Plugins/Animation/ControlRig/Content/Controls/ControlRig_Octagon_1mm.uexp" 1593
"../../../Engine/Plugins/Animation/ControlRig/Content/Controls/ControlRig_Hexagon_solid.uasset" 1594
"../../../Engine/Plugins/Animation/ControlRig/Content/Controls/ControlRig_Hexagon_solid.uexp" 1595
"../../../Engine/Plugins/Animation/ControlRig/Content/Controls/ControlRig_Hexagon_3mm.uasset" 1596
"../../../Engine/Plugins/Animation/ControlRig/Content/Controls/ControlRig_Hexagon_3mm.uexp" 1597
"../../../Engine/Plugins/Animation/ControlRig/Content/Controls/ControlRig_Hexagon_1mm.uasset" 1598
"../../../Engine/Plugins/Animation/ControlRig/Content/Controls/ControlRig_Hexagon_1mm.uexp" 1599
"../../../Engine/Plugins/Animation/ControlRig/Content/Controls/ControlRig_HalfCircle_solid.uasset" 1600
"../../../Engine/Plugins/Animation/ControlRig/Content/Controls/ControlRig_HalfCircle_solid.uexp" 1601
"../../../Engine/Plugins/Animation/ControlRig/Content/Controls/ControlRig_HalfCircle_3mm.uasset" 1602
"../../../Engine/Plugins/Animation/ControlRig/Content/Controls/ControlRig_HalfCircle_3mm.uexp" 1603
"../../../Engine/Plugins/Animation/ControlRig/Content/Controls/ControlRig_HalfCircle_1mm.uasset" 1604
"../../../Engine/Plugins/Animation/ControlRig/Content/Controls/ControlRig_HalfCircle_1mm.uexp" 1605
"../../../Engine/Plugins/Animation/ControlRig/Content/Controls/ControlRig_Diamond_solid.uasset" 1606
"../../../Engine/Plugins/Animation/ControlRig/Content/Controls/ControlRig_Diamond_solid.uexp" 1607
"../../../Engine/Plugins/Animation/ControlRig/Content/Controls/ControlRig_Diamond_3mm.uasset" 1608
"../../../Engine/Plugins/Animation/ControlRig/Content/Controls/ControlRig_Diamond_3mm.uexp" 1609
"../../../Engine/Plugins/Animation/ControlRig/Content/Controls/ControlRig_Diamond_1mm.uasset" 1610
"../../../Engine/Plugins/Animation/ControlRig/Content/Controls/ControlRig_Diamond_1mm.uexp" 1611
"../../../Engine/Plugins/Animation/ControlRig/Content/Controls/ControlRig_Circle_solid.uasset" 1612
"../../../Engine/Plugins/Animation/ControlRig/Content/Controls/ControlRig_Circle_solid.uexp" 1613
"../../../Engine/Plugins/Animation/ControlRig/Content/Controls/ControlRig_Circle_3mm.uasset" 1614
"../../../Engine/Plugins/Animation/ControlRig/Content/Controls/ControlRig_Circle_3mm.uexp" 1615
"../../../Engine/Plugins/Animation/ControlRig/Content/Controls/ControlRig_Circle_1mm.uasset" 1616
"../../../Engine/Plugins/Animation/ControlRig/Content/Controls/ControlRig_Circle_1mm.uexp" 1617
"../../../Engine/Plugins/Animation/ControlRig/Content/Controls/ControlRig_Box_solid.uasset" 1618
"../../../Engine/Plugins/Animation/ControlRig/Content/Controls/ControlRig_Box_solid.uexp" 1619
"../../../Engine/Plugins/Animation/ControlRig/Content/Controls/ControlRig_Box_3mm.uasset" 1620
"../../../Engine/Plugins/Animation/ControlRig/Content/Controls/ControlRig_Box_3mm.uexp" 1621
"../../../Engine/Plugins/Animation/ControlRig/Content/Controls/ControlRig_Box_1mm.uasset" 1622
"../../../Engine/Plugins/Animation/ControlRig/Content/Controls/ControlRig_Box_1mm.uexp" 1623
"../../../Engine/Plugins/Animation/ControlRig/Content/Controls/ControlRig_Arrow_solid.uasset" 1624
"../../../Engine/Plugins/Animation/ControlRig/Content/Controls/ControlRig_Arrow_solid.uexp" 1625
"../../../Engine/Plugins/Animation/ControlRig/Content/Controls/ControlRig_Arrow_3mm.uasset" 1626
"../../../Engine/Plugins/Animation/ControlRig/Content/Controls/ControlRig_Arrow_3mm.uexp" 1627
"../../../Engine/Plugins/Animation/ControlRig/Content/Controls/ControlRig_Arrow_1mm.uasset" 1628
"../../../Engine/Plugins/Animation/ControlRig/Content/Controls/ControlRig_Arrow_1mm.uexp" 1629
"../../../Engine/Plugins/Animation/ControlRig/Content/Controls/ControlRig_Arrow4_solid.uasset" 1630
"../../../Engine/Plugins/Animation/ControlRig/Content/Controls/ControlRig_Arrow4_solid.uexp" 1631
"../../../Engine/Plugins/Animation/ControlRig/Content/Controls/ControlRig_Arrow4_3mm.uasset" 1632
"../../../Engine/Plugins/Animation/ControlRig/Content/Controls/ControlRig_Arrow4_3mm.uexp" 1633
"../../../Engine/Plugins/Animation/ControlRig/Content/Controls/ControlRig_Arrow4_1mm.uasset" 1634
"../../../Engine/Plugins/Animation/ControlRig/Content/Controls/ControlRig_Arrow4_1mm.uexp" 1635
"../../../Engine/Plugins/Animation/ControlRig/Content/Controls/ControlRig_Arrow2_solid.uasset" 1636
"../../../Engine/Plugins/Animation/ControlRig/Content/Controls/ControlRig_Arrow2_solid.uexp" 1637
"../../../Engine/Plugins/Animation/ControlRig/Content/Controls/ControlRig_Arrow2_3mm.uasset" 1638
"../../../Engine/Plugins/Animation/ControlRig/Content/Controls/ControlRig_Arrow2_3mm.uexp" 1639
"../../../Engine/Plugins/Animation/ControlRig/Content/Controls/ControlRig_Arrow2_1mm.uasset" 1640
"../../../Engine/Plugins/Animation/ControlRig/Content/Controls/ControlRig_Arrow2_1mm.uexp" 1641
"../../../Engine/Content/EngineResources/WhiteSquareTexture.uasset" 1642
"../../../Engine/Content/EngineResources/WhiteSquareTexture.uexp" 1643
"../../../Engine/Content/EngineMaterials/Widget3DPassThrough.uasset" 1644
"../../../Engine/Content/EngineMaterials/Widget3DPassThrough.uexp" 1645
"../../../Engine/Content/EngineMaterials/Widget3DPassThrough_Translucent.uasset" 1646
"../../../Engine/Content/EngineMaterials/Widget3DPassThrough_Translucent.uexp" 1647
"../../../Engine/Content/EngineMaterials/Widget3DPassThrough_Translucent_OneSided.uasset" 1648
"../../../Engine/Content/EngineMaterials/Widget3DPassThrough_Translucent_OneSided.uexp" 1649
"../../../Engine/Content/EngineMaterials/Widget3DPassThrough_Opaque.uasset" 1650
"../../../Engine/Content/EngineMaterials/Widget3DPassThrough_Opaque.uexp" 1651
"../../../Engine/Content/EngineMaterials/Widget3DPassThrough_Opaque_OneSided.uasset" 1652
"../../../Engine/Content/EngineMaterials/Widget3DPassThrough_Opaque_OneSided.uexp" 1653
"../../../Engine/Content/EngineMaterials/Widget3DPassThrough_Masked_OneSided.uasset" 1654
"../../../Engine/Content/EngineMaterials/Widget3DPassThrough_Masked_OneSided.uexp" 1655
"../../../Engine/Content/EngineMaterials/Widget3DPassThrough_Masked.uasset" 1656
"../../../Engine/Content/EngineMaterials/Widget3DPassThrough_Masked.uexp" 1657
"../../../Engine/Content/EngineMaterials/WeightMapPlaceholderTexture.uasset" 1658
"../../../Engine/Content/EngineMaterials/WeightMapPlaceholderTexture.uexp" 1659
"../../../Engine/Content/EngineMaterials/WeightMapArrayPlaceholderTexture.uasset" 1660
"../../../Engine/Content/EngineMaterials/WeightMapArrayPlaceholderTexture.uexp" 1661
"../../../Engine/Content/EditorLandscapeResources/SplineEditorMeshMat.uasset" 1662
"../../../Engine/Content/EditorLandscapeResources/SplineEditorMeshMat.uexp" 1663
"../../../Engine/Content/EditorLandscapeResources/SplineEditorMesh.uasset" 1664
"../../../Engine/Content/EditorLandscapeResources/SplineEditorMesh.uexp" 1665
"../../../Engine/Content/EngineMaterials/DefaultMaterial.uasset" 1666
"../../../Engine/Content/EngineMaterials/DefaultMaterial.uexp" 1667
"../../../Engine/Content/BasicShapes/Sphere.uasset" 1668
"../../../Engine/Content/BasicShapes/Sphere.uexp" 1669
"../../../Engine/Content/BasicShapes/Cylinder.uasset" 1670
"../../../Engine/Content/BasicShapes/Cylinder.uexp" 1671
"../../../Engine/Content/BasicShapes/Cone.uasset" 1672
"../../../Engine/Content/BasicShapes/Cone.uexp" 1673
"../../../Engine/Plugins/Interchange/Assets/Content/gltf/Textures/T_White_srgb.uasset" 1674
"../../../Engine/Plugins/Interchange/Assets/Content/gltf/Textures/T_White_srgb.uexp" 1675
"../../../Engine/Plugins/Interchange/Assets/Content/gltf/MaterialFunctions/MF_BaseColor.uasset" 1676
"../../../Engine/Plugins/Interchange/Assets/Content/gltf/MaterialFunctions/MF_BaseColor.uexp" 1677
"../../../Engine/Plugins/Interchange/Assets/Content/gltf/MaterialFunctions/MF_RotateV2.uasset" 1678
"../../../Engine/Plugins/Interchange/Assets/Content/gltf/MaterialFunctions/MF_RotateV2.uexp" 1679
"../../../Engine/Plugins/Interchange/Assets/Content/gltf/MaterialFunctions/MF_TransformUVs.uasset" 1680
"../../../Engine/Plugins/Interchange/Assets/Content/gltf/MaterialFunctions/MF_TransformUVs.uexp" 1681
"../../../Engine/Plugins/Interchange/Assets/Content/gltf/MaterialBodies/MF_Unlit_Body.uasset" 1682
"../../../Engine/Plugins/Interchange/Assets/Content/gltf/MaterialBodies/MF_Unlit_Body.uexp" 1683
"../../../Engine/Plugins/Interchange/Assets/Content/gltf/M_Unlit.uasset" 1684
"../../../Engine/Plugins/Interchange/Assets/Content/gltf/M_Unlit.uexp" 1685
"../../../Engine/Plugins/Interchange/Assets/Content/gltf/MaterialInstances/MI_Unlit_Opaque_DS.uasset" 1686
"../../../Engine/Plugins/Interchange/Assets/Content/gltf/MaterialInstances/MI_Unlit_Opaque_DS.uexp" 1687
"../../../Engine/Plugins/Interchange/Assets/Content/gltf/MaterialInstances/MI_Unlit_Opaque.uasset" 1688
"../../../Engine/Plugins/Interchange/Assets/Content/gltf/MaterialInstances/MI_Unlit_Opaque.uexp" 1689
"../../../Engine/Plugins/Interchange/Assets/Content/gltf/MaterialInstances/MI_Unlit_Mask_DS.uasset" 1690
"../../../Engine/Plugins/Interchange/Assets/Content/gltf/MaterialInstances/MI_Unlit_Mask_DS.uexp" 1691
"../../../Engine/Plugins/Interchange/Assets/Content/gltf/MaterialInstances/MI_Unlit_Mask.uasset" 1692
"../../../Engine/Plugins/Interchange/Assets/Content/gltf/MaterialInstances/MI_Unlit_Mask.uexp" 1693
"../../../Engine/Plugins/Interchange/Assets/Content/gltf/MaterialInstances/MI_Unlit_Blend_DS.uasset" 1694
"../../../Engine/Plugins/Interchange/Assets/Content/gltf/MaterialInstances/MI_Unlit_Blend_DS.uexp" 1695
"../../../Engine/Plugins/Interchange/Assets/Content/gltf/MaterialInstances/MI_Unlit_Blend.uasset" 1696
"../../../Engine/Plugins/Interchange/Assets/Content/gltf/MaterialInstances/MI_Unlit_Blend.uexp" 1697
"../../../Engine/Content/Functions/Engine_MaterialFunctions02/Math/Transform3x3Matrix.uasset" 1698
"../../../Engine/Content/Functions/Engine_MaterialFunctions02/Math/Transform3x3Matrix.uexp" 1699
"../../../Engine/Content/EngineMaterials/Good64x64TilingNoiseHighFreq.uasset" 1700
"../../../Engine/Content/EngineMaterials/Good64x64TilingNoiseHighFreq.uexp" 1701
"../../../Engine/Content/Functions/Engine_MaterialFunctions02/Texturing/ScreenAlignedPixelToPixelUVs.uasset" 1702
"../../../Engine/Content/Functions/Engine_MaterialFunctions02/Texturing/ScreenAlignedPixelToPixelUVs.uexp" 1703
"../../../Engine/Plugins/Interchange/Assets/Content/gltf/MaterialFunctions/MF_Temporal_Blur.uasset" 1704
"../../../Engine/Plugins/Interchange/Assets/Content/gltf/MaterialFunctions/MF_Temporal_Blur.uexp" 1705
"../../../Engine/Plugins/Interchange/Assets/Content/gltf/MaterialFunctions/MF_Specular.uasset" 1706
"../../../Engine/Plugins/Interchange/Assets/Content/gltf/MaterialFunctions/MF_Specular.uexp" 1707
"../../../Engine/Plugins/Interchange/Assets/Content/gltf/Textures/T_Anisotropy_Direction_Linear.uasset" 1708
"../../../Engine/Plugins/Interchange/Assets/Content/gltf/Textures/T_Anisotropy_Direction_Linear.uexp" 1709
"../../../Engine/Plugins/Interchange/Assets/Content/gltf/MaterialFunctions/MF_SpecularAnisotropy.uasset" 1710
"../../../Engine/Plugins/Interchange/Assets/Content/gltf/MaterialFunctions/MF_SpecularAnisotropy.uexp" 1711
"../../../Engine/Plugins/Interchange/Assets/Content/gltf/Textures/T_White_Linear.uasset" 1712
"../../../Engine/Plugins/Interchange/Assets/Content/gltf/Textures/T_White_Linear.uexp" 1713
"../../../Engine/Plugins/Interchange/Assets/Content/gltf/MaterialFunctions/MF_MetallicRoughness.uasset" 1714
"../../../Engine/Plugins/Interchange/Assets/Content/gltf/MaterialFunctions/MF_MetallicRoughness.uexp" 1715
"../../../Engine/Plugins/Interchange/Assets/Content/gltf/Textures/T_Generic_N.uasset" 1716
"../../../Engine/Plugins/Interchange/Assets/Content/gltf/Textures/T_Generic_N.uexp" 1717
"../../../Engine/Plugins/Interchange/Assets/Content/gltf/MaterialFunctions/MF_ScaleNormal.uasset" 1718
"../../../Engine/Plugins/Interchange/Assets/Content/gltf/MaterialFunctions/MF_ScaleNormal.uexp" 1719
"../../../Engine/Plugins/Interchange/Assets/Content/gltf/MaterialFunctions/MF_Fresnel_DS.uasset" 1720
"../../../Engine/Plugins/Interchange/Assets/Content/gltf/MaterialFunctions/MF_Fresnel_DS.uexp" 1721
"../../../Engine/Plugins/Interchange/Assets/Content/gltf/MaterialFunctions/MF_Iridescence.uasset" 1722
"../../../Engine/Plugins/Interchange/Assets/Content/gltf/MaterialFunctions/MF_Iridescence.uexp" 1723
"../../../Engine/Plugins/Interchange/Assets/Content/gltf/MaterialFunctions/MF_Occlusion.uasset" 1724
"../../../Engine/Plugins/Interchange/Assets/Content/gltf/MaterialFunctions/MF_Occlusion.uexp" 1725
"../../../Engine/Plugins/Interchange/Assets/Content/gltf/MaterialFunctions/MF_IOR.uasset" 1726
"../../../Engine/Plugins/Interchange/Assets/Content/gltf/MaterialFunctions/MF_IOR.uexp" 1727
"../../../Engine/Plugins/Interchange/Assets/Content/gltf/MaterialFunctions/MF_Transmission.uasset" 1728
"../../../Engine/Plugins/Interchange/Assets/Content/gltf/MaterialFunctions/MF_Transmission.uexp" 1729
"../../../Engine/Plugins/Interchange/Assets/Content/gltf/MaterialFunctions/MF_RotateNormals_TS.uasset" 1730
"../../../Engine/Plugins/Interchange/Assets/Content/gltf/MaterialFunctions/MF_RotateNormals_TS.uexp" 1731
"../../../Engine/Plugins/Interchange/Assets/Content/gltf/MaterialFunctions/MF_Normals.uasset" 1732
"../../../Engine/Plugins/Interchange/Assets/Content/gltf/MaterialFunctions/MF_Normals.uexp" 1733
"../../../Engine/Plugins/Interchange/Assets/Content/gltf/MaterialBodies/MF_Transmission_Body.uasset" 1734
"../../../Engine/Plugins/Interchange/Assets/Content/gltf/MaterialBodies/MF_Transmission_Body.uexp" 1735
"../../../Engine/Plugins/Interchange/Assets/Content/gltf/M_Transmission.uasset" 1736
"../../../Engine/Plugins/Interchange/Assets/Content/gltf/M_Transmission.uexp" 1737
"../../../Engine/Plugins/Interchange/Assets/Content/gltf/MaterialInstances/MI_Transmission_DS.uasset" 1738
"../../../Engine/Plugins/Interchange/Assets/Content/gltf/MaterialInstances/MI_Transmission_DS.uexp" 1739
"../../../Engine/Plugins/Interchange/Assets/Content/gltf/MaterialInstances/MI_Transmission.uasset" 1740
"../../../Engine/Plugins/Interchange/Assets/Content/gltf/MaterialInstances/MI_Transmission.uexp" 1741
"../../../Engine/Content/Functions/Engine_MaterialFunctions02/Math/AddComponents.uasset" 1742
"../../../Engine/Content/Functions/Engine_MaterialFunctions02/Math/AddComponents.uexp" 1743
"../../../Engine/Plugins/Interchange/Assets/Content/gltf/MaterialFunctions/MF_DiffuseSpecGloss.uasset" 1744
"../../../Engine/Plugins/Interchange/Assets/Content/gltf/MaterialFunctions/MF_DiffuseSpecGloss.uexp" 1745
"../../../Engine/Plugins/Interchange/Assets/Content/gltf/MaterialFunctions/MF_Emissive.uasset" 1746
"../../../Engine/Plugins/Interchange/Assets/Content/gltf/MaterialFunctions/MF_Emissive.uexp" 1747
"../../../Engine/Plugins/Interchange/Assets/Content/gltf/MaterialFunctions/MF_PerceivedBrightness.uasset" 1748
"../../../Engine/Plugins/Interchange/Assets/Content/gltf/MaterialFunctions/MF_PerceivedBrightness.uexp" 1749
"../../../Engine/Plugins/Interchange/Assets/Content/gltf/MaterialFunctions/MF_SpecGlossToMetalRoughness.uasset" 1750
"../../../Engine/Plugins/Interchange/Assets/Content/gltf/MaterialFunctions/MF_SpecGlossToMetalRoughness.uexp" 1751
"../../../Engine/Plugins/Interchange/Assets/Content/gltf/MaterialFunctions/MF_MaxComponentValue.uasset" 1752
"../../../Engine/Plugins/Interchange/Assets/Content/gltf/MaterialFunctions/MF_MaxComponentValue.uexp" 1753
"../../../Engine/Plugins/Interchange/Assets/Content/gltf/MaterialBodies/MF_SpecularGlossiness_Body.uasset" 1754
"../../../Engine/Plugins/Interchange/Assets/Content/gltf/MaterialBodies/MF_SpecularGlossiness_Body.uexp" 1755
"../../../Engine/Plugins/Interchange/Assets/Content/gltf/M_SpecularGlossiness.uasset" 1756
"../../../Engine/Plugins/Interchange/Assets/Content/gltf/M_SpecularGlossiness.uexp" 1757
"../../../Engine/Plugins/Interchange/Assets/Content/gltf/MaterialInstances/MI_SpecularGlossiness_Opaque_DS.uasset" 1758
"../../../Engine/Plugins/Interchange/Assets/Content/gltf/MaterialInstances/MI_SpecularGlossiness_Opaque_DS.uexp" 1759
"../../../Engine/Plugins/Interchange/Assets/Content/gltf/MaterialInstances/MI_SpecularGlossiness_Opaque.uasset" 1760
"../../../Engine/Plugins/Interchange/Assets/Content/gltf/MaterialInstances/MI_SpecularGlossiness_Opaque.uexp" 1761
"../../../Engine/Plugins/Interchange/Assets/Content/gltf/MaterialInstances/MI_SpecularGlossiness_Mask_DS.uasset" 1762
"../../../Engine/Plugins/Interchange/Assets/Content/gltf/MaterialInstances/MI_SpecularGlossiness_Mask_DS.uexp" 1763
"../../../Engine/Plugins/Interchange/Assets/Content/gltf/MaterialInstances/MI_SpecularGlossiness_Mask.uasset" 1764
"../../../Engine/Plugins/Interchange/Assets/Content/gltf/MaterialInstances/MI_SpecularGlossiness_Mask.uexp" 1765
"../../../Engine/Plugins/Interchange/Assets/Content/gltf/MaterialInstances/MI_SpecularGlossiness_Blend_DS.uasset" 1766
"../../../Engine/Plugins/Interchange/Assets/Content/gltf/MaterialInstances/MI_SpecularGlossiness_Blend_DS.uexp" 1767
"../../../Engine/Plugins/Interchange/Assets/Content/gltf/MaterialInstances/MI_SpecularGlossiness_Blend.uasset" 1768
"../../../Engine/Plugins/Interchange/Assets/Content/gltf/MaterialInstances/MI_SpecularGlossiness_Blend.uexp" 1769
"../../../Engine/Plugins/Interchange/Assets/Content/gltf/MaterialFunctions/MF_Sheen.uasset" 1770
"../../../Engine/Plugins/Interchange/Assets/Content/gltf/MaterialFunctions/MF_Sheen.uexp" 1771
"../../../Engine/Plugins/Interchange/Assets/Content/gltf/MaterialBodies/MF_Sheen_Body.uasset" 1772
"../../../Engine/Plugins/Interchange/Assets/Content/gltf/MaterialBodies/MF_Sheen_Body.uexp" 1773
"../../../Engine/Plugins/Interchange/Assets/Content/gltf/M_Sheen.uasset" 1774
"../../../Engine/Plugins/Interchange/Assets/Content/gltf/M_Sheen.uexp" 1775
"../../../Engine/Plugins/Interchange/Assets/Content/gltf/MaterialInstances/MI_Sheen_Opaque_DS.uasset" 1776
"../../../Engine/Plugins/Interchange/Assets/Content/gltf/MaterialInstances/MI_Sheen_Opaque_DS.uexp" 1777
"../../../Engine/Plugins/Interchange/Assets/Content/gltf/MaterialInstances/MI_Sheen_Opaque.uasset" 1778
"../../../Engine/Plugins/Interchange/Assets/Content/gltf/MaterialInstances/MI_Sheen_Opaque.uexp" 1779
"../../../Engine/Plugins/Interchange/Assets/Content/gltf/MaterialInstances/MI_Sheen_Mask_DS.uasset" 1780
"../../../Engine/Plugins/Interchange/Assets/Content/gltf/MaterialInstances/MI_Sheen_Mask_DS.uexp" 1781
"../../../Engine/Plugins/Interchange/Assets/Content/gltf/MaterialInstances/MI_Sheen_Mask.uasset" 1782
"../../../Engine/Plugins/Interchange/Assets/Content/gltf/MaterialInstances/MI_Sheen_Mask.uexp" 1783
"../../../Engine/Plugins/Interchange/Assets/Content/gltf/MaterialInstances/MI_Sheen_Blend_DS.uasset" 1784
"../../../Engine/Plugins/Interchange/Assets/Content/gltf/MaterialInstances/MI_Sheen_Blend_DS.uexp" 1785
"../../../Engine/Plugins/Interchange/Assets/Content/gltf/MaterialInstances/MI_Sheen_Blend.uasset" 1786
"../../../Engine/Plugins/Interchange/Assets/Content/gltf/MaterialInstances/MI_Sheen_Blend.uexp" 1787
"../../../Engine/Plugins/Interchange/Assets/Content/gltf/MaterialBodies/MF_Default_Body.uasset" 1788
"../../../Engine/Plugins/Interchange/Assets/Content/gltf/MaterialBodies/MF_Default_Body.uexp" 1789
"../../../Engine/Plugins/Interchange/Assets/Content/gltf/M_Default.uasset" 1790
"../../../Engine/Plugins/Interchange/Assets/Content/gltf/M_Default.uexp" 1791
"../../../Engine/Plugins/Interchange/Assets/Content/gltf/MaterialInstances/MI_Default_Opaque_DS.uasset" 1792
"../../../Engine/Plugins/Interchange/Assets/Content/gltf/MaterialInstances/MI_Default_Opaque_DS.uexp" 1793
"../../../Engine/Plugins/Interchange/Assets/Content/gltf/MaterialInstances/MI_Default_Opaque.uasset" 1794
"../../../Engine/Plugins/Interchange/Assets/Content/gltf/MaterialInstances/MI_Default_Opaque.uexp" 1795
"../../../Engine/Plugins/Interchange/Assets/Content/gltf/MaterialInstances/MI_Default_Mask_DS.uasset" 1796
"../../../Engine/Plugins/Interchange/Assets/Content/gltf/MaterialInstances/MI_Default_Mask_DS.uexp" 1797
"../../../Engine/Plugins/Interchange/Assets/Content/gltf/MaterialInstances/MI_Default_Mask.uasset" 1798
"../../../Engine/Plugins/Interchange/Assets/Content/gltf/MaterialInstances/MI_Default_Mask.uexp" 1799
"../../../Engine/Plugins/Interchange/Assets/Content/gltf/MaterialInstances/MI_Default_Blend_DS.uasset" 1800
"../../../Engine/Plugins/Interchange/Assets/Content/gltf/MaterialInstances/MI_Default_Blend_DS.uexp" 1801
"../../../Engine/Plugins/Interchange/Assets/Content/gltf/MaterialInstances/MI_Default_Blend.uasset" 1802
"../../../Engine/Plugins/Interchange/Assets/Content/gltf/MaterialInstances/MI_Default_Blend.uexp" 1803
"../../../Engine/Content/Functions/Engine_MaterialFunctions01/Texturing/FlattenNormal.uasset" 1804
"../../../Engine/Content/Functions/Engine_MaterialFunctions01/Texturing/FlattenNormal.uexp" 1805
"../../../Engine/Plugins/Interchange/Assets/Content/gltf/MaterialFunctions/MF_Clearcoat.uasset" 1806
"../../../Engine/Plugins/Interchange/Assets/Content/gltf/MaterialFunctions/MF_Clearcoat.uexp" 1807
"../../../Engine/Plugins/Interchange/Assets/Content/gltf/MaterialBodies/MF_ClearCoat_Body.uasset" 1808
"../../../Engine/Plugins/Interchange/Assets/Content/gltf/MaterialBodies/MF_ClearCoat_Body.uexp" 1809
"../../../Engine/Plugins/Interchange/Assets/Content/gltf/M_ClearCoat.uasset" 1810
"../../../Engine/Plugins/Interchange/Assets/Content/gltf/M_ClearCoat.uexp" 1811
"../../../Engine/Plugins/Interchange/Assets/Content/gltf/MaterialInstances/MI_ClearCoat_Opaque_DS.uasset" 1812
"../../../Engine/Plugins/Interchange/Assets/Content/gltf/MaterialInstances/MI_ClearCoat_Opaque_DS.uexp" 1813
"../../../Engine/Plugins/Interchange/Assets/Content/gltf/MaterialInstances/MI_ClearCoat_Opaque.uasset" 1814
"../../../Engine/Plugins/Interchange/Assets/Content/gltf/MaterialInstances/MI_ClearCoat_Opaque.uexp" 1815
"../../../Engine/Plugins/Interchange/Assets/Content/gltf/MaterialInstances/MI_ClearCoat_Mask_DS.uasset" 1816
"../../../Engine/Plugins/Interchange/Assets/Content/gltf/MaterialInstances/MI_ClearCoat_Mask_DS.uexp" 1817
"../../../Engine/Plugins/Interchange/Assets/Content/gltf/MaterialInstances/MI_ClearCoat_Mask.uasset" 1818
"../../../Engine/Plugins/Interchange/Assets/Content/gltf/MaterialInstances/MI_ClearCoat_Mask.uexp" 1819
"../../../Engine/Plugins/Interchange/Assets/Content/gltf/MaterialInstances/MI_ClearCoat_Blend_DS.uasset" 1820
"../../../Engine/Plugins/Interchange/Assets/Content/gltf/MaterialInstances/MI_ClearCoat_Blend_DS.uexp" 1821
"../../../Engine/Plugins/Interchange/Assets/Content/gltf/MaterialInstances/MI_ClearCoat_Blend.uasset" 1822
"../../../Engine/Plugins/Interchange/Assets/Content/gltf/MaterialInstances/MI_ClearCoat_Blend.uexp" 1823
"../../../Engine/Content/VREditor/TransformGizmo/Main.uasset" 1824
"../../../Engine/Content/VREditor/TransformGizmo/Main.uexp" 1825
"../../../Engine/Content/VREditor/TransformGizmo/Xray.uasset" 1826
"../../../Engine/Content/VREditor/TransformGizmo/Xray.uexp" 1827
"../../../Engine/Content/VREditor/TransformGizmo/SM_Sequencer_Node.uasset" 1828
"../../../Engine/Content/VREditor/TransformGizmo/SM_Sequencer_Node.uexp" 1829
"../../../Engine/Content/VREditor/LaserPointer/VR_LaserPower_01.uasset" 1830
"../../../Engine/Content/VREditor/LaserPointer/VR_LaserPower_01.uexp" 1831
"../../../Engine/Content/VREditor/TransformGizmo/TransformGizmoMaterial.uasset" 1832
"../../../Engine/Content/VREditor/TransformGizmo/TransformGizmoMaterial.uexp" 1833
"../../../Engine/Content/VREditor/TransformGizmo/TranslucentTransformGizmoMaterial.uasset" 1834
"../../../Engine/Content/VREditor/TransformGizmo/TranslucentTransformGizmoMaterial.uexp" 1835
"../../../Engine/Content/VREditor/TransformGizmo/BoundingBoxEdge.uasset" 1836
"../../../Engine/Content/VREditor/TransformGizmo/BoundingBoxEdge.uexp" 1837
"../../../Engine/Content/VREditor/TransformGizmo/BoundingBoxCorner.uasset" 1838
"../../../Engine/Content/VREditor/TransformGizmo/BoundingBoxCorner.uexp" 1839
"../../../Engine/Content/EngineSky/VolumetricClouds/T_CloudMask.uasset" 1840
"../../../Engine/Content/EngineSky/VolumetricClouds/T_CloudMask.uexp" 1841
"../../../Engine/Content/EngineSky/VolumetricClouds/VT_Lightning.uasset" 1842
"../../../Engine/Content/EngineSky/VolumetricClouds/VT_Lightning.uexp" 1843
"../../../Engine/Content/EngineSky/VolumetricClouds/T_Profile_08.uasset" 1844
"../../../Engine/Content/EngineSky/VolumetricClouds/T_Profile_08.uexp" 1845
"../../../Engine/Content/Functions/Engine_MaterialFunctions02/Utility/MakeFloat4.uasset" 1846
"../../../Engine/Content/Functions/Engine_MaterialFunctions02/Utility/MakeFloat4.uexp" 1847
"../../../Engine/Content/Functions/Engine_MaterialFunctions01/Units/Km-to-Cm.uasset" 1848
"../../../Engine/Content/Functions/Engine_MaterialFunctions01/Units/Km-to-Cm.uexp" 1849
"../../../Engine/Content/Functions/Engine_MaterialFunctions02/Utility/BreakOutFloat4Components.uasset" 1850
"../../../Engine/Content/Functions/Engine_MaterialFunctions02/Utility/BreakOutFloat4Components.uexp" 1851
"../../../Engine/Content/EngineSky/VolumetricClouds/T_CloudPattern.uasset" 1852
"../../../Engine/Content/EngineSky/VolumetricClouds/T_CloudPattern.uexp" 1853
"../../../Engine/Content/EngineSky/VolumetricClouds/VT_PerlinWorley_Balanced.uasset" 1854
"../../../Engine/Content/EngineSky/VolumetricClouds/VT_PerlinWorley_Balanced.uexp" 1855
"../../../Engine/Content/EngineSky/VolumetricClouds/m_SimpleVolumetricCloud.uasset" 1856
"../../../Engine/Content/EngineSky/VolumetricClouds/m_SimpleVolumetricCloud.uexp" 1857
"../../../Engine/Content/EngineSky/VolumetricClouds/m_SimpleVolumetricCloud_Inst.uasset" 1858
"../../../Engine/Content/EngineSky/VolumetricClouds/m_SimpleVolumetricCloud_Inst.uexp" 1859
"../../../Engine/Content/EditorMaterials/Camera/CineMat.uasset" 1860
"../../../Engine/Content/EditorMaterials/Camera/CineMat.uexp" 1861
"../../../Engine/Content/EditorMaterials/Camera/MI_CineMat_Rig.uasset" 1862
"../../../Engine/Content/EditorMaterials/Camera/MI_CineMat_Rig.uexp" 1863
"../../../Engine/Content/EditorMeshes/Camera/SM_RailRig_Track.uasset" 1864
"../../../Engine/Content/EditorMeshes/Camera/SM_RailRig_Track.uexp" 1865
"../../../Engine/Content/EditorMeshes/Camera/SM_RailRig_Mount.uasset" 1866
"../../../Engine/Content/EditorMeshes/Camera/SM_RailRig_Mount.uexp" 1867
"../../../Engine/Content/EditorMeshes/Camera/SM_CraneRig_Mount.uasset" 1868
"../../../Engine/Content/EditorMeshes/Camera/SM_CraneRig_Mount.uexp" 1869
"../../../Engine/Content/EditorMeshes/Camera/SM_CraneRig_Body.uasset" 1870
"../../../Engine/Content/EditorMeshes/Camera/SM_CraneRig_Body.uexp" 1871
"../../../Engine/Content/EditorMeshes/Camera/SM_CraneRig_Base.uasset" 1872
"../../../Engine/Content/EditorMeshes/Camera/SM_CraneRig_Base.uexp" 1873
"../../../Engine/Content/EditorMeshes/Camera/SM_CraneRig_Arm.uasset" 1874
"../../../Engine/Content/EditorMeshes/Camera/SM_CraneRig_Arm.uexp" 1875
"F:/unreal/DedicatedProject/Content/Fab/SciFi_ToiletMech/Animation/Anim_SciFi_ToiletMech_Attack4.uasset" 1876
"F:/unreal/DedicatedProject/Content/Fab/SciFi_ToiletMech/Animation/Anim_SciFi_ToiletMech_Attack4.uexp" 1877
"F:/unreal/DedicatedProject/Content/Fab/SciFi_ToiletMech/Animation/Anim_SciFi_ToiletMech_Attack1.uasset" 1878
"F:/unreal/DedicatedProject/Content/Fab/SciFi_ToiletMech/Animation/Anim_SciFi_ToiletMech_Attack1.uexp" 1879
"F:/unreal/DedicatedProject/Content/Fab/SciFi_ToiletMech/Animation/Anim_SciFi_ToiletMech_Attack5.uasset" 1880
"F:/unreal/DedicatedProject/Content/Fab/SciFi_ToiletMech/Animation/Anim_SciFi_ToiletMech_Attack5.uexp" 1881
"F:/unreal/DedicatedProject/Content/Fab/SciFi_ToiletMech/Animation/SKEL_SciFi_ToiletMech_Skeleton_Montage.uasset" 1882
"F:/unreal/DedicatedProject/Content/Fab/SciFi_ToiletMech/Animation/SKEL_SciFi_ToiletMech_Skeleton_Montage.uexp" 1883
"../../../Engine/Content/EngineMaterials/Substrate/GLints2/AGlintTex2dArray2.uasset" 1884
"../../../Engine/Content/EngineMaterials/Substrate/GLints2/AGlintTex2dArray2.uexp" 1885
"../../../Engine/Content/EngineMaterials/Substrate/GLints/AGlintTex2dArray.uasset" 1886
"../../../Engine/Content/EngineMaterials/Substrate/GLints/AGlintTex2dArray.uexp" 1887
"../../../Engine/Content/ArtTools/RenderToTexture/Meshes/S_1_Unit_Plane.uasset" 1888
"../../../Engine/Content/ArtTools/RenderToTexture/Meshes/S_1_Unit_Plane.uexp" 1889
"F:/unreal/DedicatedProject/Content/Fab/SciFi_ToiletMech/Mesh/Phy_SciFi_ToiletMech_PhysicsAsset.uasset" 1890
"F:/unreal/DedicatedProject/Content/Fab/SciFi_ToiletMech/Mesh/Phy_SciFi_ToiletMech_PhysicsAsset.uexp" 1891
"F:/unreal/DedicatedProject/Content/Fab/SciFi_ToiletMech/Texture/Skin4/T_SciFi_ToiletMech_Body_Emissive_Skin4.uasset" 1892
"F:/unreal/DedicatedProject/Content/Fab/SciFi_ToiletMech/Texture/Skin4/T_SciFi_ToiletMech_Body_Emissive_Skin4.uexp" 1893
"F:/unreal/DedicatedProject/Content/Fab/SciFi_ToiletMech/Texture/Skin4/T_SciFi_ToiletMech_Body_BaseColor_Skin4.uasset" 1894
"F:/unreal/DedicatedProject/Content/Fab/SciFi_ToiletMech/Texture/Skin4/T_SciFi_ToiletMech_Body_BaseColor_Skin4.uexp" 1895
"F:/unreal/DedicatedProject/Content/Fab/SciFi_ToiletMech/Texture/Skin1/T_SciFi_ToiletMech_Body_Normal_Skin1.uasset" 1896
"F:/unreal/DedicatedProject/Content/Fab/SciFi_ToiletMech/Texture/Skin1/T_SciFi_ToiletMech_Body_Normal_Skin1.uexp" 1897
"F:/unreal/DedicatedProject/Content/Fab/SciFi_ToiletMech/Texture/Skin1/T_SciFi_ToiletMech_Body_AO_Skin1.uasset" 1898
"F:/unreal/DedicatedProject/Content/Fab/SciFi_ToiletMech/Texture/Skin1/T_SciFi_ToiletMech_Body_AO_Skin1.uexp" 1899
"F:/unreal/DedicatedProject/Content/Fab/SciFi_ToiletMech/Texture/Skin4/T_SciFi_ToiletMech_Body_MetallRough_Skin4.uasset" 1900
"F:/unreal/DedicatedProject/Content/Fab/SciFi_ToiletMech/Texture/Skin4/T_SciFi_ToiletMech_Body_MetallRough_Skin4.uexp" 1901
"F:/unreal/DedicatedProject/Content/Fab/SciFi_ToiletMech/Materials/M_SciFi_ToiletMech_Body_Skin4.uasset" 1902
"F:/unreal/DedicatedProject/Content/Fab/SciFi_ToiletMech/Materials/M_SciFi_ToiletMech_Body_Skin4.uexp" 1903
"F:/unreal/DedicatedProject/Content/Fab/SciFi_ToiletMech/Materials/MI_SciFi_ToiletMech_Body_Skin4_Inst.uasset" 1904
"F:/unreal/DedicatedProject/Content/Fab/SciFi_ToiletMech/Materials/MI_SciFi_ToiletMech_Body_Skin4_Inst.uexp" 1905
"F:/unreal/DedicatedProject/Content/Fab/SciFi_ToiletMech/Texture/Skin4/T_SciFi_ToiletMech_Toilet_Emissive_Skin4.uasset" 1906
"F:/unreal/DedicatedProject/Content/Fab/SciFi_ToiletMech/Texture/Skin4/T_SciFi_ToiletMech_Toilet_Emissive_Skin4.uexp" 1907
"F:/unreal/DedicatedProject/Content/Fab/SciFi_ToiletMech/Texture/Skin4/T_SciFi_ToiletMech_Toilet_BaseColor_Skin4.uasset" 1908
"F:/unreal/DedicatedProject/Content/Fab/SciFi_ToiletMech/Texture/Skin4/T_SciFi_ToiletMech_Toilet_BaseColor_Skin4.uexp" 1909
"F:/unreal/DedicatedProject/Content/Fab/SciFi_ToiletMech/Texture/Skin1/T_SciFi_ToiletMech_Toilet_AO_Skin1.uasset" 1910
"F:/unreal/DedicatedProject/Content/Fab/SciFi_ToiletMech/Texture/Skin1/T_SciFi_ToiletMech_Toilet_AO_Skin1.uexp" 1911
"F:/unreal/DedicatedProject/Content/Fab/SciFi_ToiletMech/Texture/Skin4/T_SciFi_ToiletMech_Toilet_MetallRough_Skin4.uasset" 1912
"F:/unreal/DedicatedProject/Content/Fab/SciFi_ToiletMech/Texture/Skin4/T_SciFi_ToiletMech_Toilet_MetallRough_Skin4.uexp" 1913
"F:/unreal/DedicatedProject/Content/Fab/SciFi_ToiletMech/Texture/Skin1/T_SciFi_ToiletMech_Toilet_Normal_Skin1.uasset" 1914
"F:/unreal/DedicatedProject/Content/Fab/SciFi_ToiletMech/Texture/Skin1/T_SciFi_ToiletMech_Toilet_Normal_Skin1.uexp" 1915
"F:/unreal/DedicatedProject/Content/Fab/SciFi_ToiletMech/Materials/M_SciFi_ToiletMech_Toilet_Skin4.uasset" 1916
"F:/unreal/DedicatedProject/Content/Fab/SciFi_ToiletMech/Materials/M_SciFi_ToiletMech_Toilet_Skin4.uexp" 1917
"F:/unreal/DedicatedProject/Content/Fab/SciFi_ToiletMech/Materials/MI_SciFi_ToiletMech_Toilet_Skin4_Inst.uasset" 1918
"F:/unreal/DedicatedProject/Content/Fab/SciFi_ToiletMech/Materials/MI_SciFi_ToiletMech_Toilet_Skin4_Inst.uexp" 1919
"F:/unreal/DedicatedProject/Content/Fab/SciFi_ToiletMech/Mesh/SK_SciFi_ToiletMech_Skin4.uasset" 1920
"F:/unreal/DedicatedProject/Content/Fab/SciFi_ToiletMech/Mesh/SK_SciFi_ToiletMech_Skin4.uexp" 1921
"../../../Engine/Plugins/NNE/NNEDenoiser/Content/NNE_oidn2-3-0_rt_hdr_calb_cnrm_large__dyn__fp16_opset11_ForwardAlpha.uasset" 1922
"../../../Engine/Plugins/NNE/NNEDenoiser/Content/NNE_oidn2-3-0_rt_hdr_calb_cnrm_large__dyn__fp16_opset11_ForwardAlpha.uexp" 1923
"../../../Engine/Plugins/NNE/NNEDenoiser/Content/NNE_oidn2-3-0_rt_hdr_calb_cnrm_large__dyn__fp16_opset11_DenoiseAlpha.uasset" 1924
"../../../Engine/Plugins/NNE/NNEDenoiser/Content/NNE_oidn2-3-0_rt_hdr_calb_cnrm_large__dyn__fp16_opset11_DenoiseAlpha.uexp" 1925
"../../../Engine/Plugins/NNE/NNEDenoiser/Content/NNE_oidn2-3-0_rt_hdr_alb_nrm__dyn__fp16_opset11_ForwardAlpha.uasset" 1926
"../../../Engine/Plugins/NNE/NNEDenoiser/Content/NNE_oidn2-3-0_rt_hdr_alb_nrm__dyn__fp16_opset11_ForwardAlpha.uexp" 1927
"../../../Engine/Plugins/NNE/NNEDenoiser/Content/NNE_oidn2-3-0_rt_hdr_alb_nrm__dyn__fp16_opset11_DenoiseAlpha.uasset" 1928
"../../../Engine/Plugins/NNE/NNEDenoiser/Content/NNE_oidn2-3-0_rt_hdr_alb_nrm__dyn__fp16_opset11_DenoiseAlpha.uexp" 1929
"../../../Engine/Plugins/NNE/NNEDenoiser/Content/NNE_oidn2-3-0_rt_hdr_alb_nrm_small__dyn__fp16_opset11_ForwardAlpha.uasset" 1930
"../../../Engine/Plugins/NNE/NNEDenoiser/Content/NNE_oidn2-3-0_rt_hdr_alb_nrm_small__dyn__fp16_opset11_ForwardAlpha.uexp" 1931
"../../../Engine/Plugins/NNE/NNEDenoiser/Content/NNE_oidn2-3-0_rt_hdr_alb_nrm_small__dyn__fp16_opset11_DenoiseAlpha.uasset" 1932
"../../../Engine/Plugins/NNE/NNEDenoiser/Content/NNE_oidn2-3-0_rt_hdr_alb_nrm_small__dyn__fp16_opset11_DenoiseAlpha.uexp" 1933
"../../../Engine/Plugins/Animation/DeformerGraph/Content/Deformers/DG_LinearBlendSkin_Morph_Cloth_RecomputeNormals.uasset" 1934
"../../../Engine/Plugins/Animation/DeformerGraph/Content/Deformers/DG_LinearBlendSkin_Morph_Cloth_RecomputeNormals.uexp" 1935
"../../../Engine/Plugins/Animation/DeformerGraph/Content/Deformers/DG_LinearBlendSkin_Morph_Cloth.uasset" 1936
"../../../Engine/Plugins/Animation/DeformerGraph/Content/Deformers/DG_LinearBlendSkin_Morph_Cloth.uexp" 1937
"../../../Engine/Plugins/Animation/DeformerGraph/Content/DeformerFunctions/DG_Function_LinearBlendSkin_Morph_Cloth_PositionOnly.uasset" 1938
"../../../Engine/Plugins/Animation/DeformerGraph/Content/DeformerFunctions/DG_Function_LinearBlendSkin_Morph_Cloth_PositionOnly.uexp" 1939
"../../../Engine/Plugins/Animation/DeformerGraph/Content/DeformerFunctions/DG_Function_LinearBlendSkin_Morph_Cloth.uasset" 1940
"../../../Engine/Plugins/Animation/DeformerGraph/Content/DeformerFunctions/DG_Function_LinearBlendSkin_Morph_Cloth.uexp" 1941
"../../../Engine/Plugins/Animation/DeformerGraph/Content/DeformerFunctions/DG_Function_ComputeNormalsTangents.uasset" 1942
"../../../Engine/Plugins/Animation/DeformerGraph/Content/DeformerFunctions/DG_Function_ComputeNormalsTangents.uexp" 1943
"../../../Engine/Content/VREditor/TransformGizmo/StartRotationHandleIndicator.uasset" 1944
"../../../Engine/Content/VREditor/TransformGizmo/StartRotationHandleIndicator.uexp" 1945
"../../../Engine/Content/VREditor/Sounds/UI/Drop_Item_From_ContentBrowser.uasset" 1946
"../../../Engine/Content/VREditor/Sounds/UI/Drop_Item_From_ContentBrowser.uexp" 1947
"../../../Engine/Content/VREditor/TransformGizmo/PlaneTranslationHandle.uasset" 1948
"../../../Engine/Content/VREditor/TransformGizmo/PlaneTranslationHandle.uexp" 1949
"../../../Engine/Content/VREditor/Sounds/UI/Object_Snaps_To_Grid.uasset" 1950
"../../../Engine/Content/VREditor/Sounds/UI/Object_Snaps_To_Grid.uexp" 1951
"../../../Engine/Content/VREditor/Sounds/UI/Selection_Changes.uasset" 1952
"../../../Engine/Content/VREditor/Sounds/UI/Selection_Changes.uexp" 1953
"../../../Engine/Content/VREditor/Sounds/UI/Object_Snaps_To_Another_Actor.uasset" 1954
"../../../Engine/Content/VREditor/Sounds/UI/Object_Snaps_To_Another_Actor.uexp" 1955
"../../../Engine/Content/VREditor/TransformGizmo/TranslucentTransformGizmoMaterial_Inst.uasset" 1956
"../../../Engine/Content/VREditor/TransformGizmo/TranslucentTransformGizmoMaterial_Inst.uexp" 1957
"../../../Engine/Content/VREditor/TransformGizmo/TransformGizmoFreeRotation.uasset" 1958
"../../../Engine/Content/VREditor/TransformGizmo/TransformGizmoFreeRotation.uexp" 1959
"../../../Engine/Content/VREditor/Sounds/UI/Scaling_Down.uasset" 1960
"../../../Engine/Content/VREditor/Sounds/UI/Scaling_Down.uexp" 1961
"../../../Engine/Content/Functions/Engine_MaterialFunctions02/SplitComponents.uasset" 1962
"../../../Engine/Content/Functions/Engine_MaterialFunctions02/SplitComponents.uexp" 1963
"../../../Engine/Content/VREditor/SnapGrid/SnapGridMaterial.uasset" 1964
"../../../Engine/Content/VREditor/SnapGrid/SnapGridMaterial.uexp" 1965
"../../../Engine/Content/VREditor/SnapGrid/SnapGridPlaneMesh.uasset" 1966
"../../../Engine/Content/VREditor/SnapGrid/SnapGridPlaneMesh.uexp" 1967
"../../../Engine/Content/VREditor/Sounds/UI/Scaling_Up.uasset" 1968
"../../../Engine/Content/VREditor/Sounds/UI/Scaling_Up.uexp" 1969
"../../../Engine/Content/VREditor/TransformGizmo/TransformGizmoMaterial_Inst.uasset" 1970
"../../../Engine/Content/VREditor/TransformGizmo/TransformGizmoMaterial_Inst.uexp" 1971
"../../../Engine/Content/VREditor/Sounds/UI/Gizmo_Handle_Clicked.uasset" 1972
"../../../Engine/Content/VREditor/Sounds/UI/Gizmo_Handle_Clicked.uexp" 1973
"../../../Engine/Content/VREditor/TransformGizmo/RotationHandleQuarter.uasset" 1974
"../../../Engine/Content/VREditor/TransformGizmo/RotationHandleQuarter.uexp" 1975
"../../../Engine/Content/VREditor/TransformGizmo/TranslateArrowHandle.uasset" 1976
"../../../Engine/Content/VREditor/TransformGizmo/TranslateArrowHandle.uexp" 1977
"../../../Engine/Content/VREditor/TransformGizmo/RotationHandleIndicator.uasset" 1978
"../../../Engine/Content/VREditor/TransformGizmo/RotationHandleIndicator.uexp" 1979
"../../../Engine/Content/VREditor/TransformGizmo/UniformScaleHandle.uasset" 1980
"../../../Engine/Content/VREditor/TransformGizmo/UniformScaleHandle.uexp" 1981
"../../../Engine/Content/VREditor/TransformGizmo/RotationHandleFull.uasset" 1982
"../../../Engine/Content/VREditor/TransformGizmo/RotationHandleFull.uexp" 1983
"../../../Engine/Content/VREditor/Sounds/UI/Object_PickUp.uasset" 1984
"../../../Engine/Content/VREditor/Sounds/UI/Object_PickUp.uexp" 1985
"../../../Engine/Content/EngineResources/LandscapeVisibilityLayerInfo.uasset" 1986
"../../../Engine/Content/EngineResources/LandscapeVisibilityLayerInfo.uexp" 1987
"F:/unreal/DedicatedProject/Content/Characters/Mannequin_UE4/Textures/T_UELogo_N_TGA.uasset" 1988
"F:/unreal/DedicatedProject/Content/Characters/Mannequin_UE4/Textures/T_UELogo_N_TGA.uexp" 1989
"F:/unreal/DedicatedProject/Content/Characters/Mannequin_UE4/Textures/T_UE4_Mannequin__normals.uasset" 1990
"F:/unreal/DedicatedProject/Content/Characters/Mannequin_UE4/Textures/T_UE4_Mannequin__normals.uexp" 1991
"F:/unreal/DedicatedProject/Content/Characters/Mannequin_UE4/Materials/Layers/ML_ShinyPlastic_Beige.uasset" 1992
"F:/unreal/DedicatedProject/Content/Characters/Mannequin_UE4/Materials/Layers/ML_ShinyPlastic_Beige.uexp" 1993
"../../../Engine/Content/Functions/Engine_MaterialFunctions02/Utility/BlendAngleCorrectedNormals.uasset" 1994
"../../../Engine/Content/Functions/Engine_MaterialFunctions02/Utility/BlendAngleCorrectedNormals.uexp" 1995
"../../../Engine/Content/Functions/MaterialLayerFunctions/MatLayerBlend_NormalBlend.uasset" 1996
"../../../Engine/Content/Functions/MaterialLayerFunctions/MatLayerBlend_NormalBlend.uexp" 1997
"F:/unreal/DedicatedProject/Content/Characters/Mannequin_UE4/Textures/T_UELogo_Mask.uasset" 1998
"F:/unreal/DedicatedProject/Content/Characters/Mannequin_UE4/Textures/T_UELogo_Mask.uexp" 1999
"F:/unreal/DedicatedProject/Content/Characters/Mannequin_UE4/Materials/Layers/ML_ShinyPlastic_Beige_Logo.uasset" 2000
"F:/unreal/DedicatedProject/Content/Characters/Mannequin_UE4/Materials/Layers/ML_ShinyPlastic_Beige_Logo.uexp" 2001
"F:/unreal/DedicatedProject/Content/Characters/Mannequin_UE4/Textures/T_UE4_Mannequin_MAT_MASKA.uasset" 2002
"F:/unreal/DedicatedProject/Content/Characters/Mannequin_UE4/Textures/T_UE4_Mannequin_MAT_MASKA.uexp" 2003
"F:/unreal/DedicatedProject/Content/Characters/Mannequin_UE4/Textures/T_ML_Aluminum01_N.uasset" 2004
"F:/unreal/DedicatedProject/Content/Characters/Mannequin_UE4/Textures/T_ML_Aluminum01_N.uexp" 2005
"F:/unreal/DedicatedProject/Content/Characters/Mannequin_UE4/Textures/T_ML_Aluminum01.uasset" 2006
"F:/unreal/DedicatedProject/Content/Characters/Mannequin_UE4/Textures/T_ML_Aluminum01.uexp" 2007
"F:/unreal/DedicatedProject/Content/Characters/Mannequin_UE4/Materials/Layers/ML_SoftMetal.uasset" 2008
"F:/unreal/DedicatedProject/Content/Characters/Mannequin_UE4/Materials/Layers/ML_SoftMetal.uexp" 2009
"../../../Engine/Content/Functions/MaterialLayerFunctions/MatLayerBlend_Simple.uasset" 2010
"../../../Engine/Content/Functions/MaterialLayerFunctions/MatLayerBlend_Simple.uexp" 2011
"F:/unreal/DedicatedProject/Content/Characters/Mannequin_UE4/Textures/T_ML_Rubber_Blue_01_N.uasset" 2012
"F:/unreal/DedicatedProject/Content/Characters/Mannequin_UE4/Textures/T_ML_Rubber_Blue_01_N.uexp" 2013
"F:/unreal/DedicatedProject/Content/Characters/Mannequin_UE4/Textures/T_ML_Rubber_Blue_01_D.uasset" 2014
"F:/unreal/DedicatedProject/Content/Characters/Mannequin_UE4/Textures/T_ML_Rubber_Blue_01_D.uexp" 2015
"F:/unreal/DedicatedProject/Content/Characters/Mannequin_UE4/Materials/Layers/ML_Latex_Black.uasset" 2016
"F:/unreal/DedicatedProject/Content/Characters/Mannequin_UE4/Materials/Layers/ML_Latex_Black.uexp" 2017
"F:/unreal/DedicatedProject/Content/Characters/Mannequin_UE4/Materials/M_MannequinUE4_Body.uasset" 2018
"F:/unreal/DedicatedProject/Content/Characters/Mannequin_UE4/Materials/M_MannequinUE4_Body.uexp" 2019
"F:/unreal/DedicatedProject/Content/Characters/Mannequin_UE4/Materials/M_MannequinUE4_ChestLogo.uasset" 2020
"F:/unreal/DedicatedProject/Content/Characters/Mannequin_UE4/Materials/M_MannequinUE4_ChestLogo.uexp" 2021
"F:/unreal/DedicatedProject/Content/Characters/Mannequin_UE4/Meshes/SK_Mannequin_PhysicsAsset.uasset" 2022
"F:/unreal/DedicatedProject/Content/Characters/Mannequin_UE4/Meshes/SK_Mannequin_PhysicsAsset.uexp" 2023
"F:/unreal/DedicatedProject/Content/Characters/Mannequin_UE4/Meshes/SK_Mannequin.uasset" 2024
"F:/unreal/DedicatedProject/Content/Characters/Mannequin_UE4/Meshes/SK_Mannequin.uexp" 2025
"../../../Engine/Plugins/NNE/NNEDenoiser/Content/NNED_Oidn2-3_HighQuality_Alpha.uasset" 2026
"../../../Engine/Plugins/NNE/NNEDenoiser/Content/NNED_Oidn2-3_HighQuality_Alpha.uexp" 2027
"../../../Engine/Plugins/NNE/NNEDenoiser/Content/NNED_Oidn2-3_HighQuality.uasset" 2028
"../../../Engine/Plugins/NNE/NNEDenoiser/Content/NNED_Oidn2-3_HighQuality.uexp" 2029
"../../../Engine/Plugins/NNE/NNEDenoiser/Content/NNED_Oidn2-3_Fast_Alpha.uasset" 2030
"../../../Engine/Plugins/NNE/NNEDenoiser/Content/NNED_Oidn2-3_Fast_Alpha.uexp" 2031
"../../../Engine/Plugins/NNE/NNEDenoiser/Content/NNED_Oidn2-3_Fast.uasset" 2032
"../../../Engine/Plugins/NNE/NNEDenoiser/Content/NNED_Oidn2-3_Fast.uexp" 2033
"../../../Engine/Plugins/NNE/NNEDenoiser/Content/NNED_Oidn2-3_Balanced_Alpha.uasset" 2034
"../../../Engine/Plugins/NNE/NNEDenoiser/Content/NNED_Oidn2-3_Balanced_Alpha.uexp" 2035
"../../../Engine/Plugins/NNE/NNEDenoiser/Content/NNED_Oidn2-3_Balanced.uasset" 2036
"../../../Engine/Plugins/NNE/NNEDenoiser/Content/NNED_Oidn2-3_Balanced.uexp" 2037
"../../../Engine/Plugins/NNE/NNEDenoiser/Content/NNEDT_Oidn2-3_Balanced_Alpha.uasset" 2038
"../../../Engine/Plugins/NNE/NNEDenoiser/Content/NNEDT_Oidn2-3_Balanced_Alpha.uexp" 2039
"../../../Engine/Plugins/NNE/NNEDenoiser/Content/NNEDT_Oidn2-3_Balanced.uasset" 2040
"../../../Engine/Plugins/NNE/NNEDenoiser/Content/NNEDT_Oidn2-3_Balanced.uexp" 2041
"../../../Engine/Content/EngineMaterials/BlendFunc_DefBlend.uasset" 2042
"../../../Engine/Content/EngineMaterials/BlendFunc_DefBlend.uexp" 2043
"../../../Engine/Content/OpenWorldTemplate/LandscapeMaterial/T_GridChecker_A.uasset" 2044
"../../../Engine/Content/OpenWorldTemplate/LandscapeMaterial/T_GridChecker_A.uexp" 2045
"../../../Engine/Content/EngineMaterials/BlendFunc_DefBase.uasset" 2046
"../../../Engine/Content/EngineMaterials/BlendFunc_DefBase.uexp" 2047
"../../../Engine/Content/Functions/Engine_MaterialFunctions03/Blends/Blend_Overlay.uasset" 2048
"../../../Engine/Content/Functions/Engine_MaterialFunctions03/Blends/Blend_Overlay.uexp" 2049
"../../../Engine/Content/Functions/Engine_MaterialFunctions01/Gradient/LinearGradient.uasset" 2050
"../../../Engine/Content/Functions/Engine_MaterialFunctions01/Gradient/LinearGradient.uexp" 2051
"../../../Engine/Content/Functions/Engine_MaterialFunctions01/ImageAdjustment/CheapContrast.uasset" 2052
"../../../Engine/Content/Functions/Engine_MaterialFunctions01/ImageAdjustment/CheapContrast.uexp" 2053
"../../../Engine/Content/OpenWorldTemplate/LandscapeMaterial/MF_ProcGrid.uasset" 2054
"../../../Engine/Content/OpenWorldTemplate/LandscapeMaterial/MF_ProcGrid.uexp" 2055
"../../../Engine/Content/OpenWorldTemplate/LandscapeMaterial/M_ProcGrid.uasset" 2056
"../../../Engine/Content/OpenWorldTemplate/LandscapeMaterial/M_ProcGrid.uexp" 2057
"../../../Engine/Content/OpenWorldTemplate/LandscapeMaterial/MI_ProcGrid.uasset" 2058
"../../../Engine/Content/OpenWorldTemplate/LandscapeMaterial/MI_ProcGrid.uexp" 2059
"../../../Engine/Content/EngineSky/T_Sky_Stars.uasset" 2060
"../../../Engine/Content/EngineSky/T_Sky_Stars.uexp" 2061
"../../../Engine/Content/EngineSky/T_Sky_Clouds_M.uasset" 2062
"../../../Engine/Content/EngineSky/T_Sky_Clouds_M.uexp" 2063
"../../../Engine/Content/EngineSky/T_Sky_Blue.uasset" 2064
"../../../Engine/Content/EngineSky/T_Sky_Blue.uexp" 2065
"../../../Engine/Content/EngineSky/M_Sky_Panning_Clouds2.uasset" 2066
"../../../Engine/Content/EngineSky/M_Sky_Panning_Clouds2.uexp" 2067
"../../../Engine/Content/EngineSky/SM_SkySphere.uasset" 2068
"../../../Engine/Content/EngineSky/SM_SkySphere.uexp" 2069
"../../../Engine/Content/MapTemplates/SM_Template_Map_Floor.uasset" 2070
"../../../Engine/Content/MapTemplates/SM_Template_Map_Floor.uexp" 2071
"F:/unreal/DedicatedProject/Content/BluePrints/MainMenu/Widget/WB_SessionItemRenderer.uasset" 2072
"F:/unreal/DedicatedProject/Content/BluePrints/MainMenu/Widget/WB_SessionItemRenderer.uexp" 2073
"F:/unreal/DedicatedProject/Content/BluePrints/MainMenu/Widget/WB_FindSessions.uasset" 2074
"F:/unreal/DedicatedProject/Content/BluePrints/MainMenu/Widget/WB_FindSessions.uexp" 2075
"F:/unreal/DedicatedProject/Content/BluePrints/MainMenu/Widget/WB_CreateSession.uasset" 2076
"F:/unreal/DedicatedProject/Content/BluePrints/MainMenu/Widget/WB_CreateSession.uexp" 2077
"F:/unreal/DedicatedProject/Content/BluePrints/MainMenu/Widget/WB_MainMenu.uasset" 2078
"F:/unreal/DedicatedProject/Content/BluePrints/MainMenu/Widget/WB_MainMenu.uexp" 2079
"F:/unreal/DedicatedProject/Content/BluePrints/MainMenu/BP_MainMenuPawn.uasset" 2080
"F:/unreal/DedicatedProject/Content/BluePrints/MainMenu/BP_MainMenuPawn.uexp" 2081
"F:/unreal/DedicatedProject/Content/BluePrints/MainMenu/BP_MainMenuGameMode.uasset" 2082
"F:/unreal/DedicatedProject/Content/BluePrints/MainMenu/BP_MainMenuGameMode.uexp" 2083
"../../../Engine/Content/EngineSky/M_SimpleSkyDome.uasset" 2084
"../../../Engine/Content/EngineSky/M_SimpleSkyDome.uexp" 2085
"F:/unreal/DedicatedProject/Content/Maps/MainMenu.uexp" 2086
"F:/unreal/DedicatedProject/Content/Maps/MainMenu.umap" 2087
"../../../Engine/Content/BasicShapes/Cube.uasset" 2088
"../../../Engine/Content/BasicShapes/Cube.uexp" 2089
"F:/unreal/DedicatedProject/Content/BluePrints/BP_ToiletMech.uasset" 2090
"F:/unreal/DedicatedProject/Content/BluePrints/BP_ToiletMech.uexp" 2091
"F:/unreal/DedicatedProject/Content/Asset/SciFiCrates/Crates/Texture/T_Crates1_NRM.uasset" 2092
"F:/unreal/DedicatedProject/Content/Asset/SciFiCrates/Crates/Texture/T_Crates1_NRM.uexp" 2093
"F:/unreal/DedicatedProject/Content/Asset/SciFiCrates/Crates/Texture/T_Crates1_BC.uasset" 2094
"F:/unreal/DedicatedProject/Content/Asset/SciFiCrates/Crates/Texture/T_Crates1_BC.uexp" 2095
"F:/unreal/DedicatedProject/Content/Asset/SciFiCrates/Crates/Texture/T_Crates1_EMIS.uasset" 2096
"F:/unreal/DedicatedProject/Content/Asset/SciFiCrates/Crates/Texture/T_Crates1_EMIS.uexp" 2097
"F:/unreal/DedicatedProject/Content/Asset/SciFiCrates/Crates/Texture/T_Crates1_RAM.uasset" 2098
"F:/unreal/DedicatedProject/Content/Asset/SciFiCrates/Crates/Texture/T_Crates1_RAM.uexp" 2099
"F:/unreal/DedicatedProject/Content/Asset/SciFiCrates/Crates/Material/M_Crates_1.uasset" 2100
"F:/unreal/DedicatedProject/Content/Asset/SciFiCrates/Crates/Material/M_Crates_1.uexp" 2101
"F:/unreal/DedicatedProject/Content/Asset/SciFiCrates/Crates/Mesh/SM_Barrel_V1.uasset" 2102
"F:/unreal/DedicatedProject/Content/Asset/SciFiCrates/Crates/Mesh/SM_Barrel_V1.uexp" 2103
"F:/unreal/DedicatedProject/Content/BluePrints/BP_TestItem.uasset" 2104
"F:/unreal/DedicatedProject/Content/BluePrints/BP_TestItem.uexp" 2105
"F:/unreal/DedicatedProject/Content/Maps/ServerEntry1.uexp" 2106
"F:/unreal/DedicatedProject/Content/Maps/ServerEntry1.umap" 2107
